image_path,image_name,image_hash
/home/l2e_ayd/cocoa_research/data/raw/roboflow_cocoa/train/images/0015E7B1-04B9-4F13-9CB8-C3B42847A430-0_14_3_jpeg.rf.4d850a2b1e49569aa2e2813a64ae14d5.jpg,0015E7B1-04B9-4F13-9CB8-C3B42847A430-0_14_3_jpeg.rf.4d850a2b1e49569aa2e2813a64ae14d5.jpg,854aee149a41886097c06229715a4c72b032ebb3bdd3503bb8267983b63ae99b
/home/l2e_ayd/cocoa_research/data/raw/roboflow_cocoa/train/images/0028A00C-B80C-4CD8-91FC-2CEE6DE3AD14-0_4_50-1-_jpeg.rf.afbac2eeef5829111cfbb10ae23fd676.jpg,0028A00C-B80C-4CD8-91FC-2CEE6DE3AD14-0_4_50-1-_jpeg.rf.afbac2eeef5829111cfbb10ae23fd676.jpg,7426f30e953212000fb2a99b874f6d5fde7bcaaec7bbacd6034acf89bc21bbc8
/home/l2e_ayd/cocoa_research/data/raw/roboflow_cocoa/train/images/002DA46A-ABA7-4CBC-B748-262827ED0FA7-0_4_42-1-_jpeg.rf.ee1d3b2c37333d2abc09f6146c8aaeaa.jpg,002DA46A-ABA7-4CBC-B748-262827ED0FA7-0_4_42-1-_jpeg.rf.ee1d3b2c37333d2abc09f6146c8aaeaa.jpg,3b04438b149c5ecba8c28b9c3508a1907716f47678bfec70c73bf42865460e9a
/home/l2e_ayd/cocoa_research/data/raw/roboflow_cocoa/train/images/0048E6E3-926E-4D08-A4A9-AF3CC8CD0C3E-23_2_21_jpeg.rf.2b842fe52882856d7664f1da3406cf1f.jpg,0048E6E3-926E-4D08-A4A9-AF3CC8CD0C3E-23_2_21_jpeg.rf.2b842fe52882856d7664f1da3406cf1f.jpg,88ee6559afd9b45a495837998685a59103fb88c05d98e8370416ba9d37d910de
/home/l2e_ayd/cocoa_research/data/raw/roboflow_cocoa/train/images/005CEB1E-7738-464A-AA82-E91A5401507F-22_18_1_jpeg.rf.93d6ed09e0800e4e249c8fa2bfb5dd95.jpg,005CEB1E-7738-464A-AA82-E91A5401507F-22_18_1_jpeg.rf.93d6ed09e0800e4e249c8fa2bfb5dd95.jpg,8bdba5065b91794271f03461204278950946cce3a5cf3298419be8e2ae8d1358
/home/l2e_ayd/cocoa_research/data/raw/roboflow_cocoa/train/images/00890C00-8CBD-45E0-A50A-B7F32CD0F395-19_27_23_jpeg.rf.e331a31871bd9d2d73769f2276e14c8f.jpg,00890C00-8CBD-45E0-A50A-B7F32CD0F395-19_27_23_jpeg.rf.e331a31871bd9d2d73769f2276e14c8f.jpg,05c6b1940ba825625603a438ab154e6a6d6686dbaaade1def90950331fb32668
/home/l2e_ayd/cocoa_research/data/raw/roboflow_cocoa/train/images/00CA2862-C373-4882-A826-104812903131-22_21_7_jpeg.rf.33eb033d4179853d965f2752922b6981.jpg,00CA2862-C373-4882-A826-104812903131-22_21_7_jpeg.rf.33eb033d4179853d965f2752922b6981.jpg,e1bae8b2063164805c05e59962f9246486a22afedec0cc2f4740240e5ffb6d74
/home/l2e_ayd/cocoa_research/data/raw/roboflow_cocoa/train/images/00E10C40-6486-4503-B810-CD4147E7F027-22_12_34_jpeg.rf.3e1696ddeccfa9bfa7cddc8de330ef09.jpg,00E10C40-6486-4503-B810-CD4147E7F027-22_12_34_jpeg.rf.3e1696ddeccfa9bfa7cddc8de330ef09.jpg,54386a803a4c74a0919f88528ee44a672406eb95cf7b3109ec94e64a4bca599c
/home/l2e_ayd/cocoa_research/data/raw/roboflow_cocoa/train/images/017FFA70-0936-4F8A-9499-13D0816C95C7-19_3_13_jpeg.rf.c09bd92b8e59bad05b2c36a738eaf7cd.jpg,017FFA70-0936-4F8A-9499-13D0816C95C7-19_3_13_jpeg.rf.c09bd92b8e59bad05b2c36a738eaf7cd.jpg,16a942c2b508ab74c82e65dc11c134ae54160c909de9150b463d0845d463747c
/home/l2e_ayd/cocoa_research/data/raw/roboflow_cocoa/train/images/01E24F29-A4E4-4CD1-8010-3BEFE2DE25C6-0_38_12_jpeg.rf.6abd69b5cfb4a3db3e17564572bda090.jpg,01E24F29-A4E4-4CD1-8010-3BEFE2DE25C6-0_38_12_jpeg.rf.6abd69b5cfb4a3db3e17564572bda090.jpg,48c4bcb2fbddb7311058876edf1d43ec72bd91bdc4a8e54228837c0182d0036c
/home/l2e_ayd/cocoa_research/data/raw/roboflow_cocoa/train/images/01F1BF7D-DFC3-4432-8DB6-7B9252C911ED-23_11_21_jpeg.rf.73cf941bced818e7ac11167e76ef9df5.jpg,01F1BF7D-DFC3-4432-8DB6-7B9252C911ED-23_11_21_jpeg.rf.73cf941bced818e7ac11167e76ef9df5.jpg,14e34a25ec98a64201a77778fe02ca3bddfadf6c1946f1ae2aeceef986fa30fa
/home/l2e_ayd/cocoa_research/data/raw/roboflow_cocoa/train/images/02185358-5DC1-4A21-A785-F1F0810BCC7A-22_36_19_jpeg.rf.a99d1560f98a477ea4a9c3c5f8e6e69a.jpg,02185358-5DC1-4A21-A785-F1F0810BCC7A-22_36_19_jpeg.rf.a99d1560f98a477ea4a9c3c5f8e6e69a.jpg,5c77af49d6c193d50ddfdb9402bc771730a77960a829bde2c044f24afc1f9287
/home/l2e_ayd/cocoa_research/data/raw/roboflow_cocoa/train/images/02279D25-3CD0-4B44-809D-5CE630507744-23_24_11_jpeg.rf.dee8f1d890e1697b7413e063490441f5.jpg,02279D25-3CD0-4B44-809D-5CE630507744-23_24_11_jpeg.rf.dee8f1d890e1697b7413e063490441f5.jpg,7f140aeb89a9a01b47b0ec6eaa1b5e786061f232caabaca8b7593e195179608c
/home/l2e_ayd/cocoa_research/data/raw/roboflow_cocoa/train/images/0285B4BE-98AC-4D8C-B3D7-15822271FA09-0_41_39_jpeg.rf.512cfa9f243eece7bbdbfaf64d2e5a1a.jpg,0285B4BE-98AC-4D8C-B3D7-15822271FA09-0_41_39_jpeg.rf.512cfa9f243eece7bbdbfaf64d2e5a1a.jpg,7c88c8ac78dd83db94d7c63b0d8fae3ad54bc5c1a609306454066625ba52feaf
/home/l2e_ayd/cocoa_research/data/raw/roboflow_cocoa/train/images/02F56EF7-FD35-4D59-8005-576A7601507D-1_8_32_jpeg.rf.daa486e20e3a3e33cb41f2983bd4a4b9.jpg,02F56EF7-FD35-4D59-8005-576A7601507D-1_8_32_jpeg.rf.daa486e20e3a3e33cb41f2983bd4a4b9.jpg,212b9e27bcef843f5b3243004194d90b82260c74f63eadb0a973778581494790
/home/l2e_ayd/cocoa_research/data/raw/roboflow_cocoa/train/images/0455FC79-88F3-4774-9802-EA0BFA08F8EC-19_21_40_jpeg.rf.61aecbf35b8aedb4f6aa3e3455a667d1.jpg,0455FC79-88F3-4774-9802-EA0BFA08F8EC-19_21_40_jpeg.rf.61aecbf35b8aedb4f6aa3e3455a667d1.jpg,5bb6b80f9540e2433cc0d1d408f732e294b46224116deab65f6b90704f2b9fe9
/home/l2e_ayd/cocoa_research/data/raw/roboflow_cocoa/train/images/0468C890-7E29-4DA4-9A30-D3BD2BFA9F14-0_2_58_jpeg.rf.75fa0f7e16c6c67b267cea192c6ebf9c.jpg,0468C890-7E29-4DA4-9A30-D3BD2BFA9F14-0_2_58_jpeg.rf.75fa0f7e16c6c67b267cea192c6ebf9c.jpg,01b85cc224f054059d3fcd2a1a0149af61c8bb82fc62ba7e113ad7c109875a16
/home/l2e_ayd/cocoa_research/data/raw/roboflow_cocoa/train/images/04FABF5E-3206-4708-8926-B4B77AEDA599-0_42_1_jpeg.rf.896cb56173ebfc5d0765c6ddcbf56f91.jpg,04FABF5E-3206-4708-8926-B4B77AEDA599-0_42_1_jpeg.rf.896cb56173ebfc5d0765c6ddcbf56f91.jpg,e32f8b839f6a2a0c66744db71418a61c6e98e61964f9fc1266dc2c4f1b23bdc2
/home/l2e_ayd/cocoa_research/data/raw/roboflow_cocoa/train/images/05572564-B657-4409-9B92-A1FCFEAE64E9-9_56_26_jpeg.rf.773053b5248aefd4d9eff162c306b414.jpg,05572564-B657-4409-9B92-A1FCFEAE64E9-9_56_26_jpeg.rf.773053b5248aefd4d9eff162c306b414.jpg,aa047f2b31e4393dc56a2c18ef9ea594b79b7059c41ffbdbebc6a9222498c964
/home/l2e_ayd/cocoa_research/data/raw/roboflow_cocoa/train/images/055C1537-2F00-4BF0-913F-B25AFF27DC6C-0_55_34_jpeg.rf.9c83c0ec5c9c6275120c2158f0a32851.jpg,055C1537-2F00-4BF0-913F-B25AFF27DC6C-0_55_34_jpeg.rf.9c83c0ec5c9c6275120c2158f0a32851.jpg,83551c76ed94bf91c37dfa363fd894fac4a8cabb25c7a459d2e573f76213d9fc
/home/l2e_ayd/cocoa_research/data/raw/roboflow_cocoa/train/images/057C9000-8958-4FF0-B4A2-755257188C1D-12_31_24_jpeg.rf.99643766012b859c047f5b1a64144fdd.jpg,057C9000-8958-4FF0-B4A2-755257188C1D-12_31_24_jpeg.rf.99643766012b859c047f5b1a64144fdd.jpg,3443d3f09d0b159402b214016fd300dfec1f8f71f8ee93b0718c995def8db8f7
/home/l2e_ayd/cocoa_research/data/raw/roboflow_cocoa/train/images/05C8FE64-3820-4334-9193-47DE2C0FA9C5-19_30_11_jpeg.rf.66297653efe7d6acaab0984d2a700f61.jpg,05C8FE64-3820-4334-9193-47DE2C0FA9C5-19_30_11_jpeg.rf.66297653efe7d6acaab0984d2a700f61.jpg,581b2cad702dc7195852da99ef5dff23cb29da8661756c3a874e3ab5097ac2c4
/home/l2e_ayd/cocoa_research/data/raw/roboflow_cocoa/train/images/05E6FE1D-2B86-4B75-8F5C-E71AA85EF347-0_39_3_jpeg.rf.b77d7cb05f078868bd21a84e8c242388.jpg,05E6FE1D-2B86-4B75-8F5C-E71AA85EF347-0_39_3_jpeg.rf.b77d7cb05f078868bd21a84e8c242388.jpg,17ec223a6bffbf287cbe30eceb8ec2e37a13dd72c52083f75c551c298afbc9cb
/home/l2e_ayd/cocoa_research/data/raw/roboflow_cocoa/train/images/05F22AE6-A26B-451C-8533-05121DD8E7CC-0_10_30_jpeg.rf.4fcaa8fa0c601c8701d92579ef62cf22.jpg,05F22AE6-A26B-451C-8533-05121DD8E7CC-0_10_30_jpeg.rf.4fcaa8fa0c601c8701d92579ef62cf22.jpg,b928be4878b9ca43399c6c2416ce2482ed9bc93ac562c6ca74d9ebb2c0a8f082
/home/l2e_ayd/cocoa_research/data/raw/roboflow_cocoa/train/images/068667C2-B98C-4F26-889F-E5FAF4A4AF93-23_9_42_jpeg.rf.a76fb6c7b0e3cd1b2e40a864a0c93690.jpg,068667C2-B98C-4F26-889F-E5FAF4A4AF93-23_9_42_jpeg.rf.a76fb6c7b0e3cd1b2e40a864a0c93690.jpg,4cfa6c3594db8cb8a6a38b06c56c992f5e64dae1507c3bd8cf3b09214ed772f7
/home/l2e_ayd/cocoa_research/data/raw/roboflow_cocoa/train/images/06BC8888-4213-4230-A2A6-ADAD8520F485-22_15_50_jpeg.rf.806338117016e63d3ee83a973fab5410.jpg,06BC8888-4213-4230-A2A6-ADAD8520F485-22_15_50_jpeg.rf.806338117016e63d3ee83a973fab5410.jpg,e514fdacc651ba0d7d44e8fc8e9eb36c00501dabd9d6d9ba419ffac31acdd5bf
/home/l2e_ayd/cocoa_research/data/raw/roboflow_cocoa/train/images/06D69ACB-87B3-4A08-8C36-339760F737A2-1_9_23_jpeg.rf.96d2b5edf5e171df6080d03296c3ba5d.jpg,06D69ACB-87B3-4A08-8C36-339760F737A2-1_9_23_jpeg.rf.96d2b5edf5e171df6080d03296c3ba5d.jpg,4ac2a3eef74b849a1acd05b3828b86064d5eadbdb39dae9f9d5bd9231d615ff4
/home/l2e_ayd/cocoa_research/data/raw/roboflow_cocoa/train/images/06EDA159-9F8D-4721-9AB2-D7F9674DAB44-22_24_33_jpeg.rf.784eed63cad57983869d2680fc299d36.jpg,06EDA159-9F8D-4721-9AB2-D7F9674DAB44-22_24_33_jpeg.rf.784eed63cad57983869d2680fc299d36.jpg,ca0e0c6e23f0dd0fe833ed3aeb0ae56d3556658d7d261c8430ac7ae41383d885
/home/l2e_ayd/cocoa_research/data/raw/roboflow_cocoa/train/images/0736D340-822B-46BF-AE79-CB2E88877385-23_46_33_jpeg.rf.4e0856e5238be77984cfb297f54f47ba.jpg,0736D340-822B-46BF-AE79-CB2E88877385-23_46_33_jpeg.rf.4e0856e5238be77984cfb297f54f47ba.jpg,3669bb0d4c6cd682820583843f0af40c6b9bb69276f575275e3053fd0b31da27
/home/l2e_ayd/cocoa_research/data/raw/roboflow_cocoa/train/images/0760FB72-2177-4920-85B3-0B3171CD4768-23_43_48_jpeg.rf.0ce830f4e35877446a561848dcfeb7dd.jpg,0760FB72-2177-4920-85B3-0B3171CD4768-23_43_48_jpeg.rf.0ce830f4e35877446a561848dcfeb7dd.jpg,6ac18f7c893775dc5d455e7b9556cc778feddb12771dd2b9de3b3048513a3f59
/home/l2e_ayd/cocoa_research/data/raw/roboflow_cocoa/train/images/0762D9FA-6677-450A-800D-AC31568DFE6D-23_40_9_jpeg.rf.71b8297435e1f0e48e64e5d6eae60d53.jpg,0762D9FA-6677-450A-800D-AC31568DFE6D-23_40_9_jpeg.rf.71b8297435e1f0e48e64e5d6eae60d53.jpg,ac2fa6028425c76d573aa8cfb5262c0be6a4eb2ab466e1bc7b1f12035da22528
/home/l2e_ayd/cocoa_research/data/raw/roboflow_cocoa/train/images/0768AD6C-9294-4A71-85C4-E3516DD1A1F1-0_46_24_jpeg.rf.4f072a7942b6f01ecd387b774813301d.jpg,0768AD6C-9294-4A71-85C4-E3516DD1A1F1-0_46_24_jpeg.rf.4f072a7942b6f01ecd387b774813301d.jpg,23990292a8c88e7d1fcfd80e084713d86e2b4bbac95e75208e02df19e42a2aa7
/home/l2e_ayd/cocoa_research/data/raw/roboflow_cocoa/train/images/07985F9D-D323-4A54-992C-5BE2BDF15483-23_25_26_jpeg.rf.1b8984f50a0d7b17da4299d8ea01b87e.jpg,07985F9D-D323-4A54-992C-5BE2BDF15483-23_25_26_jpeg.rf.1b8984f50a0d7b17da4299d8ea01b87e.jpg,06ea0eb2605f00a5709ef9c061db3c147d59d618727dfabd04bb536e4dc001a3
/home/l2e_ayd/cocoa_research/data/raw/roboflow_cocoa/train/images/07A6CC0E-D0BE-4DDE-82C0-628C3E94FA05-23_24_58_jpeg.rf.704ff9da0878131d476c6ba695bea02e.jpg,07A6CC0E-D0BE-4DDE-82C0-628C3E94FA05-23_24_58_jpeg.rf.704ff9da0878131d476c6ba695bea02e.jpg,11ebaba407749d05ef9366364681ecde497ad6a4c2a8de2eff3581ecc657f4cc
/home/l2e_ayd/cocoa_research/data/raw/roboflow_cocoa/train/images/07A9367A-15E2-4EE5-8E59-FE40F415D7CA-0_8_9_jpeg.rf.c0f9503f7923c49dcd9c9b0a67b6fc0c.jpg,07A9367A-15E2-4EE5-8E59-FE40F415D7CA-0_8_9_jpeg.rf.c0f9503f7923c49dcd9c9b0a67b6fc0c.jpg,830c3610fe9c812facacc41b501c569a5d42e75f15638cdef1418681e109a4f6
/home/l2e_ayd/cocoa_research/data/raw/roboflow_cocoa/train/images/081B3F27-E9C4-4330-98A1-2942987FBB38-23_25_10_jpeg.rf.c8c2a9fd3e43a22aa7de52412e7d2254.jpg,081B3F27-E9C4-4330-98A1-2942987FBB38-23_25_10_jpeg.rf.c8c2a9fd3e43a22aa7de52412e7d2254.jpg,152b8346e6446fa743ea0fd34facb0875b769df8af58a429fb3974eadc3ffd94
/home/l2e_ayd/cocoa_research/data/raw/roboflow_cocoa/train/images/083A7F98-B780-4CF3-809B-FB86DCE58141-20_30_14_jpeg.rf.765b3f5f97dde203b0655f9e07531018.jpg,083A7F98-B780-4CF3-809B-FB86DCE58141-20_30_14_jpeg.rf.765b3f5f97dde203b0655f9e07531018.jpg,5cc9b8f1c53b295604e0d684bd7a5f123c59ef45541f139c6ea16dc4fe94d112
/home/l2e_ayd/cocoa_research/data/raw/roboflow_cocoa/train/images/091BC7EA-2C9E-41A2-B69F-97AC3FE3DDDB-22_30_43_jpeg.rf.71c6c854f39a4846b79f44e2a6c60422.jpg,091BC7EA-2C9E-41A2-B69F-97AC3FE3DDDB-22_30_43_jpeg.rf.71c6c854f39a4846b79f44e2a6c60422.jpg,baf3df65f7e93a7019bd519d3eaaff6062560c518a988702895a04a34d4c0501
/home/l2e_ayd/cocoa_research/data/raw/roboflow_cocoa/train/images/0975AB2D-3BF6-4053-9B83-1675910311E9-0_5_37_jpeg.rf.a54c161ae7faa49ddf1e6ec01df642a4.jpg,0975AB2D-3BF6-4053-9B83-1675910311E9-0_5_37_jpeg.rf.a54c161ae7faa49ddf1e6ec01df642a4.jpg,f099ce7be982aee24dfdea31a07ac67687b80f487ccc6b43d6c03c024023efda
/home/l2e_ayd/cocoa_research/data/raw/roboflow_cocoa/train/images/098A84D6-FB12-40BD-B20A-BACD6209B750-23_2_56_jpeg.rf.fac3d0ffdf2ec475f095648736c75591.jpg,098A84D6-FB12-40BD-B20A-BACD6209B750-23_2_56_jpeg.rf.fac3d0ffdf2ec475f095648736c75591.jpg,c7824c92cd1cc8035e33a0b021d5e229101f39c2ae703053c27f5b675961c10f
/home/l2e_ayd/cocoa_research/data/raw/roboflow_cocoa/train/images/09C06D8F-EDE6-4D05-9DF4-CA9B1937726F-0_28_8_jpeg.rf.3ad45bd2351bc126dcb1233c9f58abf9.jpg,09C06D8F-EDE6-4D05-9DF4-CA9B1937726F-0_28_8_jpeg.rf.3ad45bd2351bc126dcb1233c9f58abf9.jpg,05168cd5333fb6b8e85ce6c9cc480465a67853f257c1be73af2f3c0f976d806c
/home/l2e_ayd/cocoa_research/data/raw/roboflow_cocoa/train/images/09CCC256-321C-480C-8343-8C94D1C506C0-22_20_15_jpeg.rf.4afc91cc6722eca791f09fa8752742c3.jpg,09CCC256-321C-480C-8343-8C94D1C506C0-22_20_15_jpeg.rf.4afc91cc6722eca791f09fa8752742c3.jpg,624e7159ce1a7d178575b0315b8b97e599d909d04f23c5c7fb2e77c1286d389a
/home/l2e_ayd/cocoa_research/data/raw/roboflow_cocoa/train/images/09E8F000-0811-4EAF-934P2-575DFB8B21E0-23_6_46_jpeg.rf.2ac9dca9a57682c093fcbfd7f8a89128.jpg,09E8F000-0811-4EAF-934P2-575DFB8B21E0-23_6_46_jpeg.rf.2ac9dca9a57682c093fcbfd7f8a89128.jpg,2e688335b0621510060ffbf2bc3fe12c7441c32deb900bf9f86da856d0f9b40a
/home/l2e_ayd/cocoa_research/data/raw/roboflow_cocoa/train/images/0A305B91-D28E-4627-9666-7439A5C2145D-19_29_49_jpeg.rf.fc7c18ddeec175336a5e3a2af7d24ed7.jpg,0A305B91-D28E-4627-9666-7439A5C2145D-19_29_49_jpeg.rf.fc7c18ddeec175336a5e3a2af7d24ed7.jpg,0119562a43df70106aa0971d5ec7d37ca5c3e40997fa83beee74e8e619faf05d
/home/l2e_ayd/cocoa_research/data/raw/roboflow_cocoa/train/images/0A4F1288-6795-4721-9A0C-0854EC6657AB-23_57_49_jpeg.rf.9f0bedc4ed247f0dd6d6d7653df41cdb.jpg,0A4F1288-6795-4721-9A0C-0854EC6657AB-23_57_49_jpeg.rf.9f0bedc4ed247f0dd6d6d7653df41cdb.jpg,d1c8fdd2c5fe7d4cf5cfdfb9e0b309b7152e9deaa9cf55bdab2b859b6fe0bfb0
/home/l2e_ayd/cocoa_research/data/raw/roboflow_cocoa/train/images/0A51FE0C-3250-4A48-8D7B-873D7EA6A9EC-23_8_48_jpeg.rf.0fd022ea8c1f994614a27b101e319b6a.jpg,0A51FE0C-3250-4A48-8D7B-873D7EA6A9EC-23_8_48_jpeg.rf.0fd022ea8c1f994614a27b101e319b6a.jpg,ea6ae1e1a70dc88a15823e8b92e4e9cf86d07b7a371ce5eba5b7e7f2ab5a1a48
/home/l2e_ayd/cocoa_research/data/raw/roboflow_cocoa/train/images/0A7D71D1-CD5F-4274-9A25-C6238303F4B6-23_47_25_jpeg.rf.c78683bd1a6323ed2535748c305adb04.jpg,0A7D71D1-CD5F-4274-9A25-C6238303F4B6-23_47_25_jpeg.rf.c78683bd1a6323ed2535748c305adb04.jpg,e553a23f904ca3a244852698b05a2b827c1d1e40915faca6a60166074b10a9b2
/home/l2e_ayd/cocoa_research/data/raw/roboflow_cocoa/train/images/0A83EAD5-15A1-4395-A63D-18C79FB15BD5-22_59_6_jpeg.rf.55b4caf7a6437e91c1d2d6b79ec92f29.jpg,0A83EAD5-15A1-4395-A63D-18C79FB15BD5-22_59_6_jpeg.rf.55b4caf7a6437e91c1d2d6b79ec92f29.jpg,e1fd956419c6cd0fb894cc78213ade3a94713968e15a09a9ef5d2ba038073086
/home/l2e_ayd/cocoa_research/data/raw/roboflow_cocoa/train/images/0AB143ED-AEF7-4018-B1D2-0C1BD5E9EF79-19_19_23_jpeg.rf.105adbcb8e32beae0131d88d39276177.jpg,0AB143ED-AEF7-4018-B1D2-0C1BD5E9EF79-19_19_23_jpeg.rf.105adbcb8e32beae0131d88d39276177.jpg,ca6af8bbb7a591a418656806497cb45ca42bbc26ccd40492bfd024d1cbba2186
/home/l2e_ayd/cocoa_research/data/raw/roboflow_cocoa/train/images/0B2A1629-EF47-45AF-A534-276FFD1216C9-20_23_12_jpeg.rf.7b2188f36db3fd88150a8c6b3051bd42.jpg,0B2A1629-EF47-45AF-A534-276FFD1216C9-20_23_12_jpeg.rf.7b2188f36db3fd88150a8c6b3051bd42.jpg,da109208681b3cfb93509a3b5c2b65ec19fbbfcffb6d7f49edc416ac9dab7205
/home/l2e_ayd/cocoa_research/data/raw/roboflow_cocoa/train/images/0B7DADD0-98B9-4DAC-8922-101E39F67508-19_31_59_jpeg.rf.0fbc131428522c95bef3453297f52e3a.jpg,0B7DADD0-98B9-4DAC-8922-101E39F67508-19_31_59_jpeg.rf.0fbc131428522c95bef3453297f52e3a.jpg,2f6c7f73f8fd35b156d41f98f581c5f678f932c5cbd700095157b6386944135e
/home/l2e_ayd/cocoa_research/data/raw/roboflow_cocoa/train/images/0BBEC2B4-6A14-4031-AFEF-01DD3B655AB9-23_34_24_jpeg.rf.c4f3532d1b5eb944fd05f36dbaa5d54b.jpg,0BBEC2B4-6A14-4031-AFEF-01DD3B655AB9-23_34_24_jpeg.rf.c4f3532d1b5eb944fd05f36dbaa5d54b.jpg,c0b86022e0a2ae8b5d65a740d18fd256915a5cc08ebe84733d19d1f89b800379
/home/l2e_ayd/cocoa_research/data/raw/roboflow_cocoa/train/images/0BD4A617-3BF8-4F59-94DF-B7ABC378CBC7-0_22_12_jpeg.rf.893754e57cbcf5e89e8a6729c8efc569.jpg,0BD4A617-3BF8-4F59-94DF-B7ABC378CBC7-0_22_12_jpeg.rf.893754e57cbcf5e89e8a6729c8efc569.jpg,3375c814375d1b58162e79df2602aa27347364ec38bfb6b12c68e31c181e4020
/home/l2e_ayd/cocoa_research/data/raw/roboflow_cocoa/train/images/0BF52F21-F8A6-479C-9FF5-75F18F8D345E-0_36_2-1-_jpeg.rf.8ad27538e8c539114c75edf8fdd1a3bf.jpg,0BF52F21-F8A6-479C-9FF5-75F18F8D345E-0_36_2-1-_jpeg.rf.8ad27538e8c539114c75edf8fdd1a3bf.jpg,48e132c7b1e43a089f6a817a136458ef5099a3d685443e51889f0851e8bed104
/home/l2e_ayd/cocoa_research/data/raw/roboflow_cocoa/train/images/0C0B3A99-47D3-4ACA-8816-D5499C3615B8-23_23_20_jpeg.rf.bb0a7e0232bb277226568c3f6c8f1fb1.jpg,0C0B3A99-47D3-4ACA-8816-D5499C3615B8-23_23_20_jpeg.rf.bb0a7e0232bb277226568c3f6c8f1fb1.jpg,f78bccdc147bd5d800f1cbfba4dd9f1283b84318984ed3e1961602db3e9b76ae
/home/l2e_ayd/cocoa_research/data/raw/roboflow_cocoa/train/images/0C26A6BA-DFA1-4763-A0F7-EB0268928AC8-18_25_10_jpeg.rf.cba08e53df7690f92e390f0cb02d7ff3.jpg,0C26A6BA-DFA1-4763-A0F7-EB0268928AC8-18_25_10_jpeg.rf.cba08e53df7690f92e390f0cb02d7ff3.jpg,d5d3f96699a392283d6d30b02b62ba8c6655700e3c1e0b2f82aecc0bc76de743
/home/l2e_ayd/cocoa_research/data/raw/roboflow_cocoa/train/images/0C62ADF5-7F0C-4DA9-B547-E9363EFEA631-0_33_55_jpeg.rf.b59b724267640ab4dde828a98335cbfb.jpg,0C62ADF5-7F0C-4DA9-B547-E9363EFEA631-0_33_55_jpeg.rf.b59b724267640ab4dde828a98335cbfb.jpg,7d41cf40d22b1b90bcac686ead06e8c6d04286363768bd08edcc41e0b4b8b6b1
/home/l2e_ayd/cocoa_research/data/raw/roboflow_cocoa/train/images/0CAB9203-C1DE-444A-BC0E-AD78D94CD49E-1_22_6_jpeg.rf.7fe8a17df25fd3e77e8dc2f6f40c8133.jpg,0CAB9203-C1DE-444A-BC0E-AD78D94CD49E-1_22_6_jpeg.rf.7fe8a17df25fd3e77e8dc2f6f40c8133.jpg,b1d3b9c7ecdf0a0aea6e5302ceaab65c20a8ee8f0fa73bec35dc67afedd65a00
/home/l2e_ayd/cocoa_research/data/raw/roboflow_cocoa/train/images/0CADD165-38C8-423E-9488-33BF39C01CD9-0_16_13_jpeg.rf.4efd3ecd525b2202127efd562e695104.jpg,0CADD165-38C8-423E-9488-33BF39C01CD9-0_16_13_jpeg.rf.4efd3ecd525b2202127efd562e695104.jpg,ca507f59bc1b600de0f789c5a5586bb6cb58c42c7cae145951e41b559880bcc3
/home/l2e_ayd/cocoa_research/data/raw/roboflow_cocoa/train/images/0CCED919-D68D-4259-82AE-CB4CB32137B4-19_32_25_jpeg.rf.c530d2b2c65aac5a3053bfcd2b760314.jpg,0CCED919-D68D-4259-82AE-CB4CB32137B4-19_32_25_jpeg.rf.c530d2b2c65aac5a3053bfcd2b760314.jpg,359101ecba7036aa155c88ffd51bcb882dff6ee2626cb8bb775ddb692b89a92d
/home/l2e_ayd/cocoa_research/data/raw/roboflow_cocoa/train/images/0D118C25-FBDA-471D-B37A-0AED82AF95E8-22_37_1_jpeg.rf.12751e73cc5b23ba6bdc217407da3471.jpg,0D118C25-FBDA-471D-B37A-0AED82AF95E8-22_37_1_jpeg.rf.12751e73cc5b23ba6bdc217407da3471.jpg,a0fede35cd1b790103e4760602096ba951bc8b89a0fb24e87355c1512658f283
/home/l2e_ayd/cocoa_research/data/raw/roboflow_cocoa/train/images/0D1FC30E-CA0C-42F0-85AB-C3FAC3FAC907-19_7_50_jpeg.rf.670c1e4dd4a55eba05588b5f06a56afc.jpg,0D1FC30E-CA0C-42F0-85AB-C3FAC3FAC907-19_7_50_jpeg.rf.670c1e4dd4a55eba05588b5f06a56afc.jpg,8576bf5e688b516caa15240477cb46dde0347b0630bbaf92f98d4ae02526c28a
/home/l2e_ayd/cocoa_research/data/raw/roboflow_cocoa/train/images/0D345E8C-DBB5-4105-9243-0B5DAF3FFF69-1_29_53_jpeg.rf.89f6abf6aba7b6ae09a36e4eec2f0e68.jpg,0D345E8C-DBB5-4105-9243-0B5DAF3FFF69-1_29_53_jpeg.rf.89f6abf6aba7b6ae09a36e4eec2f0e68.jpg,076c5a50d315fa172838bc15499af6cc8cbdab131d73e8c01b0dd9d9830b41ad
/home/l2e_ayd/cocoa_research/data/raw/roboflow_cocoa/train/images/0D3A65B4-D070-4370-AD58-C732B3D4E708-22_44_19_jpeg.rf.0478aea0d8cc93fcbbd913e56b36cc8a.jpg,0D3A65B4-D070-4370-AD58-C732B3D4E708-22_44_19_jpeg.rf.0478aea0d8cc93fcbbd913e56b36cc8a.jpg,d135ded53e56cd0de4d152a809ebe160e737a99f25759ced73e2d1ba7be4a6a5
/home/l2e_ayd/cocoa_research/data/raw/roboflow_cocoa/train/images/0D4BDA6D-A185-4C43-93B4-65CF79C640B2-19_53_16_jpeg.rf.d4d88ef2a8e9c09ed0f40195b9f25ac8.jpg,0D4BDA6D-A185-4C43-93B4-65CF79C640B2-19_53_16_jpeg.rf.d4d88ef2a8e9c09ed0f40195b9f25ac8.jpg,cd73ea428681136ff6e8f03af0d026a70bc7b7586e56264488da53c9e04705a9
/home/l2e_ayd/cocoa_research/data/raw/roboflow_cocoa/train/images/0D5550EC-95D1-4E80-8B4F-BC1F27A38FEF-23_12_46_jpeg.rf.14e09a2e137fe628f82a12433be111b9.jpg,0D5550EC-95D1-4E80-8B4F-BC1F27A38FEF-23_12_46_jpeg.rf.14e09a2e137fe628f82a12433be111b9.jpg,29f43b4fa8f1c246482fbe634503e71d26479f21bb6d56751923d7c333b8532d
/home/l2e_ayd/cocoa_research/data/raw/roboflow_cocoa/train/images/0D81E1C4-9063-4B5D-AAE0-A13FF523E4D6-23_57_14_jpeg.rf.8b02f96d46088d6e7dbe21302431b1c9.jpg,0D81E1C4-9063-4B5D-AAE0-A13FF523E4D6-23_57_14_jpeg.rf.8b02f96d46088d6e7dbe21302431b1c9.jpg,4bf9f3e111fa66a551699205888b7d0b8851b9e07b7ae2d880007f8990148318
/home/l2e_ayd/cocoa_research/data/raw/roboflow_cocoa/train/images/0DB95F35-D11A-41EA-921A-AFE24C5433FB-0_46_33_jpeg.rf.d371ad52316d1cb5852ad63b4766acde.jpg,0DB95F35-D11A-41EA-921A-AFE24C5433FB-0_46_33_jpeg.rf.d371ad52316d1cb5852ad63b4766acde.jpg,6470357e6769b143848a4f09d9d2480584d5117dfe4fc877e00ffd4790efb4a6
/home/l2e_ayd/cocoa_research/data/raw/roboflow_cocoa/train/images/0DD3B259-EDD3-4970-9BE8-9108004408EA-22_50_43_jpeg.rf.ac8f679484a799bf9aa8f444819203b1.jpg,0DD3B259-EDD3-4970-9BE8-9108004408EA-22_50_43_jpeg.rf.ac8f679484a799bf9aa8f444819203b1.jpg,e1a0ba198d04ea174c0061f451d71f1c8ebd2fde813dd8328d4d4b7953fa3b8b
/home/l2e_ayd/cocoa_research/data/raw/roboflow_cocoa/train/images/0DD59E35-574E-437D-BE20-5250CAB3426D-22_12_22_jpeg.rf.0a5846d21e1c513fa7cdf80576729244.jpg,0DD59E35-574E-437D-BE20-5250CAB3426D-22_12_22_jpeg.rf.0a5846d21e1c513fa7cdf80576729244.jpg,fe83bedd82c8b6fbc179acb7236dbf470768f3b413eb0fd97c44df895d2527ee
/home/l2e_ayd/cocoa_research/data/raw/roboflow_cocoa/train/images/0DE64C5A-A3D1-48F3-8220-370FE751827D-22_9_48_jpeg.rf.ec36219b976bbbda36abab0e54e4d336.jpg,0DE64C5A-A3D1-48F3-8220-370FE751827D-22_9_48_jpeg.rf.ec36219b976bbbda36abab0e54e4d336.jpg,fd9c241fa9780c42dac467c851d80a39e72a25d59adec47daa614a3311540366
/home/l2e_ayd/cocoa_research/data/raw/roboflow_cocoa/train/images/0EAF488A-CC04-42A4-9DD6-2A0CE2A9DEBB-1_0_39_jpeg.rf.7f0f571a94f05a84ae791d9102899ea2.jpg,0EAF488A-CC04-42A4-9DD6-2A0CE2A9DEBB-1_0_39_jpeg.rf.7f0f571a94f05a84ae791d9102899ea2.jpg,a7514eb7a94c342075e2d1845737c8ef3277f6b22e3aa26e02f63fe6441442ec
/home/l2e_ayd/cocoa_research/data/raw/roboflow_cocoa/train/images/0EC2E93E-C223-4D7E-8F14-ABF1292CF5BA-19_17_25_jpeg.rf.ae97a66d743326e8008a557e01c04249.jpg,0EC2E93E-C223-4D7E-8F14-ABF1292CF5BA-19_17_25_jpeg.rf.ae97a66d743326e8008a557e01c04249.jpg,c068eef9ab2a5bdfcdaee07172f8575990665d97d7abbee229cebaacc4a60dd5
/home/l2e_ayd/cocoa_research/data/raw/roboflow_cocoa/train/images/0F5AFBC5-1EBC-459D-B86A-54C89D9731E4-23_7_49_jpeg.rf.5e77858761b9177f29c8e82c7d978752.jpg,0F5AFBC5-1EBC-459D-B86A-54C89D9731E4-23_7_49_jpeg.rf.5e77858761b9177f29c8e82c7d978752.jpg,d4b0c0714f645f42503731801ab7d1c1b8adc2b93253dd900579899e9f027e94
/home/l2e_ayd/cocoa_research/data/raw/roboflow_cocoa/train/images/0F865DD2-AAA9-4738-8087-7EA8AE3C9122-0_30_54_jpeg.rf.bd57cf27001d908870c15b157fc0bb92.jpg,0F865DD2-AAA9-4738-8087-7EA8AE3C9122-0_30_54_jpeg.rf.bd57cf27001d908870c15b157fc0bb92.jpg,22707a07959b76277ce0ae4ffa1f3fec183063b4430bd4310a575e2a80b52b0b
/home/l2e_ayd/cocoa_research/data/raw/roboflow_cocoa/train/images/0F8DD677-3AB0-4A88-A776-7176F80C3153-1_25_5_jpeg.rf.ff1be052698b27c73bf86a9b47a58a99.jpg,0F8DD677-3AB0-4A88-A776-7176F80C3153-1_25_5_jpeg.rf.ff1be052698b27c73bf86a9b47a58a99.jpg,1f96be7b097e8ea473291e1ebe3dffc8067f569a2b19b956ffa812f86d504bc8
/home/l2e_ayd/cocoa_research/data/raw/roboflow_cocoa/train/images/0FA36E29-2303-4BCF-8CED-B952363FD14B-1_8_18_jpeg.rf.d9f4f65460c9c22e4422d00d9931125a.jpg,0FA36E29-2303-4BCF-8CED-B952363FD14B-1_8_18_jpeg.rf.d9f4f65460c9c22e4422d00d9931125a.jpg,8cecd61d6e1a52c2235e51a241cfc3e294ff0b5f2e22e452e36166fa5d37c81a
/home/l2e_ayd/cocoa_research/data/raw/roboflow_cocoa/train/images/0FBE2229-68DD-4220-9D95-3F6A4D57BF31-22_36_22_jpeg.rf.b9f9357646bb4d16f728cc8744b5a01d.jpg,0FBE2229-68DD-4220-9D95-3F6A4D57BF31-22_36_22_jpeg.rf.b9f9357646bb4d16f728cc8744b5a01d.jpg,498c9c714666a231172733ca5e5c1a55b459af18d3a8ec09ef85c84f99bc69b7
/home/l2e_ayd/cocoa_research/data/raw/roboflow_cocoa/train/images/0FC39D64-8F7D-4915-BC37-8F30C2FD5DD0-0_51_23_jpeg.rf.c90d6c2a9f0eb389e7f9d4773f08db3d.jpg,0FC39D64-8F7D-4915-BC37-8F30C2FD5DD0-0_51_23_jpeg.rf.c90d6c2a9f0eb389e7f9d4773f08db3d.jpg,074b1b2426a2aabe546ce9995a568863af0578ca4342d4fbc8988370f0c5c166
/home/l2e_ayd/cocoa_research/data/raw/roboflow_cocoa/train/images/0FE14674-F2AF-4260-9CD4-B31C0CF7149B-0_23_15_jpeg.rf.b80c26c2af2a5eca6c83a23ca5451af6.jpg,0FE14674-F2AF-4260-9CD4-B31C0CF7149B-0_23_15_jpeg.rf.b80c26c2af2a5eca6c83a23ca5451af6.jpg,2f375bf5673c6ab97f5d3817603e4944672f45feab33deea6ad48b3a84a2c887
/home/l2e_ayd/cocoa_research/data/raw/roboflow_cocoa/train/images/10229747-C7DE-4CB8-8863-FDB88B4C00CF-19_33_46_jpeg.rf.a62a21d1188185ed95368b8ce138ed5e.jpg,10229747-C7DE-4CB8-8863-FDB88B4C00CF-19_33_46_jpeg.rf.a62a21d1188185ed95368b8ce138ed5e.jpg,01c12f47bdfe3d5b225dfe6bf7a430202024c771e223aaa0be193c3102c40f9a
/home/l2e_ayd/cocoa_research/data/raw/roboflow_cocoa/train/images/108FF5B3-18FD-4AF0-9A12-081B0EEA3C4E-0_19_48_jpeg.rf.9d3a416b0b0fd0ab4a983d83776663e2.jpg,108FF5B3-18FD-4AF0-9A12-081B0EEA3C4E-0_19_48_jpeg.rf.9d3a416b0b0fd0ab4a983d83776663e2.jpg,aebfea9374731a3aa68987c84d04f7d5acdf674b941087c088ad4b4f0d509cf5
/home/l2e_ayd/cocoa_research/data/raw/roboflow_cocoa/train/images/109411B2-B539-4C5B-AD71-01F67E5B2DA3-0_33_45_jpeg.rf.63a9f870f1c698d67c492b74272a7e31.jpg,109411B2-B539-4C5B-AD71-01F67E5B2DA3-0_33_45_jpeg.rf.63a9f870f1c698d67c492b74272a7e31.jpg,a9f1c6aac6ef35bdd61b3a2275d079414b02844095956defd9c77bf55f7ccae1
/home/l2e_ayd/cocoa_research/data/raw/roboflow_cocoa/train/images/1096E387-C16D-4735-AD5F-75C54086AA3E-19_22_17_jpeg.rf.9baad8ea3584b5a3c510d920aee6b202.jpg,1096E387-C16D-4735-AD5F-75C54086AA3E-19_22_17_jpeg.rf.9baad8ea3584b5a3c510d920aee6b202.jpg,d318f89764fcd2aa3e11d1172a08b09f8e84f0d9dad612d887136a705070f967
/home/l2e_ayd/cocoa_research/data/raw/roboflow_cocoa/train/images/111DDCC4-AD09-4531-9129-24ECA2AE8F34-23_40_26_jpeg.rf.e599bcf5eea02ec7d84eff0249e77677.jpg,111DDCC4-AD09-4531-9129-24ECA2AE8F34-23_40_26_jpeg.rf.e599bcf5eea02ec7d84eff0249e77677.jpg,ef286568c5e04d8d3b3d8c81691b8d06240034a82b5aca122d21247a008fe8ce
/home/l2e_ayd/cocoa_research/data/raw/roboflow_cocoa/train/images/1181AAB5-C8F6-43ED-A116-EB6A0B9EF594-0_33_24_jpeg.rf.bb04c0a6e23237f122f457db0c39e7fd.jpg,1181AAB5-C8F6-43ED-A116-EB6A0B9EF594-0_33_24_jpeg.rf.bb04c0a6e23237f122f457db0c39e7fd.jpg,7d47719af4db75dff9a442e9923624ea20fb0c802ab1dd617ff987546fa22ee7
/home/l2e_ayd/cocoa_research/data/raw/roboflow_cocoa/train/images/11918D9A-74A3-4BEF-8352-39DBD6C29F93-1_48_38_jpeg.rf.ed72105132fe7407b9bb402d9fa02479.jpg,11918D9A-74A3-4BEF-8352-39DBD6C29F93-1_48_38_jpeg.rf.ed72105132fe7407b9bb402d9fa02479.jpg,aadabaad3d867e3b2f13be584de47000cd67a1b2cae866ea10c60e0eef7a88f1
/home/l2e_ayd/cocoa_research/data/raw/roboflow_cocoa/train/images/119BA9DE-BC89-47F3-8C97-356B6D27D0AD-0_49_3_jpeg.rf.7cb7394f77aa0288475cb7a0ae24ccba.jpg,119BA9DE-BC89-47F3-8C97-356B6D27D0AD-0_49_3_jpeg.rf.7cb7394f77aa0288475cb7a0ae24ccba.jpg,8d0a236eb790d95643371dcb65d668ad45cc264c217dcf9901cbe7930f946abe
/home/l2e_ayd/cocoa_research/data/raw/roboflow_cocoa/train/images/11F58AE1-1409-4498-A2ED-91C36070EDC8-23_9_11_jpeg.rf.65072123e9552e27722003055871b7df.jpg,11F58AE1-1409-4498-A2ED-91C36070EDC8-23_9_11_jpeg.rf.65072123e9552e27722003055871b7df.jpg,7723ac84956a96cb604f1338c4d1679ccba1684e56930aeeb7f91d68d67dc3b5
/home/l2e_ayd/cocoa_research/data/raw/roboflow_cocoa/train/images/1202CB4E-E37D-4D7E-B63B-6E7E40883AFA-0_22_28_jpeg.rf.3270afb2617f0362e388eb982e471f79.jpg,1202CB4E-E37D-4D7E-B63B-6E7E40883AFA-0_22_28_jpeg.rf.3270afb2617f0362e388eb982e471f79.jpg,5c1fa083744b4c10aa8d694aed4a0d5fb6a812f0ef0335a6196c610bddb58cd1
/home/l2e_ayd/cocoa_research/data/raw/roboflow_cocoa/train/images/123F9D84-D240-4872-8318-A37E6C44EB5D-1_25_13_jpeg.rf.72168955f67250369c645b35bc541d69.jpg,123F9D84-D240-4872-8318-A37E6C44EB5D-1_25_13_jpeg.rf.72168955f67250369c645b35bc541d69.jpg,c4a04c0e50cc5f890999bf4dd58e77f49682ec46c5b6b4ef87f9427053bb14e5
/home/l2e_ayd/cocoa_research/data/raw/roboflow_cocoa/train/images/12886E32-EB31-4EEE-AD1A-B33540E7C881-0_0_0_jpeg.rf.a38ee909e1643c164b5e699c800c0eb2.jpg,12886E32-EB31-4EEE-AD1A-B33540E7C881-0_0_0_jpeg.rf.a38ee909e1643c164b5e699c800c0eb2.jpg,12fac59de9068ea9be76765405b664b7afec09e329ef90f5b9152e7122296a0f
/home/l2e_ayd/cocoa_research/data/raw/roboflow_cocoa/train/images/12DA67EC-D1FA-448C-B69B-AF0BE520E541-19_4_15_jpeg.rf.5c82a225007af2b7aed7eeb65444768f.jpg,12DA67EC-D1FA-448C-B69B-AF0BE520E541-19_4_15_jpeg.rf.5c82a225007af2b7aed7eeb65444768f.jpg,08e415acb15eea4b6f69e66446812f439adc1d387ecf2a281120633fc389b68a
/home/l2e_ayd/cocoa_research/data/raw/roboflow_cocoa/train/images/12E680E9-7392-4372-B2DB-42C2B2D87EC5-22_35_37_jpeg.rf.8bedceb82f8fbd2cc8bd877a66c2cd77.jpg,12E680E9-7392-4372-B2DB-42C2B2D87EC5-22_35_37_jpeg.rf.8bedceb82f8fbd2cc8bd877a66c2cd77.jpg,4049a8e971b84c138ad999e5a4149fd798f82afb8beb2320a772a5090571f544
/home/l2e_ayd/cocoa_research/data/raw/roboflow_cocoa/train/images/1313CA13-3548-4DE0-83C0-3011F6FE1D30-22_48_11_jpeg.rf.7a366300e517989ccf64c232b3c419b9.jpg,1313CA13-3548-4DE0-83C0-3011F6FE1D30-22_48_11_jpeg.rf.7a366300e517989ccf64c232b3c419b9.jpg,f1d1ee9eb857cda1a7e0a80c2bbd73a01f553024ce2b1e191212c9d63c42793a
/home/l2e_ayd/cocoa_research/data/raw/roboflow_cocoa/train/images/13227531-0828-4E46-848F-DA1EACRB57248-23_21_33_jpeg.rf.da2e106824505bf65e4289d4900e013b.jpg,13227531-0828-4E46-848F-DA1EACRB57248-23_21_33_jpeg.rf.da2e106824505bf65e4289d4900e013b.jpg,5edad87a3a24e94c8febee8d3c0b98804bdc7e8e1529f2687d644ff89a4b8bb8
/home/l2e_ayd/cocoa_research/data/raw/roboflow_cocoa/train/images/13773621-A8D4-473F-8CE1-4466669FC032-23_4_51_jpeg.rf.b093bb918feaf1d850856faf4bc0cd1a.jpg,13773621-A8D4-473F-8CE1-4466669FC032-23_4_51_jpeg.rf.b093bb918feaf1d850856faf4bc0cd1a.jpg,17a7e45742de15cfe1e979792c8a512ac63268e97571b1f0b178d2ab910e9f02
/home/l2e_ayd/cocoa_research/data/raw/roboflow_cocoa/train/images/13C455A1-63DA-4153-8491-CFE597E9BFB9-0_55_22_jpeg.rf.f492c224012cdd82fd4f282b97615221.jpg,13C455A1-63DA-4153-8491-CFE597E9BFB9-0_55_22_jpeg.rf.f492c224012cdd82fd4f282b97615221.jpg,1bcc943f176db515b2a2c91e787ed91ffea3f5517330ba94a130b04ad5325ce4
/home/l2e_ayd/cocoa_research/data/raw/roboflow_cocoa/train/images/13DA90CB-5F8F-489B-929C-8ECEDC47F3BB-23_0_19_jpeg.rf.3598a1e9c87c7503b7b73eff6555cc25.jpg,13DA90CB-5F8F-489B-929C-8ECEDC47F3BB-23_0_19_jpeg.rf.3598a1e9c87c7503b7b73eff6555cc25.jpg,47f16f929736d59d2becaa0d9982fd808504434379606b63152470ced7eefe50
/home/l2e_ayd/cocoa_research/data/raw/roboflow_cocoa/train/images/13EDA13C-011D-4331-908A-71C1C8DD1500-0_21_57_jpeg.rf.08e7dac5cba0f69b5833a3c0bdb430ba.jpg,13EDA13C-011D-4331-908A-71C1C8DD1500-0_21_57_jpeg.rf.08e7dac5cba0f69b5833a3c0bdb430ba.jpg,bf6460d09c4ca1dca051f2b7534fd685117703ec06f5cc1cc63fde5036e063d1
/home/l2e_ayd/cocoa_research/data/raw/roboflow_cocoa/train/images/1460183E-9215-4BCD-BB34-814064B68B17-0_22_23_jpeg.rf.2a484af49c5327e6c08ab10a13fcc70f.jpg,1460183E-9215-4BCD-BB34-814064B68B17-0_22_23_jpeg.rf.2a484af49c5327e6c08ab10a13fcc70f.jpg,e93512106bbe716e9b08be8b3478d83fa7ee244a368e898001cb2ceb433a3e2d
/home/l2e_ayd/cocoa_research/data/raw/roboflow_cocoa/train/images/149D7CA6-AD7C-47DE-BDB8-363454A36FFB-22_43_7_jpeg.rf.c92c11247061506f85a539cdf5e9a450.jpg,149D7CA6-AD7C-47DE-BDB8-363454A36FFB-22_43_7_jpeg.rf.c92c11247061506f85a539cdf5e9a450.jpg,ff9fe7195e940b8400725c5e6e8dcab96b71a45192eba9052cffa87438e5238c
/home/l2e_ayd/cocoa_research/data/raw/roboflow_cocoa/train/images/14A7A48F-8386-4F65-87AE-5F76DE780018-23_21_12_jpeg.rf.199977a16550ac8775c199efc9430c13.jpg,14A7A48F-8386-4F65-87AE-5F76DE780018-23_21_12_jpeg.rf.199977a16550ac8775c199efc9430c13.jpg,31fa401b1013484711c29ed8e79d8e977b727865ded28c5cfaac3c5ea785a8ba
/home/l2e_ayd/cocoa_research/data/raw/roboflow_cocoa/train/images/14EA56B2-C492-4DAA-9886-CC8C9CD500F8-23_17_27_jpeg.rf.ca8ddd1a2d3c2b56611143aee7f77751.jpg,14EA56B2-C492-4DAA-9886-CC8C9CD500F8-23_17_27_jpeg.rf.ca8ddd1a2d3c2b56611143aee7f77751.jpg,a68c373ceb8c49b0578d2ec761d3fce93cbab7e890ea8afba38e475ce175b890
/home/l2e_ayd/cocoa_research/data/raw/roboflow_cocoa/train/images/14F137D0-BDCA-4C19-862D-7A202685F155-1_36_24_jpeg.rf.985209d8650df59d636264078e0f4774.jpg,14F137D0-BDCA-4C19-862D-7A202685F155-1_36_24_jpeg.rf.985209d8650df59d636264078e0f4774.jpg,4debb234b95e30ab035474d9831eb8b537c06b73b0e47ee97ca44ab110d44348
/home/l2e_ayd/cocoa_research/data/raw/roboflow_cocoa/train/images/150665E4-B06C-431A-ADF4-3A859EDF0C18-0_45_33_jpeg.rf.186b68cd653326a1122eb8ca22d81917.jpg,150665E4-B06C-431A-ADF4-3A859EDF0C18-0_45_33_jpeg.rf.186b68cd653326a1122eb8ca22d81917.jpg,9826a7bc0529bda879b633175e033238ff1eef3111b9b9941ac0d6ffc407259f
/home/l2e_ayd/cocoa_research/data/raw/roboflow_cocoa/train/images/151F165F-EBD1-42B7-BF13-945282035FC9-1_11_23_jpeg.rf.5b12fa03d2af4b0dc4082caeddc55b8f.jpg,151F165F-EBD1-42B7-BF13-945282035FC9-1_11_23_jpeg.rf.5b12fa03d2af4b0dc4082caeddc55b8f.jpg,3f44697a70483fd6f5743b6433cd8c91d1f0e7775c08588d91edf36dfdd2187c
/home/l2e_ayd/cocoa_research/data/raw/roboflow_cocoa/train/images/1544A92B-F2DD-4F59-AEA7-2D32ADB989ED-23_15_5_jpeg.rf.c037c4f9ca85016fc40ef280e652a4cd.jpg,1544A92B-F2DD-4F59-AEA7-2D32ADB989ED-23_15_5_jpeg.rf.c037c4f9ca85016fc40ef280e652a4cd.jpg,e490e45a8030d925ad9e0b92f1a1b47fcfa5160c2c3430e88762dea57804c351
/home/l2e_ayd/cocoa_research/data/raw/roboflow_cocoa/train/images/157665F2-B8B7-4518-80B1-FA1408622912-0_54_7_jpeg.rf.f039fd7af04ed04c1ce9d82042b8cab0.jpg,157665F2-B8B7-4518-80B1-FA1408622912-0_54_7_jpeg.rf.f039fd7af04ed04c1ce9d82042b8cab0.jpg,179a721f765cb76821d415d8a20f1c6632b24feb9412c8247c6b92e8930909c9
/home/l2e_ayd/cocoa_research/data/raw/roboflow_cocoa/train/images/1576CE14-7E00-4172-864C-17E25D167579-22_56_2_jpeg.rf.f4ad1f2cbe24333ebae79e3105572101.jpg,1576CE14-7E00-4172-864C-17E25D167579-22_56_2_jpeg.rf.f4ad1f2cbe24333ebae79e3105572101.jpg,e03614a29d8c4a0caad3ee13269ebe2ac666c32eb5b9202f60d254d691c66ed3
/home/l2e_ayd/cocoa_research/data/raw/roboflow_cocoa/train/images/15B9C64E-4A3B-4B60-AA0B-AF4200F77525-19_11_48_jpeg.rf.01c23a6eb1e8590a9075ed4256c18b21.jpg,15B9C64E-4A3B-4B60-AA0B-AF4200F77525-19_11_48_jpeg.rf.01c23a6eb1e8590a9075ed4256c18b21.jpg,3db9fcec19cd91f71e9d7fa00677a2525281aefab8012bd504f17a0194cf915f
/home/l2e_ayd/cocoa_research/data/raw/roboflow_cocoa/train/images/15E30131-5D61-46B6-BCAF-96B55B3FC36B-22_6_41_jpeg.rf.45386af26b290a884b23da34b15a0bdc.jpg,15E30131-5D61-46B6-BCAF-96B55B3FC36B-22_6_41_jpeg.rf.45386af26b290a884b23da34b15a0bdc.jpg,948ff17fe3cf2ee79a5f3dbd3dde14b7fb2dbd5103423b71aee9e1707bdd68e1
/home/l2e_ayd/cocoa_research/data/raw/roboflow_cocoa/train/images/16325E98-3FB0-4C4B-B3CC-98921037B247-22_32_35_jpeg.rf.c0c3568581b2b3de1cd724b87717a4cc.jpg,16325E98-3FB0-4C4B-B3CC-98921037B247-22_32_35_jpeg.rf.c0c3568581b2b3de1cd724b87717a4cc.jpg,9a7f36cec284809dfca4c3f679027e679ea8239d2413bd324c8fb9b3d2f4c5b3
/home/l2e_ayd/cocoa_research/data/raw/roboflow_cocoa/train/images/164895A5-24EC-4FA5-9F02-249C1105225C-20_7_58_jpeg.rf.f7ae5c07c2f00bed50630cb15dafcc00.jpg,164895A5-24EC-4FA5-9F02-249C1105225C-20_7_58_jpeg.rf.f7ae5c07c2f00bed50630cb15dafcc00.jpg,71affde84b2f4c1d73deba36b844a9e56f13f22261bfcb819079b5104c43e719
/home/l2e_ayd/cocoa_research/data/raw/roboflow_cocoa/train/images/165048DC-20C4-4E64-BB09-C7A7962A545A-22_15_10_jpeg.rf.f86442c9dd0e2bea53d29738bde34ecf.jpg,165048DC-20C4-4E64-BB09-C7A7962A545A-22_15_10_jpeg.rf.f86442c9dd0e2bea53d29738bde34ecf.jpg,aa6c3dd6952df149c6f7c34054b8cf20d7d35a91c87281ebd93f9c594768b439
/home/l2e_ayd/cocoa_research/data/raw/roboflow_cocoa/train/images/16D3B077-E835-45AD-B97F-522CC4FB7453-20_18_50_jpeg.rf.65253d3445d8a66737aff0f8b197977b.jpg,16D3B077-E835-45AD-B97F-522CC4FB7453-20_18_50_jpeg.rf.65253d3445d8a66737aff0f8b197977b.jpg,ec8bb16cb0477f26dc76f3e35cc2e0893aaa9cb36942d6c7e970c128fc2841f3
/home/l2e_ayd/cocoa_research/data/raw/roboflow_cocoa/train/images/173EE1A0-0C88-49BC-8CB6-1D7C74B04A01-10_53_55_jpeg.rf.2cbc4519cc0543253c8efce0c46f431f.jpg,173EE1A0-0C88-49BC-8CB6-1D7C74B04A01-10_53_55_jpeg.rf.2cbc4519cc0543253c8efce0c46f431f.jpg,c8637fd3758a9ba727bd84875798d58b5c2115784ef7ea5c57eecdbf4df8ac6a
/home/l2e_ayd/cocoa_research/data/raw/roboflow_cocoa/train/images/177F682C-F181-4903-9043-ED7A37A10B23-20_7_48_jpeg.rf.00c37888f87e9ffcbb6d3daf64d3d564.jpg,177F682C-F181-4903-9043-ED7A37A10B23-20_7_48_jpeg.rf.00c37888f87e9ffcbb6d3daf64d3d564.jpg,20c51c9c4a500954aca18232020344daf1b44a3cabf093f2b8dd9095fc65c46f
/home/l2e_ayd/cocoa_research/data/raw/roboflow_cocoa/train/images/1784075F-6FCC-49DB-9C1A-5146C7D93C3A-23_46_55_jpeg.rf.54db574770ac7e07b49ab8e1a5795f90.jpg,1784075F-6FCC-49DB-9C1A-5146C7D93C3A-23_46_55_jpeg.rf.54db574770ac7e07b49ab8e1a5795f90.jpg,873ce976652b90d3f6ad549213fd72eda797ae594f090a7793ad022076c574da
/home/l2e_ayd/cocoa_research/data/raw/roboflow_cocoa/train/images/17A26E93-E20B-4EAE-AD24-C625819D31AE-22_21_50_jpeg.rf.178e810ceed757c9cb8a3675fddda31b.jpg,17A26E93-E20B-4EAE-AD24-C625819D31AE-22_21_50_jpeg.rf.178e810ceed757c9cb8a3675fddda31b.jpg,d013f22424f7ae82c4d2efc891660a65f2415eb239a75b2ada471dffea4f0c09
/home/l2e_ayd/cocoa_research/data/raw/roboflow_cocoa/train/images/17AC86C7-C5AB-448C-AAA21-E152C2A2CA53-23_21_2_jpeg.rf.263511b3ff864f9db6ea4d31a7b33be0.jpg,17AC86C7-C5AB-448C-AAA21-E152C2A2CA53-23_21_2_jpeg.rf.263511b3ff864f9db6ea4d31a7b33be0.jpg,9a50f956f6e91e99e4748805f8788be520cf26d39586b6fc67748d83b9904aa1
/home/l2e_ayd/cocoa_research/data/raw/roboflow_cocoa/train/images/17F2D9D1-DFCD-4026-8ACB-1DABBBCADE6B-1_21_42_jpeg.rf.b1d3c71cf6c8fd625967d3f5b2afd6a0.jpg,17F2D9D1-DFCD-4026-8ACB-1DABBBCADE6B-1_21_42_jpeg.rf.b1d3c71cf6c8fd625967d3f5b2afd6a0.jpg,ce5b25feae8207bef774fb1b2f8b8900a6280eaa90e215c66cd04e994609f04b
/home/l2e_ayd/cocoa_research/data/raw/roboflow_cocoa/train/images/1832AE4D-54F3-41C6-87DE-0C5CBF8820EA-19_9_19_jpeg.rf.2b6ba89d0052ba806882a6d8721ca5e2.jpg,1832AE4D-54F3-41C6-87DE-0C5CBF8820EA-19_9_19_jpeg.rf.2b6ba89d0052ba806882a6d8721ca5e2.jpg,f311ea13967b2acd61483b0fb91784d014d4e45911315c3a176199199c3ac833
/home/l2e_ayd/cocoa_research/data/raw/roboflow_cocoa/train/images/18BA5422-45CD-4CE4-9BE7-E7A3E9D8F5C1-22_25_38_jpeg.rf.083ca87550d681095e704065d2654b5a.jpg,18BA5422-45CD-4CE4-9BE7-E7A3E9D8F5C1-22_25_38_jpeg.rf.083ca87550d681095e704065d2654b5a.jpg,2a289435b492d36ef03f3705b95cabc76ba1b943022c6d0f7c3f9c2b1df96a10
/home/l2e_ayd/cocoa_research/data/raw/roboflow_cocoa/train/images/19179430-FEE5-4B3A-BD4B-BC3CBD71DA2F-0_34_22_jpeg.rf.08228640142162826a740ee8e7a86357.jpg,19179430-FEE5-4B3A-BD4B-BC3CBD71DA2F-0_34_22_jpeg.rf.08228640142162826a740ee8e7a86357.jpg,aaa2db9f15656d963c552a6b51b4fc1d6aadea3ea8d514818a1c89794be68516
/home/l2e_ayd/cocoa_research/data/raw/roboflow_cocoa/train/images/192EE5F6-B4D8-4202-96E7-643BEED92988-23_8_55_jpeg.rf.b87730ce242dac0c273829d5c5c28435.jpg,192EE5F6-B4D8-4202-96E7-643BEED92988-23_8_55_jpeg.rf.b87730ce242dac0c273829d5c5c28435.jpg,152fc018eab7df5b5599529999ad181af15c60a49056ed4b00b66c4ed02e787c
/home/l2e_ayd/cocoa_research/data/raw/roboflow_cocoa/train/images/193D013C-E129-460A-87A5-D61AB1E15AD3-18_11_32_jpeg.rf.e26214e32826383fc2bba02f528a30f7.jpg,193D013C-E129-460A-87A5-D61AB1E15AD3-18_11_32_jpeg.rf.e26214e32826383fc2bba02f528a30f7.jpg,c7c5902a30d7535987d30273cf6fdd5c65f3090d276342d0b467fca37c2aad0a
/home/l2e_ayd/cocoa_research/data/raw/roboflow_cocoa/train/images/194098F6-362D-4C78-94A6-6EBCC383074F-0_4_16_jpeg.rf.9b7f0df4952a44cf6222a791047154d2.jpg,194098F6-362D-4C78-94A6-6EBCC383074F-0_4_16_jpeg.rf.9b7f0df4952a44cf6222a791047154d2.jpg,eb438a55443cb96cb9f37c2eeb434774036a5f7fde76a2605e598c90bb064967
/home/l2e_ayd/cocoa_research/data/raw/roboflow_cocoa/train/images/19547EDF-BAFC-4155-89AD-4B9915234301-23_53_9_jpeg.rf.d19d0bdd66d1f4ad08372213686fe1f0.jpg,19547EDF-BAFC-4155-89AD-4B9915234301-23_53_9_jpeg.rf.d19d0bdd66d1f4ad08372213686fe1f0.jpg,e5f3502bf827798961fa986d0f452b44448a0a0ad7f9279b21ed2298f1ede9c8
/home/l2e_ayd/cocoa_research/data/raw/roboflow_cocoa/train/images/19C5FC5F-DF90-4108-9D96-1BE1EB721E6D-0_26_33_jpeg.rf.c43e3432850f674068c30f8ef4910dcf.jpg,19C5FC5F-DF90-4108-9D96-1BE1EB721E6D-0_26_33_jpeg.rf.c43e3432850f674068c30f8ef4910dcf.jpg,c16dfcda5499d18b9d1bd587f2955bdaccaa47319a238c0cbc298301244ef7a0
/home/l2e_ayd/cocoa_research/data/raw/roboflow_cocoa/train/images/1A21B65C-5657-40F6-AF55-BADC42126CA8-0_54_29_jpeg.rf.f246732b95856dd0cdfcdb112c069399.jpg,1A21B65C-5657-40F6-AF55-BADC42126CA8-0_54_29_jpeg.rf.f246732b95856dd0cdfcdb112c069399.jpg,573a09f15b3ca9f5be1b0ff6d8e3a0339945d2151232edcbf122660d175c8937
/home/l2e_ayd/cocoa_research/data/raw/roboflow_cocoa/train/images/1A481A03-F08A-4050-81E1-F272CF2C13B7-20_43_34_jpeg.rf.5b562e8579cdba59eaf2134296769ea4.jpg,1A481A03-F08A-4050-81E1-F272CF2C13B7-20_43_34_jpeg.rf.5b562e8579cdba59eaf2134296769ea4.jpg,970111b535a5144a29c97b57dd800a7f12d4ad1391ecc8cef166c464018ebd45
/home/l2e_ayd/cocoa_research/data/raw/roboflow_cocoa/train/images/1A72843F-76C6-43FF-B12F-CB8D6C59691E-20_3_47_jpeg.rf.ad1fa872caebcf1ee60a6187cabce5c6.jpg,1A72843F-76C6-43FF-B12F-CB8D6C59691E-20_3_47_jpeg.rf.ad1fa872caebcf1ee60a6187cabce5c6.jpg,67e8fa9b98eb3008f512efb9eb926b95f1b9b9734433b8e0557dccd6141905b6
/home/l2e_ayd/cocoa_research/data/raw/roboflow_cocoa/train/images/1A7DC9EB-510B-4525-A81E-FD5F58ED3197-18_31_17_jpeg.rf.23dd13500ad95d7a1c4911e447857706.jpg,1A7DC9EB-510B-4525-A81E-FD5F58ED3197-18_31_17_jpeg.rf.23dd13500ad95d7a1c4911e447857706.jpg,63995373694732b099d6ea97aeecc568db2a926ce05bffed12b44b9712c11b6e
/home/l2e_ayd/cocoa_research/data/raw/roboflow_cocoa/train/images/1A867F5F-B854-4817-9931-521D672C517B-23_52_23_jpeg.rf.b3f86bf9aa5b32f2afa9d9756bdd5742.jpg,1A867F5F-B854-4817-9931-521D672C517B-23_52_23_jpeg.rf.b3f86bf9aa5b32f2afa9d9756bdd5742.jpg,078258f1d9aad3ea42b53bcf7b9cdf10f566adc70d9965f3453f7c597a05286e
/home/l2e_ayd/cocoa_research/data/raw/roboflow_cocoa/train/images/1B528F9C-D29E-4AF4-A7F6-F623C6900660-22_8_41_jpeg.rf.763853100ceb70a36f4a7dc35f1e9841.jpg,1B528F9C-D29E-4AF4-A7F6-F623C6900660-22_8_41_jpeg.rf.763853100ceb70a36f4a7dc35f1e9841.jpg,a094645d908e93f7a5b6fcf501e938486398f79c607a591b1617624106561532
/home/l2e_ayd/cocoa_research/data/raw/roboflow_cocoa/train/images/1B56FCD1-BB86-421F-BD3B-0E93BB41FFC4-1_37_3_jpeg.rf.5ed96fa6f84b5c02636ce0b43498a8d6.jpg,1B56FCD1-BB86-421F-BD3B-0E93BB41FFC4-1_37_3_jpeg.rf.5ed96fa6f84b5c02636ce0b43498a8d6.jpg,b8dfe5b9d9981fffb7d8eb0d531ae2fd24be93d28f1607e127e6f7b5f480733e
/home/l2e_ayd/cocoa_research/data/raw/roboflow_cocoa/train/images/1B96C52F-A6AB-4069-AA86-16DB8A1A5288-23_29_42_jpeg.rf.9b901c6dbfcf0775dcfec853c28a8e0c.jpg,1B96C52F-A6AB-4069-AA86-16DB8A1A5288-23_29_42_jpeg.rf.9b901c6dbfcf0775dcfec853c28a8e0c.jpg,3932bed6cef7409e24cb48647fb150b3afc279a82b15dff7f245e76f89e3bea4
/home/l2e_ayd/cocoa_research/data/raw/roboflow_cocoa/train/images/1BB66E6C-E643-47AB-A452-42B873D50945-1_16_24_jpeg.rf.b4e61100e179b5471e3206e3441d3f90.jpg,1BB66E6C-E643-47AB-A452-42B873D50945-1_16_24_jpeg.rf.b4e61100e179b5471e3206e3441d3f90.jpg,eb23bcd7c045ed0d09387ad07722c503ddc511cbe33080540586a882b27d8b26
/home/l2e_ayd/cocoa_research/data/raw/roboflow_cocoa/train/images/1BB934E1-8CD2-48F4-864D-64E319F92255-23_3_7_jpeg.rf.39fe016e97efd7b566fef3912e260605.jpg,1BB934E1-8CD2-48F4-864D-64E319F92255-23_3_7_jpeg.rf.39fe016e97efd7b566fef3912e260605.jpg,8f5bf6f44cddf0451d10dff135caad7b1c487ca8176a6500b7901fd3aa5f774c
/home/l2e_ayd/cocoa_research/data/raw/roboflow_cocoa/train/images/1CBA56BE-C994-4CD9-AB7E-CB4BAC223038-22_8_35_jpeg.rf.0b890455de82548a99380af0ce3d035e.jpg,1CBA56BE-C994-4CD9-AB7E-CB4BAC223038-22_8_35_jpeg.rf.0b890455de82548a99380af0ce3d035e.jpg,cbfd81f89aeb45a3c7580a2457eaca81f0246bb76c5cbed2a317507095b9afc6
/home/l2e_ayd/cocoa_research/data/raw/roboflow_cocoa/train/images/1CEEC19B-A02A-4A75-A854-654CC51195A6-1_25_20_jpeg.rf.689c32e97e72dca2462a1ff8cd8cfbe0.jpg,1CEEC19B-A02A-4A75-A854-654CC51195A6-1_25_20_jpeg.rf.689c32e97e72dca2462a1ff8cd8cfbe0.jpg,03f2fafbea1bb34d74b83c1edd2af50dfb05f848e1709ec8525acbc19fec0f4f
/home/l2e_ayd/cocoa_research/data/raw/roboflow_cocoa/train/images/1D1F5E47-6280-4BD5-9821-89478A9EF539-23_28_6_jpeg.rf.ca359407f3c1b6e60b10bd521cb9b0ac.jpg,1D1F5E47-6280-4BD5-9821-89478A9EF539-23_28_6_jpeg.rf.ca359407f3c1b6e60b10bd521cb9b0ac.jpg,82be9fb725454a0682fd576552315ed2ff42d1508037769e55c1703f77dcc097
/home/l2e_ayd/cocoa_research/data/raw/roboflow_cocoa/train/images/1D541AE7-DA97-4FCF-A7C5-CDD8919F3751-22_55_3_jpeg.rf.6bd203f5e987af89afe66ef449825c54.jpg,1D541AE7-DA97-4FCF-A7C5-CDD8919F3751-22_55_3_jpeg.rf.6bd203f5e987af89afe66ef449825c54.jpg,a0068715467791ca00a5da0b327328a580546070105e2e8f7609f1ce8542af43
/home/l2e_ayd/cocoa_research/data/raw/roboflow_cocoa/train/images/1D69977F-C799-4839-851A-A90D71038E94-1_32_58_jpeg.rf.1ba9ba536391a99d46f85046b1e0dd21.jpg,1D69977F-C799-4839-851A-A90D71038E94-1_32_58_jpeg.rf.1ba9ba536391a99d46f85046b1e0dd21.jpg,29de8ab199197baa89f45409fb94704b9f5bc5ba545facb30e3459e3fc54901b
/home/l2e_ayd/cocoa_research/data/raw/roboflow_cocoa/train/images/1D95AA82-FF53-48A7-804B-0D88F2B58E40-23_57_6_jpeg.rf.900d166860ff58919c446902a2b078df.jpg,1D95AA82-FF53-48A7-804B-0D88F2B58E40-23_57_6_jpeg.rf.900d166860ff58919c446902a2b078df.jpg,d7110c5730d41b3dcd09b915f67a2a03ecb7468e55d8c5b6fecb546f87d8829a
/home/l2e_ayd/cocoa_research/data/raw/roboflow_cocoa/train/images/1DE2523A-8C93-483D-ABFE-D849EF250F00-0_6_27_jpeg.rf.4dfb02026d7c10acb9fe83ed93b36cec.jpg,1DE2523A-8C93-483D-ABFE-D849EF250F00-0_6_27_jpeg.rf.4dfb02026d7c10acb9fe83ed93b36cec.jpg,3ba1b0bcc6acfdc022346d5f61a2f400655ddae27b5056691b2dca5b5387046a
/home/l2e_ayd/cocoa_research/data/raw/roboflow_cocoa/train/images/1DEB1F4D-FC34-4741-BFFF-ED7A988E14CF-22_54_28_jpeg.rf.09a8c6aa4bc5d4074c6cf351abc52053.jpg,1DEB1F4D-FC34-4741-BFFF-ED7A988E14CF-22_54_28_jpeg.rf.09a8c6aa4bc5d4074c6cf351abc52053.jpg,7bbafb3490b58cddfaf90ad3d0797f451511f892054a052beeeba5334d42d1d6
/home/l2e_ayd/cocoa_research/data/raw/roboflow_cocoa/train/images/1E4DB586-724E-4FFE-8816-36D241A05CE7-23_43_36_jpeg.rf.87673680ae73f4f94e0d8c4ad564b305.jpg,1E4DB586-724E-4FFE-8816-36D241A05CE7-23_43_36_jpeg.rf.87673680ae73f4f94e0d8c4ad564b305.jpg,a1299c2cf10bbf281eb2f4dab90689d524cc390f6b5f37c5fe7caddfae055555
/home/l2e_ayd/cocoa_research/data/raw/roboflow_cocoa/train/images/1E588E93-F423-4CBD-A483-1ED94D76290D-12_35_20_jpeg.rf.86c98be2752548850ea8fca3f803b342.jpg,1E588E93-F423-4CBD-A483-1ED94D76290D-12_35_20_jpeg.rf.86c98be2752548850ea8fca3f803b342.jpg,42ff998b3f90113dd6fd278b5614ad6ece4ac9d9166831c99c453ee11218c1cf
/home/l2e_ayd/cocoa_research/data/raw/roboflow_cocoa/train/images/1E65F361-9BFB-44B2-A19A-8FB53513C133-22_0_42_jpeg.rf.5130040da47eb53a7ec1fa4319f96a25.jpg,1E65F361-9BFB-44B2-A19A-8FB53513C133-22_0_42_jpeg.rf.5130040da47eb53a7ec1fa4319f96a25.jpg,7bdd4b3c9a02717ce3f471ab69f70f1b4265cb6116933b87480db610d6e53ae8
/home/l2e_ayd/cocoa_research/data/raw/roboflow_cocoa/train/images/1EB24753-159E-4777-8738-3530BACCEEB4-1_27_56_jpeg.rf.144c10a6a7a6715e2b02cd1b15ab8ccd.jpg,1EB24753-159E-4777-8738-3530BACCEEB4-1_27_56_jpeg.rf.144c10a6a7a6715e2b02cd1b15ab8ccd.jpg,b617a85244747665a7d05e9ec5c6cebfa7e7249b36367f2fc128abcf38f8adf8
/home/l2e_ayd/cocoa_research/data/raw/roboflow_cocoa/train/images/1F39E85B-72DB-4E16-9900-B807D9EFCABF-0_51_45_jpeg.rf.554e9f06bf9e8598c76cbca2ade9bb98.jpg,1F39E85B-72DB-4E16-9900-B807D9EFCABF-0_51_45_jpeg.rf.554e9f06bf9e8598c76cbca2ade9bb98.jpg,586f4cfa893cb51209a38d742ef5688c0680998a312b4079457de47daa138d90
/home/l2e_ayd/cocoa_research/data/raw/roboflow_cocoa/train/images/1F3A64F7-9ED0-4057-91AE-7856B262A3E2-0_49_12_jpeg.rf.4803a8142453cc8b0f5d8e8b09bc2dc5.jpg,1F3A64F7-9ED0-4057-91AE-7856B262A3E2-0_49_12_jpeg.rf.4803a8142453cc8b0f5d8e8b09bc2dc5.jpg,7185ac1292c0de4941e3e3191eb058670a82efa6ec05080ae4ebc8c30302108f
/home/l2e_ayd/cocoa_research/data/raw/roboflow_cocoa/train/images/1F5372EF-5CBE-4B9B-BEEE-5758C272761E-23_6_21_jpeg.rf.d61e2fd4d287cbb559da1f6975defe1e.jpg,1F5372EF-5CBE-4B9B-BEEE-5758C272761E-23_6_21_jpeg.rf.d61e2fd4d287cbb559da1f6975defe1e.jpg,cadfc9ad019d88b3b0c01a55132e507ec378486cd9f059c277c2e141b5f60eca
/home/l2e_ayd/cocoa_research/data/raw/roboflow_cocoa/train/images/1F5B0286-9498-4CBC-9BB2-1F8C08B9B369-20_19_41_jpeg.rf.2f59447f04aa8378d7d3a879077267ad.jpg,1F5B0286-9498-4CBC-9BB2-1F8C08B9B369-20_19_41_jpeg.rf.2f59447f04aa8378d7d3a879077267ad.jpg,072b997b4fd0cd178612d25161eaa092e3f799395abd9d0369dea2b1a763ff32
/home/l2e_ayd/cocoa_research/data/raw/roboflow_cocoa/train/images/1FEC8638-4939-48AE-9768-27790FF0D7A3-22_18_18_jpeg.rf.50503b2783e1976767271b5e415e9fb8.jpg,1FEC8638-4939-48AE-9768-27790FF0D7A3-22_18_18_jpeg.rf.50503b2783e1976767271b5e415e9fb8.jpg,ba59e5ddda3cb17fda9dbcb5f7e90d6aa3c49205f205d13316c17bdfed2324d1
/home/l2e_ayd/cocoa_research/data/raw/roboflow_cocoa/train/images/20B8C845-492F-4FF5-AF75-0BC5C72A71F2-23_8_6_jpeg.rf.1878fa30c0f2b86ed4a9cd1f731c1dfc.jpg,20B8C845-492F-4FF5-AF75-0BC5C72A71F2-23_8_6_jpeg.rf.1878fa30c0f2b86ed4a9cd1f731c1dfc.jpg,ba452fd8a73823119c475cce3be578490f2e64cc4a65aba1aa94f39910e9afbf
/home/l2e_ayd/cocoa_research/data/raw/roboflow_cocoa/train/images/20D19715-2CC4-4B0C-9F26-B346639FDA9A-22_49_26_jpeg.rf.37eefd5c17d8510c05fd460c2a89d78b.jpg,20D19715-2CC4-4B0C-9F26-B346639FDA9A-22_49_26_jpeg.rf.37eefd5c17d8510c05fd460c2a89d78b.jpg,babc026e3414432a0cf0cf1deb23cee17b59d293321f689cf3db4d532787d3bd
/home/l2e_ayd/cocoa_research/data/raw/roboflow_cocoa/train/images/20DD8BB7-07DA-45E9-B505-AE58C8503088-10_59_5_jpeg.rf.63c1dbd2c640d42c9da2434769dc15aa.jpg,20DD8BB7-07DA-45E9-B505-AE58C8503088-10_59_5_jpeg.rf.63c1dbd2c640d42c9da2434769dc15aa.jpg,585dfa498e3afa2731895c491a8e6e6d45d9fb3db31a4301e88a9eed62eab00e
/home/l2e_ayd/cocoa_research/data/raw/roboflow_cocoa/train/images/20DF7563-E653-4F1F-8D1A-6BB3F10BFC9A-18_52_34_jpeg.rf.88e6d516f2586d439c5e90a6ca195eaa.jpg,20DF7563-E653-4F1F-8D1A-6BB3F10BFC9A-18_52_34_jpeg.rf.88e6d516f2586d439c5e90a6ca195eaa.jpg,4e18062f5dddfc1c77d9264b6f308e4eba0fca09f8fb761d8d7d727512db6960
/home/l2e_ayd/cocoa_research/data/raw/roboflow_cocoa/train/images/20FC7E83-9742-4D11-A926-6F9819EF20EC-1_11_38_jpeg.rf.8d5d8c6f812014a502419cb924b7a964.jpg,20FC7E83-9742-4D11-A926-6F9819EF20EC-1_11_38_jpeg.rf.8d5d8c6f812014a502419cb924b7a964.jpg,bc71efb86bbeb44b4c09c8c13b917480ed5f9df01f117431c5be5b0959a81fa6
/home/l2e_ayd/cocoa_research/data/raw/roboflow_cocoa/train/images/211B779E-B641-4EAE-8354-190D562A05E3-22_2_58_jpeg.rf.6ffde15155b78e0679e7b79d5b33f098.jpg,211B779E-B641-4EAE-8354-190D562A05E3-22_2_58_jpeg.rf.6ffde15155b78e0679e7b79d5b33f098.jpg,37524da417d09a3e2d9c1e4c73bab25458e8eba506deab1fd831ece1a74252b8
/home/l2e_ayd/cocoa_research/data/raw/roboflow_cocoa/train/images/2135CE87-87AA-4DBF-9DB9-FCB74A9BD273C-23_18_28_jpeg.rf.1f46829ba113ed69724fcf92db1f6b3c.jpg,2135CE87-87AA-4DBF-9DB9-FCB74A9BD273C-23_18_28_jpeg.rf.1f46829ba113ed69724fcf92db1f6b3c.jpg,b2e5d5a7cfddf6215c5ac1407f1189779add26e55e2d3d7ce91b319c8e18cdb0
/home/l2e_ayd/cocoa_research/data/raw/roboflow_cocoa/train/images/22149948-1D3D-4548-991D-E9DD37E838EF-20_19_4_jpeg.rf.f8f93598ad71573c00b740149b872095.jpg,22149948-1D3D-4548-991D-E9DD37E838EF-20_19_4_jpeg.rf.f8f93598ad71573c00b740149b872095.jpg,36c3aa92e3ce9d1fd5bee24a1fb14012817ff19bf5c5e58e67553c2635895c62
/home/l2e_ayd/cocoa_research/data/raw/roboflow_cocoa/train/images/2255245E-8E08-4709-8D50-BFC9F3FF492C-22_23_24_jpeg.rf.14aa1aea1a743584462101a259dfa8a3.jpg,2255245E-8E08-4709-8D50-BFC9F3FF492C-22_23_24_jpeg.rf.14aa1aea1a743584462101a259dfa8a3.jpg,f9cabfeffecc4bd29fed9fbbabef64449c4ddd7cf7e173948347c470232d9a67
/home/l2e_ayd/cocoa_research/data/raw/roboflow_cocoa/train/images/2272933A-BEFE-4933-8856-2D0E566FF7E2-0_8_44_jpeg.rf.660b2f6fed28cc4089b85eb91cadd5eb.jpg,2272933A-BEFE-4933-8856-2D0E566FF7E2-0_8_44_jpeg.rf.660b2f6fed28cc4089b85eb91cadd5eb.jpg,77ec2f87d98add26a7e8281158bf06a558d1bf15be60b1500edd270c8542f295
/home/l2e_ayd/cocoa_research/data/raw/roboflow_cocoa/train/images/2296D14B-36DF-4CBE-B52E-3C6ECAE411D7-23_4_14_jpeg.rf.a050c5498f7b915a6e8cdd90253dcc7d.jpg,2296D14B-36DF-4CBE-B52E-3C6ECAE411D7-23_4_14_jpeg.rf.a050c5498f7b915a6e8cdd90253dcc7d.jpg,3972ec566d998b000e3c2ded94128d28e4c9353ea3cda6dfd9fbc7d5f088464b
/home/l2e_ayd/cocoa_research/data/raw/roboflow_cocoa/train/images/22E6DEC7-A8A1-4FD9-8168-70BA45C9745F-23_32_51_jpeg.rf.bee8b025bbeb4877326f31bae6e5f43d.jpg,22E6DEC7-A8A1-4FD9-8168-70BA45C9745F-23_32_51_jpeg.rf.bee8b025bbeb4877326f31bae6e5f43d.jpg,5d73826ff3fd0814e3166298716c081a6df6d6f41e4498478d34147e044109c7
/home/l2e_ayd/cocoa_research/data/raw/roboflow_cocoa/train/images/2315668C-575D-4BD0-992C-C82279617984-23_10_7_jpeg.rf.cf16312d837fec1a18ed9b6fec970825.jpg,2315668C-575D-4BD0-992C-C82279617984-23_10_7_jpeg.rf.cf16312d837fec1a18ed9b6fec970825.jpg,6b264a4ddb420a9d10983585f054d2b1928127d8756990feb6f4ae95d1ed4f94
/home/l2e_ayd/cocoa_research/data/raw/roboflow_cocoa/train/images/231C3932-5858-4018-A4CF-736AE21A9066-0_3_59_jpeg.rf.80c7333d9cd73ed4d5a3e1b015404733.jpg,231C3932-5858-4018-A4CF-736AE21A9066-0_3_59_jpeg.rf.80c7333d9cd73ed4d5a3e1b015404733.jpg,73ff20820f4467df53ec4cd5d5ba70f1b2a2a8c5c61197374f5b702851c44dbe
/home/l2e_ayd/cocoa_research/data/raw/roboflow_cocoa/train/images/2321BA05-2228-4A93-B5FE-67EBC6A691DB-23_17_43_jpeg.rf.eecfec3bd767f47734574c1ea829579b.jpg,2321BA05-2228-4A93-B5FE-67EBC6A691DB-23_17_43_jpeg.rf.eecfec3bd767f47734574c1ea829579b.jpg,6246d55ae641f60d713069deca0df17f14297446a9208880b133eae488635b62
/home/l2e_ayd/cocoa_research/data/raw/roboflow_cocoa/train/images/23311B92-4327-4E87-A05A-9C91A22BB9DC-19_21_12_jpeg.rf.11c78cdd2e2b01cf76610eafc4af91d9.jpg,23311B92-4327-4E87-A05A-9C91A22BB9DC-19_21_12_jpeg.rf.11c78cdd2e2b01cf76610eafc4af91d9.jpg,a64b8371c1c77601e37999a4c05ba396ed5138e0e3cb5b01f681eaf54e1d7d2d
/home/l2e_ayd/cocoa_research/data/raw/roboflow_cocoa/train/images/2347664D-3AA5-47DE-ABA1-59C6BE326E72-23_13_51_jpeg.rf.28ad4c72c3d7701faf48e7b7ed23da68.jpg,2347664D-3AA5-47DE-ABA1-59C6BE326E72-23_13_51_jpeg.rf.28ad4c72c3d7701faf48e7b7ed23da68.jpg,9916d9b2efc08d39066d7177ddd72a979d513e99d664d262c2436426555e5e6b
/home/l2e_ayd/cocoa_research/data/raw/roboflow_cocoa/train/images/23696D2A-54AE-4E49-9D20-45EEA821DD7A2-23_30_50_jpeg.rf.2c502cbf64ba36271c73035255a95a8d.jpg,23696D2A-54AE-4E49-9D20-45EEA821DD7A2-23_30_50_jpeg.rf.2c502cbf64ba36271c73035255a95a8d.jpg,c8bf5fb2aab970f960772cc25b7844765334546f11950b3f8702f5423a3ad44c
/home/l2e_ayd/cocoa_research/data/raw/roboflow_cocoa/train/images/237887C0-F958-4096-9520-E65AA2C7926B-1_2_44_jpeg.rf.7411c358a1d2977a713449f01ba28119.jpg,237887C0-F958-4096-9520-E65AA2C7926B-1_2_44_jpeg.rf.7411c358a1d2977a713449f01ba28119.jpg,74cec5cfc52fd3f4b87ed7be030a3fdec6ee8a3f66fa96beb7f5eb355e11e9cf
/home/l2e_ayd/cocoa_research/data/raw/roboflow_cocoa/train/images/2423F51A-9095-4CB8-9594-83572382D83A-19_32_35_jpeg.rf.5099c85a9a93482ab314c8500752c6a1.jpg,2423F51A-9095-4CB8-9594-83572382D83A-19_32_35_jpeg.rf.5099c85a9a93482ab314c8500752c6a1.jpg,260c28650e061611b11053a97bdff9fbf6fa0c67fcbb9d5c0c8c09a76df63f31
/home/l2e_ayd/cocoa_research/data/raw/roboflow_cocoa/train/images/247F00E6-87DF-4287-B23F-4199E4F0C55E-1_21_59_jpeg.rf.7feba27ac278b12ee21626e7383cc5aa.jpg,247F00E6-87DF-4287-B23F-4199E4F0C55E-1_21_59_jpeg.rf.7feba27ac278b12ee21626e7383cc5aa.jpg,194a9f49317d1910d87b1e6f161422907f504430834b76d52cd3089aa915d11e
/home/l2e_ayd/cocoa_research/data/raw/roboflow_cocoa/train/images/2520BCE9-9A1F-4C12-90BF-0474F59DEE9F-23_34_59_jpeg.rf.21a7487783845dbd067a969e723549d6.jpg,2520BCE9-9A1F-4C12-90BF-0474F59DEE9F-23_34_59_jpeg.rf.21a7487783845dbd067a969e723549d6.jpg,22e6b6812989be8615b4695ca58b0aba708fb31b8736bea921ceb9a9baccdf21
/home/l2e_ayd/cocoa_research/data/raw/roboflow_cocoa/train/images/252FF2A1-72D1-43CB-B238-5BF0B87560BF-1_18_20_jpeg.rf.8e4b1d7b09df6683c3f57571e514e448.jpg,252FF2A1-72D1-43CB-B238-5BF0B87560BF-1_18_20_jpeg.rf.8e4b1d7b09df6683c3f57571e514e448.jpg,4533d1d2aeef49c7076cf0f322ab42fb52ca71e53e858add68fb1b20295b20d8
/home/l2e_ayd/cocoa_research/data/raw/roboflow_cocoa/train/images/257BEE64-9D29-4FC3-AB0B-64D27C2CA9CC-23_27_3_jpeg.rf.3831166f20192226abdec47ba23dd0b4.jpg,257BEE64-9D29-4FC3-AB0B-64D27C2CA9CC-23_27_3_jpeg.rf.3831166f20192226abdec47ba23dd0b4.jpg,b6922cec31ea5b07ab9fa338e036099177784782ff43d8e21c471ee838f3320f
/home/l2e_ayd/cocoa_research/data/raw/roboflow_cocoa/train/images/257E7D56-477F-4EE5-8E80-1AAA314F06A0-0_56_21_jpeg.rf.542d8f662cc2c6c84a3d03f066db75e6.jpg,257E7D56-477F-4EE5-8E80-1AAA314F06A0-0_56_21_jpeg.rf.542d8f662cc2c6c84a3d03f066db75e6.jpg,47f8210126584b9c70705373e8fd1050017415219fc9d5b9c25c4e975a507faa
/home/l2e_ayd/cocoa_research/data/raw/roboflow_cocoa/train/images/25A484AB-E89B-47A4-96D5-B97F9CF93E22-19_16_56_jpeg.rf.13310d33feeca968dc1c9a1c138e41f2.jpg,25A484AB-E89B-47A4-96D5-B97F9CF93E22-19_16_56_jpeg.rf.13310d33feeca968dc1c9a1c138e41f2.jpg,ba180047f7edd54adf66409844961d59683595bfee9bc2ea4db08004b0747790
/home/l2e_ayd/cocoa_research/data/raw/roboflow_cocoa/train/images/25C3CDD1-CFCB-4D7C-BDBA-CE85DE420E08-0_30_59-1-_jpeg.rf.3c7f444bad6b1998def1cebc748f0ba6.jpg,25C3CDD1-CFCB-4D7C-BDBA-CE85DE420E08-0_30_59-1-_jpeg.rf.3c7f444bad6b1998def1cebc748f0ba6.jpg,32745d04b59f23e6b28aa44b61d900754275e4c3c898a63acbe02776bf99473f
/home/l2e_ayd/cocoa_research/data/raw/roboflow_cocoa/train/images/25E2AD72-D652-4932-9978-32C35B138AFB-22_50_52_jpeg.rf.b4a7d4713dfaa54efac97f00906cc263.jpg,25E2AD72-D652-4932-9978-32C35B138AFB-22_50_52_jpeg.rf.b4a7d4713dfaa54efac97f00906cc263.jpg,77b19a439b63a2e08b43973126280d7ec188219ba53af350cc75248016a84c64
/home/l2e_ayd/cocoa_research/data/raw/roboflow_cocoa/train/images/25EDA255-EA0A-4FDC-9DBF-49855C758543-0_55_31_jpeg.rf.985de236fd68f31bb5a16d4361fc7b70.jpg,25EDA255-EA0A-4FDC-9DBF-49855C758543-0_55_31_jpeg.rf.985de236fd68f31bb5a16d4361fc7b70.jpg,0d2d13739c7f22c6091d858f315c71bfe9f1fd30116cd3342d4f43cf1e79d9e4
/home/l2e_ayd/cocoa_research/data/raw/roboflow_cocoa/train/images/2608313C-DF7D-4A58-BF4A-9A6AD8D3DE66-21_48_31_jpeg.rf.929e9021d80cd543a34de76f2c996245.jpg,2608313C-DF7D-4A58-BF4A-9A6AD8D3DE66-21_48_31_jpeg.rf.929e9021d80cd543a34de76f2c996245.jpg,87fcd35864a57e23df5715cd74f131485e21cab676527b7e601a2e66ed6fca96
/home/l2e_ayd/cocoa_research/data/raw/roboflow_cocoa/train/images/262E6D47-3275-4661-AFE3-7CD3FC770D27-23_20_37_jpeg.rf.a8ec0c7c3edc4cdc5d91d5ebef5d2519.jpg,262E6D47-3275-4661-AFE3-7CD3FC770D27-23_20_37_jpeg.rf.a8ec0c7c3edc4cdc5d91d5ebef5d2519.jpg,74561722cd94b6f2e600e47c3c83fdea868e2287a4419805a92bf95c18b2df87
/home/l2e_ayd/cocoa_research/data/raw/roboflow_cocoa/train/images/265536A6-4D8A-43C1-9DDD-95C202E8ACF1-18_35_59_jpeg.rf.2f6490d129cdfe918c2e5a9394379f3e.jpg,265536A6-4D8A-43C1-9DDD-95C202E8ACF1-18_35_59_jpeg.rf.2f6490d129cdfe918c2e5a9394379f3e.jpg,34382b591e34bc6567a5f3f223c1a1e285c9b06e11bcf944c4d71459eb9081c2
/home/l2e_ayd/cocoa_research/data/raw/roboflow_cocoa/train/images/26D48A22-9220-4A82-A99PF-3D741CE845FE-23_21_56_jpeg.rf.3f1ceac299294b4c2d4db8a193856f22.jpg,26D48A22-9220-4A82-A99PF-3D741CE845FE-23_21_56_jpeg.rf.3f1ceac299294b4c2d4db8a193856f22.jpg,ad0653279f0c73299684de0f81e97259effbceea2a84eaba00cc57c6aa682832
/home/l2e_ayd/cocoa_research/data/raw/roboflow_cocoa/train/images/26DFD307-C60E-422C-917F-0F35FAB91EE6-0_8_36_jpeg.rf.7ed0326d0066e6e8fabfbabea465d769.jpg,26DFD307-C60E-422C-917F-0F35FAB91EE6-0_8_36_jpeg.rf.7ed0326d0066e6e8fabfbabea465d769.jpg,6e62a2207c0480343c9636771a9add63ac5c60e056276ba8418d703973687f1d
/home/l2e_ayd/cocoa_research/data/raw/roboflow_cocoa/train/images/26FFAA70-D98C-4E35-BF1A-24FCBC85B880-22_56_42_jpeg.rf.c04405f4fb83308690cf4583c9c7c1d5.jpg,26FFAA70-D98C-4E35-BF1A-24FCBC85B880-22_56_42_jpeg.rf.c04405f4fb83308690cf4583c9c7c1d5.jpg,cd17e3d46f848c621eb2a9393c7fe9d85a2d0dea85611e846e8047be8dcb99f5
/home/l2e_ayd/cocoa_research/data/raw/roboflow_cocoa/train/images/27438CDC-FA74-4F30-B7A0-314077D87381-0_18_19-1-_jpeg.rf.97986cf829826bd0d8f23d5a83fb4ab2.jpg,27438CDC-FA74-4F30-B7A0-314077D87381-0_18_19-1-_jpeg.rf.97986cf829826bd0d8f23d5a83fb4ab2.jpg,7a0a90a1b5879bd075449cefa0fe6938671385efc734ea68478ab8c5c7a7e5e0
/home/l2e_ayd/cocoa_research/data/raw/roboflow_cocoa/train/images/2758308A-8C05-46C8-9D5E-B8C21DD8C8A1-0_4_50_jpeg.rf.c3b41b765f38192b193c2d5184919b12.jpg,2758308A-8C05-46C8-9D5E-B8C21DD8C8A1-0_4_50_jpeg.rf.c3b41b765f38192b193c2d5184919b12.jpg,a43af74f95ad12fd7f7e268b08885827c45ff961be0fba6b7053fbd0ac1e9cd0
/home/l2e_ayd/cocoa_research/data/raw/roboflow_cocoa/train/images/27DDD8B2-E4E8-4AAB-A42C-83DEE2AD2F87-22_55_41_jpeg.rf.31e06a817754da83a2c979bad2729fa7.jpg,27DDD8B2-E4E8-4AAB-A42C-83DEE2AD2F87-22_55_41_jpeg.rf.31e06a817754da83a2c979bad2729fa7.jpg,4c4fd7576f85ef8cf40cc6a2ced7e9bcc4b5858b1281872a9556b3ce63f2f546
/home/l2e_ayd/cocoa_research/data/raw/roboflow_cocoa/train/images/28662DDB-029E-48AB-A2E9-EBDED9606908-0_22_27_jpeg.rf.1507a1f22bb2b0adc9c54c8203a96fd9.jpg,28662DDB-029E-48AB-A2E9-EBDED9606908-0_22_27_jpeg.rf.1507a1f22bb2b0adc9c54c8203a96fd9.jpg,5cd3a27003866f942abb26587ae3c77af4d40ec7cd16d3264a44cfeb2bb96e6b
/home/l2e_ayd/cocoa_research/data/raw/roboflow_cocoa/train/images/2875DE9C-E6A4-4CD5-AAE0-B5B5C6176742-0_21_37_jpeg.rf.81ce044bb207199b95f87806a69000cd.jpg,2875DE9C-E6A4-4CD5-AAE0-B5B5C6176742-0_21_37_jpeg.rf.81ce044bb207199b95f87806a69000cd.jpg,eb1aeaf4736a623f20ea25feb7fb0c6a1dabb849a6a6659687c502f34f5e296d
/home/l2e_ayd/cocoa_research/data/raw/roboflow_cocoa/train/images/28E65C27-8EFE-436D-A1E4-60EDF5943D07-0_2_31_jpeg.rf.d8e90c5095cbb9867754bebee96f788c.jpg,28E65C27-8EFE-436D-A1E4-60EDF5943D07-0_2_31_jpeg.rf.d8e90c5095cbb9867754bebee96f788c.jpg,48e229cca07c8d82e665604e1ef96d867da7fe13f01c10eaa5acca4ac96c3729
/home/l2e_ayd/cocoa_research/data/raw/roboflow_cocoa/train/images/28EEDB1B-EA7A-4D3A-9B08-94CD4D2271DF-22_37_16_jpeg.rf.afc1aa1dc0ce730c9d2689c6a6feae16.jpg,28EEDB1B-EA7A-4D3A-9B08-94CD4D2271DF-22_37_16_jpeg.rf.afc1aa1dc0ce730c9d2689c6a6feae16.jpg,559e086a4572f231f01f2810ab99e3948beaf55780dd7f01dda554f7e7c65770
/home/l2e_ayd/cocoa_research/data/raw/roboflow_cocoa/train/images/29016F57-9B8D-40D1-8B9A-2FAF32E682D8-0_49_30_jpeg.rf.635826181ac97322b44409972f13f672.jpg,29016F57-9B8D-40D1-8B9A-2FAF32E682D8-0_49_30_jpeg.rf.635826181ac97322b44409972f13f672.jpg,443a7c883969441e2f1576db63fc59cae3f1cb73c4b26535033ddcc28680695f
/home/l2e_ayd/cocoa_research/data/raw/roboflow_cocoa/train/images/29285CCF-A7AE-448C-856C-71D3827A35FE-19_21_48_jpeg.rf.dac591203fa219b350e1b6115333e27d.jpg,29285CCF-A7AE-448C-856C-71D3827A35FE-19_21_48_jpeg.rf.dac591203fa219b350e1b6115333e27d.jpg,0182f08cc6c8efac35d126c9fc0b742b3860478975f91e80315aa8093b3243ca
/home/l2e_ayd/cocoa_research/data/raw/roboflow_cocoa/train/images/296EEC70-2AF8-41BC-9C41-C4D15B213EEA-0_4_6_jpeg.rf.a2d7a29f06a84ef712b79896c1ef8304.jpg,296EEC70-2AF8-41BC-9C41-C4D15B213EEA-0_4_6_jpeg.rf.a2d7a29f06a84ef712b79896c1ef8304.jpg,7748714e23266eb38e3ce027adf466f4bc2baa72f05564f5e387826e6b17e156
/home/l2e_ayd/cocoa_research/data/raw/roboflow_cocoa/train/images/29DA69D3-8FC6-40F8-9EBD-6B4C1B6F90A6-18_21_50_jpeg.rf.56db2b97ed719f7caa2f6c4a9a8a5e8b.jpg,29DA69D3-8FC6-40F8-9EBD-6B4C1B6F90A6-18_21_50_jpeg.rf.56db2b97ed719f7caa2f6c4a9a8a5e8b.jpg,689d79cbe1ff24e9644b7bad2d9225e166bee010fea4587863c1966aa6c70f0c
/home/l2e_ayd/cocoa_research/data/raw/roboflow_cocoa/train/images/2A2DF8DC-F6BB-4DFC-B526-E5D37B2F4240-0_14_54_jpeg.rf.8f0b50639f75e7e9ec7fbbf8bb4f329c.jpg,2A2DF8DC-F6BB-4DFC-B526-E5D37B2F4240-0_14_54_jpeg.rf.8f0b50639f75e7e9ec7fbbf8bb4f329c.jpg,f36d30c82f80320a70590beea72b706f159174a35a255242317cd4ccd5d854e1
/home/l2e_ayd/cocoa_research/data/raw/roboflow_cocoa/train/images/2A36720A-EBCC-464E-84C3-C781AF441A89-19_28_0_jpeg.rf.34fe6e1b48d47cf909364c055ee1f7db.jpg,2A36720A-EBCC-464E-84C3-C781AF441A89-19_28_0_jpeg.rf.34fe6e1b48d47cf909364c055ee1f7db.jpg,80f16494b2c343124d509dd984cb55d26aef4b28f368b5a53d3e5af5ab8bc0d1
/home/l2e_ayd/cocoa_research/data/raw/roboflow_cocoa/train/images/2A67C872-BFF7-49A9-828C-E15B654D9B6B-0_15_6_jpeg.rf.d11268de9e156335fc2730fb932b026d.jpg,2A67C872-BFF7-49A9-828C-E15B654D9B6B-0_15_6_jpeg.rf.d11268de9e156335fc2730fb932b026d.jpg,fc95857f719665e250aafab8f8e0d89c79da868bb4130680cd77a6288d375220
/home/l2e_ayd/cocoa_research/data/raw/roboflow_cocoa/train/images/2AB00CA5-C724-4869-AE49-9F94792C16F8-22_1_32_jpeg.rf.9ac35f32b0bb482478ffd8cdf6ea2078.jpg,2AB00CA5-C724-4869-AE49-9F94792C16F8-22_1_32_jpeg.rf.9ac35f32b0bb482478ffd8cdf6ea2078.jpg,44e8250e04a3f0d2d1399381eec8b849021ffc679cdbc418500e223d043b29ec
/home/l2e_ayd/cocoa_research/data/raw/roboflow_cocoa/train/images/2AC78BDD-4BAE-41BF-AAC5-0C77263A46BD-23_34_9_jpeg.rf.8d78658a25c10d77120242e4a6e70a89.jpg,2AC78BDD-4BAE-41BF-AAC5-0C77263A46BD-23_34_9_jpeg.rf.8d78658a25c10d77120242e4a6e70a89.jpg,17252f5319486ea93360b3dbd756a24c694ae58efe65e736469adaed39e00a61
/home/l2e_ayd/cocoa_research/data/raw/roboflow_cocoa/train/images/2ADC7976-7415-45C9-ACCD-452A6F676E1A-23_11_14_jpeg.rf.4816eeec90537f09256249584c90cf62.jpg,2ADC7976-7415-45C9-ACCD-452A6F676E1A-23_11_14_jpeg.rf.4816eeec90537f09256249584c90cf62.jpg,ed5bc407e7cdca106b0572832706dd0ff5d0c42adc2a0fb78e35f766c05d9917
/home/l2e_ayd/cocoa_research/data/raw/roboflow_cocoa/train/images/2AEFE77A-8BF0-43D7-9D12-7100F47DF871-23_40_5_jpeg.rf.38ad50162c2f18da710f9577a50ed0b9.jpg,2AEFE77A-8BF0-43D7-9D12-7100F47DF871-23_40_5_jpeg.rf.38ad50162c2f18da710f9577a50ed0b9.jpg,81e2eaf88a1b969bd32f0790ac02756146c1fb737e49a5fb0048aca560f0d310
/home/l2e_ayd/cocoa_research/data/raw/roboflow_cocoa/train/images/2AF4047A-AE2D-4F7D-BEF9-96FA81DF3DA5-23_24_39_jpeg.rf.12f8bdb5aeb4da642a536782dedcfb06.jpg,2AF4047A-AE2D-4F7D-BEF9-96FA81DF3DA5-23_24_39_jpeg.rf.12f8bdb5aeb4da642a536782dedcfb06.jpg,b44ffb840efc724878675a20cd00ef4c50a43b418485a036d30c0302c62d1d88
/home/l2e_ayd/cocoa_research/data/raw/roboflow_cocoa/train/images/2B3A80F5-84F2-477F-8AD2-A13E9A6510EC-23_31_50_jpeg.rf.e41b7d032e7045c8d72acc90370eba37.jpg,2B3A80F5-84F2-477F-8AD2-A13E9A6510EC-23_31_50_jpeg.rf.e41b7d032e7045c8d72acc90370eba37.jpg,aa0dd39ba307f8e6159eb8e309510faaf8f43644e79115ec28254deb1780c2d1
/home/l2e_ayd/cocoa_research/data/raw/roboflow_cocoa/train/images/2B47C54D-3FFD-40AD-8106-E183B99F0927-23_24_22_jpeg.rf.0ae25628afc0e44e4569ef53b4cf3006.jpg,2B47C54D-3FFD-40AD-8106-E183B99F0927-23_24_22_jpeg.rf.0ae25628afc0e44e4569ef53b4cf3006.jpg,1d60ff6d696d3d5c451172b00279bd7e2287ef6f4c2092eb667877eadb66b4c3
/home/l2e_ayd/cocoa_research/data/raw/roboflow_cocoa/train/images/2B551CE8-29AD-4D73-A5AB-2CB20CDE04D7-19_21_25_jpeg.rf.6e50623370d26ad23437b7f0043f8581.jpg,2B551CE8-29AD-4D73-A5AB-2CB20CDE04D7-19_21_25_jpeg.rf.6e50623370d26ad23437b7f0043f8581.jpg,57136efb9e039f2accaf925f7083667a2039041d9fc6ae8d8dc6e149ba462426
/home/l2e_ayd/cocoa_research/data/raw/roboflow_cocoa/train/images/2BE9A971-6F4A-4232-B6C0-D6C8794DB6E3-18_11_2_jpeg.rf.fbe3af0beec9b79fe99f48db95930009.jpg,2BE9A971-6F4A-4232-B6C0-D6C8794DB6E3-18_11_2_jpeg.rf.fbe3af0beec9b79fe99f48db95930009.jpg,15faeecebb7fbdf72ddf16b587d3da892b8e6aadfc780a2ff374a481fffc067c
/home/l2e_ayd/cocoa_research/data/raw/roboflow_cocoa/train/images/2BEB4A89-3AC5-405F-9978-44803A511389-23_8_33_jpeg.rf.523f3637adba489d89a4fe958b0db313.jpg,2BEB4A89-3AC5-405F-9978-44803A511389-23_8_33_jpeg.rf.523f3637adba489d89a4fe958b0db313.jpg,5a1dff5394e88debe49b3d5e098d8417013fd4904d0603ee3d791b1e74c7633a
/home/l2e_ayd/cocoa_research/data/raw/roboflow_cocoa/train/images/2C150644-8EB6-480F-B6B0-E3AADF5F0312-18_40_35_jpeg.rf.723ecee47e0e5a48a9f89f9c15702667.jpg,2C150644-8EB6-480F-B6B0-E3AADF5F0312-18_40_35_jpeg.rf.723ecee47e0e5a48a9f89f9c15702667.jpg,08533a1edba331cbc20a692d5c92486125bcfe9af4adadeb617882ab7fa193e1
/home/l2e_ayd/cocoa_research/data/raw/roboflow_cocoa/train/images/2C176679-C57C-4426-831F-25D57E41A6ED-19_30_26_jpeg.rf.a48dc9e75529248b6346572cb8c42e49.jpg,2C176679-C57C-4426-831F-25D57E41A6ED-19_30_26_jpeg.rf.a48dc9e75529248b6346572cb8c42e49.jpg,5b52ccdd6d2af135a64c6b46e63fbd386486e4736381add251a1bf2c527ca8c8
/home/l2e_ayd/cocoa_research/data/raw/roboflow_cocoa/train/images/2C1D7906-11B0-4B53-BA2E-B9441E9F5C60-19_16_47_jpeg.rf.a0e5682521059e2afa738736c51be789.jpg,2C1D7906-11B0-4B53-BA2E-B9441E9F5C60-19_16_47_jpeg.rf.a0e5682521059e2afa738736c51be789.jpg,f7da7eab1adbb6b9ac786d10836432efb649d221eaecd6c6bab18292468155b5
/home/l2e_ayd/cocoa_research/data/raw/roboflow_cocoa/train/images/2C1FB6D0-B85B-4285-BC79-EAE6F3EACACC-0_28_55_jpeg.rf.0c5e45553a244faacdf314c67cd894eb.jpg,2C1FB6D0-B85B-4285-BC79-EAE6F3EACACC-0_28_55_jpeg.rf.0c5e45553a244faacdf314c67cd894eb.jpg,1bfa5594990eb0dd124dbc0fc243cdcb5a1f6dc46cd6c4e1a1a79f13490c7886
/home/l2e_ayd/cocoa_research/data/raw/roboflow_cocoa/train/images/2C93683B-B81D-4A97-9716-0027C443C5EA-22_54_16-1-_jpeg.rf.2de31d440ad87ef63ecbe90da0662d53.jpg,2C93683B-B81D-4A97-9716-0027C443C5EA-22_54_16-1-_jpeg.rf.2de31d440ad87ef63ecbe90da0662d53.jpg,09715320ab9867da18d7432e5dbf9d550f13f3927b499aa74b15ea50119f9c69
/home/l2e_ayd/cocoa_research/data/raw/roboflow_cocoa/train/images/2C9C331F-C643-4DEC-9C68-82667DF925CC-22_17_31_jpeg.rf.3c54d4b249642d5a248d818ea018ee39.jpg,2C9C331F-C643-4DEC-9C68-82667DF925CC-22_17_31_jpeg.rf.3c54d4b249642d5a248d818ea018ee39.jpg,582586d09272881c6c3c95ea6efb99ca2f39231ed7d621230b0867939ecadcc2
/home/l2e_ayd/cocoa_research/data/raw/roboflow_cocoa/train/images/2CB31D58-03A4-4285-B266-404D71760305-19_53_8_jpeg.rf.0f7a0c619eff426fbe0e7bbfc204eb64.jpg,2CB31D58-03A4-4285-B266-404D71760305-19_53_8_jpeg.rf.0f7a0c619eff426fbe0e7bbfc204eb64.jpg,d6105bd1f0f819e8bfc82857d2fba839393e867265caa61305abd3df57d5fbe0
/home/l2e_ayd/cocoa_research/data/raw/roboflow_cocoa/train/images/2CB8DF9D-272E-4E2A-9417-2DDF579835B8-22_9_26_jpeg.rf.14d0497429be8d74dab253466a423fde.jpg,2CB8DF9D-272E-4E2A-9417-2DDF579835B8-22_9_26_jpeg.rf.14d0497429be8d74dab253466a423fde.jpg,c1ec4a723bd94ddc414ac44f185abb5dbf1da5eaebc65284af293e82f7cbaeb8
/home/l2e_ayd/cocoa_research/data/raw/roboflow_cocoa/train/images/2D047C44-6D39-44DC-922B-8CC8B74E6F93-0_41_47_jpeg.rf.f39362ddf5c8cb5944d7eb5ebc640526.jpg,2D047C44-6D39-44DC-922B-8CC8B74E6F93-0_41_47_jpeg.rf.f39362ddf5c8cb5944d7eb5ebc640526.jpg,ca36a519de8bcdf0bc1863d35a30ce214e45ee46e25be4a67bf3c5a875d2c7f8
/home/l2e_ayd/cocoa_research/data/raw/roboflow_cocoa/train/images/2D0CBC8C-5D08-4FC3-B1F4-4E76971011A9-22_40_18_jpeg.rf.92a92e700ef004e26ca793d682fe28cc.jpg,2D0CBC8C-5D08-4FC3-B1F4-4E76971011A9-22_40_18_jpeg.rf.92a92e700ef004e26ca793d682fe28cc.jpg,2e389e0772e8c02a1e3e2253c942c8ab74ae6d91ea03251b2174060ed5d47ad9
/home/l2e_ayd/cocoa_research/data/raw/roboflow_cocoa/train/images/2D992A4D-BBCF-4E72-B5B2-BC278418BB07-1_10_3_jpeg.rf.83f0a786e74d77fb043485f3af844e3d.jpg,2D992A4D-BBCF-4E72-B5B2-BC278418BB07-1_10_3_jpeg.rf.83f0a786e74d77fb043485f3af844e3d.jpg,e12dfdda1d4bd0186538bbbc50adf59bff4f8ad0a3e0680836faebdc74c47a4b
/home/l2e_ayd/cocoa_research/data/raw/roboflow_cocoa/train/images/2DD1E538-77FA-40B7-9676-7FC30956C4D8-0_21_45_jpeg.rf.7c0e8a7b6fca63d9a257f79560abdeed.jpg,2DD1E538-77FA-40B7-9676-7FC30956C4D8-0_21_45_jpeg.rf.7c0e8a7b6fca63d9a257f79560abdeed.jpg,78367cfb86d413878660effe2ea06ad691ad7471df78b2d32852f9db600ea63e
/home/l2e_ayd/cocoa_research/data/raw/roboflow_cocoa/train/images/2E278544-59C7-40D6-A2F0-C284BC11C7ED-22_16_0_jpeg.rf.d5f5339324153f1860b3aa38f2733d3a.jpg,2E278544-59C7-40D6-A2F0-C284BC11C7ED-22_16_0_jpeg.rf.d5f5339324153f1860b3aa38f2733d3a.jpg,100c5f7822ab71b861300a0aadd7d715b592f3cb843c50d68bc77f73b44b8acc
/home/l2e_ayd/cocoa_research/data/raw/roboflow_cocoa/train/images/2E61AC4D-9576-4F03-A08A-33460C3400DB-19_10_50_jpeg.rf.e68cac60d78bfc9ed25f629c52ae246f.jpg,2E61AC4D-9576-4F03-A08A-33460C3400DB-19_10_50_jpeg.rf.e68cac60d78bfc9ed25f629c52ae246f.jpg,bd890da11d7830bb4c50644ef55ff17729a85055909d353175015fd89785e747
/home/l2e_ayd/cocoa_research/data/raw/roboflow_cocoa/train/images/2E80373A-A196-417B-8B13-305A37E1D15B-1_4_25-1-_jpeg.rf.41855c668960861b679e00d1c2eb3f32.jpg,2E80373A-A196-417B-8B13-305A37E1D15B-1_4_25-1-_jpeg.rf.41855c668960861b679e00d1c2eb3f32.jpg,9f536f9bfd5d4bf1e5127ee42c64f90ded78a1bde78b78c1f1d0b8d4a9468fb0
/home/l2e_ayd/cocoa_research/data/raw/roboflow_cocoa/train/images/2E8183A4-CAD1-4CC8-A73D-41809FB9FF5C-0_12_43_jpeg.rf.3146ad956e351c4bd7f7e2a7f7e22d80.jpg,2E8183A4-CAD1-4CC8-A73D-41809FB9FF5C-0_12_43_jpeg.rf.3146ad956e351c4bd7f7e2a7f7e22d80.jpg,49ec875895c8aee2a3dd5d002e664e1dca169c65ea150990f993127f2fd90f70
/home/l2e_ayd/cocoa_research/data/raw/roboflow_cocoa/train/images/2ED72D0B-2F20-453F-97F0-3417713D83D7-23_22_1_jpeg.rf.80d2662ac876948fef48e7823c581f0b.jpg,2ED72D0B-2F20-453F-97F0-3417713D83D7-23_22_1_jpeg.rf.80d2662ac876948fef48e7823c581f0b.jpg,5cf29abed744bbfcca690149a686ffea7aea4491f4d2d90c5acb5b58fb6e9d9b
/home/l2e_ayd/cocoa_research/data/raw/roboflow_cocoa/train/images/2EF2A97D-EA4A-4F89-AAC3-CB6C932ACF55-23_53_25_jpeg.rf.2265efbcf3b32f112bd60dd957763028.jpg,2EF2A97D-EA4A-4F89-AAC3-CB6C932ACF55-23_53_25_jpeg.rf.2265efbcf3b32f112bd60dd957763028.jpg,af5e46d22c1b242fe6f7fdbe14cb5bc49e3f50f99fbcb7ad0cb0cc6d224bdb4b
/home/l2e_ayd/cocoa_research/data/raw/roboflow_cocoa/train/images/2F05C56B-6EC6-455A-8E78-6628A59DE46B-23_22_32_jpeg.rf.761a24f8712dc719c474ab616df1ae80.jpg,2F05C56B-6EC6-455A-8E78-6628A59DE46B-23_22_32_jpeg.rf.761a24f8712dc719c474ab616df1ae80.jpg,80c9a448cc4d79983010be8f42c8f9027bea2cec4a5774483d36057c42ed5d4c
/home/l2e_ayd/cocoa_research/data/raw/roboflow_cocoa/train/images/2F250CBB-0CCB-40B6-91E6-BA4DBEB30824-0_53_2_jpeg.rf.e9f869c9021e0a2b9d4658d8e8b50df8.jpg,2F250CBB-0CCB-40B6-91E6-BA4DBEB30824-0_53_2_jpeg.rf.e9f869c9021e0a2b9d4658d8e8b50df8.jpg,35e6b9519c781c3e50aa9be74028e33cad5ff4ae755b1e4fee494d908719cae5
/home/l2e_ayd/cocoa_research/data/raw/roboflow_cocoa/train/images/2F2FA116-03AD-4194-B619-93B885526E90-0_24_25_jpeg.rf.8be3cf858dce702655e5defe4fbf17fc.jpg,2F2FA116-03AD-4194-B619-93B885526E90-0_24_25_jpeg.rf.8be3cf858dce702655e5defe4fbf17fc.jpg,c39ac0ee18dd5233d8d1654c2237402fbb925d536abd80de0a20ba50cf5ecb95
/home/l2e_ayd/cocoa_research/data/raw/roboflow_cocoa/train/images/2F3C9DCB-AF8F-450F-B0DD-674306B69A5C-15_48_58_jpeg.rf.293089007eb40a71435d6df846c2a2ec.jpg,2F3C9DCB-AF8F-450F-B0DD-674306B69A5C-15_48_58_jpeg.rf.293089007eb40a71435d6df846c2a2ec.jpg,1afe36c734697f9accd530db8d8a547b2ff29890cbe480730eeb6220a08953a4
/home/l2e_ayd/cocoa_research/data/raw/roboflow_cocoa/train/images/2F3F167E-9601-42E2-BA55-8BZ76B960176E-23_14_10_jpeg.rf.b72d93a9cf3d92b9f1ff970d553e8fc1.jpg,2F3F167E-9601-42E2-BA55-8BZ76B960176E-23_14_10_jpeg.rf.b72d93a9cf3d92b9f1ff970d553e8fc1.jpg,ae8aa2eddf06c00e016c1b4458e6b1735d9c2418c67a42c1b936b1caa22a622f
/home/l2e_ayd/cocoa_research/data/raw/roboflow_cocoa/train/images/2FC2AAD1-B449-4B9F-9E2E-EEBD83620AC7-18_34_21_jpeg.rf.45e24d3948899b244bd1bf90dcabf083.jpg,2FC2AAD1-B449-4B9F-9E2E-EEBD83620AC7-18_34_21_jpeg.rf.45e24d3948899b244bd1bf90dcabf083.jpg,799c563952989662850e53d35e76df64ed0db6089bce6b57198d86a21db36de9
/home/l2e_ayd/cocoa_research/data/raw/roboflow_cocoa/train/images/2FC4B19D-CBD3-47AA-A03C-786ADFFFEED7-22_1_43_jpeg.rf.8db0af4a2e58cfe5b0c151e66cc5b68e.jpg,2FC4B19D-CBD3-47AA-A03C-786ADFFFEED7-22_1_43_jpeg.rf.8db0af4a2e58cfe5b0c151e66cc5b68e.jpg,8b684e7a414961a7b9462c12491a8be629fa398c836b43ee29a02cf81ad78632
/home/l2e_ayd/cocoa_research/data/raw/roboflow_cocoa/train/images/30116F2D-8D27-4D87-B53F-47C049455988-0_37_53_jpeg.rf.29b2a7f8ba4aeedbe42a81c4fad808c3.jpg,30116F2D-8D27-4D87-B53F-47C049455988-0_37_53_jpeg.rf.29b2a7f8ba4aeedbe42a81c4fad808c3.jpg,c29249f170e87abda62178166f361abaf6f3e9f9ac2c2e2d50a1b4c716393690
/home/l2e_ayd/cocoa_research/data/raw/roboflow_cocoa/train/images/30ADA81E-CEE3-49CF-A882-F5711759C48D-19_20_59_jpeg.rf.b9f29b7fe7314a5dc98e2411353111c1.jpg,30ADA81E-CEE3-49CF-A882-F5711759C48D-19_20_59_jpeg.rf.b9f29b7fe7314a5dc98e2411353111c1.jpg,784153bc2427be360b70f301478abba3550962f10204decc029240ae65405283
/home/l2e_ayd/cocoa_research/data/raw/roboflow_cocoa/train/images/30AF5CFD-8D71-4BA2-ACEA-A330685B47C5-18_43_37_jpeg.rf.6b929211a5989fd857713ffb1dd563d6.jpg,30AF5CFD-8D71-4BA2-ACEA-A330685B47C5-18_43_37_jpeg.rf.6b929211a5989fd857713ffb1dd563d6.jpg,d0dfa4dae0bba27adc46f8868c7e4266bb776609bd908b0956444c25c7524458
/home/l2e_ayd/cocoa_research/data/raw/roboflow_cocoa/train/images/30D21B4C-73A5-47E0-BAAE-A5404BC1D300-1_32_27_jpeg.rf.c4414bb8f1ddcb8921e4151de91ed351.jpg,30D21B4C-73A5-47E0-BAAE-A5404BC1D300-1_32_27_jpeg.rf.c4414bb8f1ddcb8921e4151de91ed351.jpg,f3d63c603d796ce9e57a0924c4bb35b0a1352a59eabd63244968e4ef6a8c7cbe
/home/l2e_ayd/cocoa_research/data/raw/roboflow_cocoa/train/images/30DA385F-E8F3-4726-83EF-EF8F37F797B6-23_43_22_jpeg.rf.612e26ae9efe8b42a6a767d7db45a1e1.jpg,30DA385F-E8F3-4726-83EF-EF8F37F797B6-23_43_22_jpeg.rf.612e26ae9efe8b42a6a767d7db45a1e1.jpg,e61370305252adf2f6dfc3563289f6874327f146608976ff76815ae50c398b07
/home/l2e_ayd/cocoa_research/data/raw/roboflow_cocoa/train/images/30DE2EFD-AAF6-414D-91FB-7B72DF2D0E4E-23_49_26_jpeg.rf.cdad764c49292386a492a7fe0324f10b.jpg,30DE2EFD-AAF6-414D-91FB-7B72DF2D0E4E-23_49_26_jpeg.rf.cdad764c49292386a492a7fe0324f10b.jpg,a6417b9ca7298cce4a0e0337f60808e620c1081fd0defe9ffe34fad37c504fe8
/home/l2e_ayd/cocoa_research/data/raw/roboflow_cocoa/train/images/30F7F757-FDBA-40D5-910C-EAE0EC1F7ADE-22_55_58_jpeg.rf.7d3f6b9bf6da23db642ce56a250dec96.jpg,30F7F757-FDBA-40D5-910C-EAE0EC1F7ADE-22_55_58_jpeg.rf.7d3f6b9bf6da23db642ce56a250dec96.jpg,c2b6c27532409b2e2c6b43a5ce6053675e64e9170db4c9a140ea1d779b629449
/home/l2e_ayd/cocoa_research/data/raw/roboflow_cocoa/train/images/3118D3F8-0A2D-4B4A-829E-9405EDEA9B7A-23_41_51_jpeg.rf.4bffc4d061cc76e0b04b53e4a80f2179.jpg,3118D3F8-0A2D-4B4A-829E-9405EDEA9B7A-23_41_51_jpeg.rf.4bffc4d061cc76e0b04b53e4a80f2179.jpg,0d6679c8b9a3397079430115b25be6fee2bc31fc9bd448eeb975eaa0e164351c
/home/l2e_ayd/cocoa_research/data/raw/roboflow_cocoa/train/images/31D3930E-6610-4E2B-BDB2-D89BED0236BD-19_43_58_jpeg.rf.deb75fba517ed2b3e5e7afe217b8e9fd.jpg,31D3930E-6610-4E2B-BDB2-D89BED0236BD-19_43_58_jpeg.rf.deb75fba517ed2b3e5e7afe217b8e9fd.jpg,91978d47bb5eb46e374848144cff7983b6eeda8ca1f3052ab2fbde60f0630623
/home/l2e_ayd/cocoa_research/data/raw/roboflow_cocoa/train/images/31EA46DF-AC84-42DB-B8E7-DC42750D8AE0-1_5_14_jpeg.rf.4ba92eae364101ceac420300245da5a7.jpg,31EA46DF-AC84-42DB-B8E7-DC42750D8AE0-1_5_14_jpeg.rf.4ba92eae364101ceac420300245da5a7.jpg,4e0c46bdb47b3329efcdc474ba17364e9895c3a27925e3563cba987c56c41056
/home/l2e_ayd/cocoa_research/data/raw/roboflow_cocoa/train/images/328ED6CA-FFB7-44D5-B6F8-3DCD9DCE8F8D-18_55_49_jpeg.rf.2eee0447692c09e426b194774f5c53b7.jpg,328ED6CA-FFB7-44D5-B6F8-3DCD9DCE8F8D-18_55_49_jpeg.rf.2eee0447692c09e426b194774f5c53b7.jpg,8ee2f6ce463f8efe252eef5430bd10f53e7f2584b2a332f0cdfe936a23dc7a05
/home/l2e_ayd/cocoa_research/data/raw/roboflow_cocoa/train/images/3292033C-5AB0-46DB-BE0B-88B116B4E5FA-0_26_48-1-_jpeg.rf.c2ef66113e1e32c6f1bdd42f51248724.jpg,3292033C-5AB0-46DB-BE0B-88B116B4E5FA-0_26_48-1-_jpeg.rf.c2ef66113e1e32c6f1bdd42f51248724.jpg,c1ad70a9159678c7a8c521f9bc734793f31340df91e0f0bba769e4d240bae5af
/home/l2e_ayd/cocoa_research/data/raw/roboflow_cocoa/train/images/3292A45B-8200-401A-9A4C-19B40EC8DBE7-23_10_36_jpeg.rf.1fdfa42dc10b32aec78c2fe5c4afdcd1.jpg,3292A45B-8200-401A-9A4C-19B40EC8DBE7-23_10_36_jpeg.rf.1fdfa42dc10b32aec78c2fe5c4afdcd1.jpg,0309dbcabd0475baca1d65f12e67f5ae51020902062a1ba38c0529ee4c258645
/home/l2e_ayd/cocoa_research/data/raw/roboflow_cocoa/train/images/329FD92F-40B8-4DAA-A08D-958A182D2988-0_44_55_jpeg.rf.71afc0c599c871f9f06af2d157b82424.jpg,329FD92F-40B8-4DAA-A08D-958A182D2988-0_44_55_jpeg.rf.71afc0c599c871f9f06af2d157b82424.jpg,8ea5097a77598f057a24306bbadae0ced2f3e235e168385cba65ef5453c48298
/home/l2e_ayd/cocoa_research/data/raw/roboflow_cocoa/train/images/335C0232-0AC9-44C1-AFC0-691248FFDE24-22_8_14_jpeg.rf.ec96954c4647667f7e396f5a06702577.jpg,335C0232-0AC9-44C1-AFC0-691248FFDE24-22_8_14_jpeg.rf.ec96954c4647667f7e396f5a06702577.jpg,b9cdddfc875be072e1a5e365f7defe592741d8c17400321c114d9ab6baad06e8
/home/l2e_ayd/cocoa_research/data/raw/roboflow_cocoa/train/images/338AC1A5-07F6-436E-BE1F-73C8E03C4D75-0_20_57_jpeg.rf.4ecf4949154e5d5f0760e4f42049e85b.jpg,338AC1A5-07F6-436E-BE1F-73C8E03C4D75-0_20_57_jpeg.rf.4ecf4949154e5d5f0760e4f42049e85b.jpg,ea7a0e77db1075422cc9c6cceed72b9f1c58e72def7dfddbd58d7a87560f2180
/home/l2e_ayd/cocoa_research/data/raw/roboflow_cocoa/train/images/33A0AAF7-2C67-43A2-BFA2-383E12399671-22_38_50_jpeg.rf.7d2db3c525e8d21c2f32ffa0fc6f673f.jpg,33A0AAF7-2C67-43A2-BFA2-383E12399671-22_38_50_jpeg.rf.7d2db3c525e8d21c2f32ffa0fc6f673f.jpg,50c36ac180dcf6f0b005f91b7286106ab897962f90679b45f3362699ff087290
/home/l2e_ayd/cocoa_research/data/raw/roboflow_cocoa/train/images/33E53590-4C2A-41F1-8B4C-08968FDAD1DC-22_50_21_jpeg.rf.4bc8dac5ce7694737a7cef83702e6b79.jpg,33E53590-4C2A-41F1-8B4C-08968FDAD1DC-22_50_21_jpeg.rf.4bc8dac5ce7694737a7cef83702e6b79.jpg,64c9394d8fad16d55a3163af8c3cca4ee0b266e4c8c7a4f6e98ab1d52708f94b
/home/l2e_ayd/cocoa_research/data/raw/roboflow_cocoa/train/images/34AAB6E0-F63D-4A04-A06E-256395717520-0_5_37_jpeg.rf.45874b225f5de8bf32e23aa2098aaf46.jpg,34AAB6E0-F63D-4A04-A06E-256395717520-0_5_37_jpeg.rf.45874b225f5de8bf32e23aa2098aaf46.jpg,1ba6c1c5af848fa887cf7108924b466a6096c9e01bb6ee3c154a3bcc9d8162d9
/home/l2e_ayd/cocoa_research/data/raw/roboflow_cocoa/train/images/35332B17-99CE-430C-AEA2-870B285D9EF6-0_10_16-1-_jpeg.rf.093c5401be21a686d486f4a385dee708.jpg,35332B17-99CE-430C-AEA2-870B285D9EF6-0_10_16-1-_jpeg.rf.093c5401be21a686d486f4a385dee708.jpg,f49c1ef4a809d2aadc929fbab39bb63ce239381eed1c118906bc18a5523c70e8
/home/l2e_ayd/cocoa_research/data/raw/roboflow_cocoa/train/images/35F4C3CE-1926-40CA-8846-A2C37EC07886-23_11_1_jpeg.rf.c40ac9368a7b3c27844289369272f6af.jpg,35F4C3CE-1926-40CA-8846-A2C37EC07886-23_11_1_jpeg.rf.c40ac9368a7b3c27844289369272f6af.jpg,344e9fa54ae621d9cbaa8588743198a7de14c604b31a4dda1dc9f70948f98d87
/home/l2e_ayd/cocoa_research/data/raw/roboflow_cocoa/train/images/3628E868-7989-4657-A2D1-9125BE959CB3-23_10_36_jpeg.rf.5e655f1609c4cd3ee1a175af823839e3.jpg,3628E868-7989-4657-A2D1-9125BE959CB3-23_10_36_jpeg.rf.5e655f1609c4cd3ee1a175af823839e3.jpg,c964621f630da1a85dc189e65fb0abc3f1d2d852a9b9425421a4f8113365b193
/home/l2e_ayd/cocoa_research/data/raw/roboflow_cocoa/train/images/364AB4E9-3980-40BE-AB87-2AC83C906CC4-19_19_48_jpeg.rf.5977089a1c6a3d19817698bee90969fe.jpg,364AB4E9-3980-40BE-AB87-2AC83C906CC4-19_19_48_jpeg.rf.5977089a1c6a3d19817698bee90969fe.jpg,e83ab46703f6254d076425567dcaa59a4367bc802811290e320abf88a9400427
/home/l2e_ayd/cocoa_research/data/raw/roboflow_cocoa/train/images/36994C50-C5A2-42ED-9B66-FB49FBA16583-0_27_4-1-_jpeg.rf.74474c22be2358d9ed3490fce9b529be.jpg,36994C50-C5A2-42ED-9B66-FB49FBA16583-0_27_4-1-_jpeg.rf.74474c22be2358d9ed3490fce9b529be.jpg,d1c8fbc9c600dcf8bddf3189675b0ed0a1ccc912eefdc121b2f156e3d8771b02
/home/l2e_ayd/cocoa_research/data/raw/roboflow_cocoa/train/images/370A6541-8EA0-47C5-97C1-7852E587E69B-23_3_17_jpeg.rf.080d8686dd4ad76cdeaf6068f5dd5134.jpg,370A6541-8EA0-47C5-97C1-7852E587E69B-23_3_17_jpeg.rf.080d8686dd4ad76cdeaf6068f5dd5134.jpg,142afadf3a236a91df09ed8e16098fafe60b16d99bef96f7ba45afb9dc84a89c
/home/l2e_ayd/cocoa_research/data/raw/roboflow_cocoa/train/images/37217480-D9D3-4BAC-872A-64734CAA805E-1_11_45_jpeg.rf.ad6ea6d6a1dfc832ef229d228754da07.jpg,37217480-D9D3-4BAC-872A-64734CAA805E-1_11_45_jpeg.rf.ad6ea6d6a1dfc832ef229d228754da07.jpg,e4e71564e0fe229d565baa06793fba9db185078ec6a3ce2a7471939d7363f3ab
/home/l2e_ayd/cocoa_research/data/raw/roboflow_cocoa/train/images/3726EBF4-DE3B-46A4-8503-ACB1EE1AA30B-0_29_49_jpeg.rf.4d0b86d33c5232d91af03e8f7ae4c0b0.jpg,3726EBF4-DE3B-46A4-8503-ACB1EE1AA30B-0_29_49_jpeg.rf.4d0b86d33c5232d91af03e8f7ae4c0b0.jpg,e27f5f98ef4690218b47d94017c8814ddba5c11ec08908d1bda68e40f6753584
/home/l2e_ayd/cocoa_research/data/raw/roboflow_cocoa/train/images/374F7107-FB20-44B4-9CCC-C1F27A2A6702-22_36_52_jpeg.rf.85a3becc8600d07c8283dbd30521ba29.jpg,374F7107-FB20-44B4-9CCC-C1F27A2A6702-22_36_52_jpeg.rf.85a3becc8600d07c8283dbd30521ba29.jpg,c8ced9af612b083547a04c42c2201594e21740f835d61ac905859f43ee3c303c
/home/l2e_ayd/cocoa_research/data/raw/roboflow_cocoa/train/images/37A9EFD1-E11B-4D8B-85A4-19665BFC2187-22_18_39_jpeg.rf.5fae76131205b7bde091e24ef1456776.jpg,37A9EFD1-E11B-4D8B-85A4-19665BFC2187-22_18_39_jpeg.rf.5fae76131205b7bde091e24ef1456776.jpg,185d323bf8c5eb3dccfac06562a3bb60ed5fc02fc4779e43138ef04b69a6a3af
/home/l2e_ayd/cocoa_research/data/raw/roboflow_cocoa/train/images/37CBF0C8-033A-4610-B488-204FE899EA79-18_14_17_jpeg.rf.d56c2e5ea4f899e73b3cc067835f72a8.jpg,37CBF0C8-033A-4610-B488-204FE899EA79-18_14_17_jpeg.rf.d56c2e5ea4f899e73b3cc067835f72a8.jpg,8ca7c2e4a2fdb29f5c549608b7c132566186e541b7d8b2a1ca2c87afdac7e191
/home/l2e_ayd/cocoa_research/data/raw/roboflow_cocoa/train/images/380C40CF-CCAB-4D2E-939B-93CCECEB8455-19_37_13_jpeg.rf.72466602f3e5203691fb8fabdc791c7f.jpg,380C40CF-CCAB-4D2E-939B-93CCECEB8455-19_37_13_jpeg.rf.72466602f3e5203691fb8fabdc791c7f.jpg,329e9cd145f51a7116648dc529ad552524e480915af69988184e8dd7c3dd37c8
/home/l2e_ayd/cocoa_research/data/raw/roboflow_cocoa/train/images/3816DEFE-F2B1-4681-BEF8-68180E9SA4180-23_5_33_jpeg.rf.49cca2b4c8c68ee8fc03421d98276fe6.jpg,3816DEFE-F2B1-4681-BEF8-68180E9SA4180-23_5_33_jpeg.rf.49cca2b4c8c68ee8fc03421d98276fe6.jpg,077e564a0f2e945ae61ff0ee077d17837b3bec7ed2320b69a78c2b66aacbcb1c
/home/l2e_ayd/cocoa_research/data/raw/roboflow_cocoa/train/images/38597F5D-210E-48A6-8086-F90D80C03AA1-23_8_15_jpeg.rf.9756598785fc31b7e9159b9146d94f32.jpg,38597F5D-210E-48A6-8086-F90D80C03AA1-23_8_15_jpeg.rf.9756598785fc31b7e9159b9146d94f32.jpg,13434c9253997fdbebdef0156460d5f55e99885faacf57f4ca00e48b0a244e4b
/home/l2e_ayd/cocoa_research/data/raw/roboflow_cocoa/train/images/385EFFEC-D5F0-4BD5-BCA1-56C729BF7098-23_39_54_jpeg.rf.4748e11ff9a60964684200d6bf97f166.jpg,385EFFEC-D5F0-4BD5-BCA1-56C729BF7098-23_39_54_jpeg.rf.4748e11ff9a60964684200d6bf97f166.jpg,fb3ef1c973982e296249f7f4daa255f4db68baec10eddfdaf6ede43f967a12e3
/home/l2e_ayd/cocoa_research/data/raw/roboflow_cocoa/train/images/387259DC-49B4-4AD4-A707-092F9100F285-1_5_21_jpeg.rf.400ef17881833cdfd040cd8971ea4c22.jpg,387259DC-49B4-4AD4-A707-092F9100F285-1_5_21_jpeg.rf.400ef17881833cdfd040cd8971ea4c22.jpg,f4679c1cf7d9e07edfd159c7f8c629bdb87acd710741a094f8783d8c47ae02c2
/home/l2e_ayd/cocoa_research/data/raw/roboflow_cocoa/train/images/3889C8E4-894A-4ABD-AE4A-ACDEFABD70BE-0_32_40_jpeg.rf.004367a32e1d4378dccf9246aee06cda.jpg,3889C8E4-894A-4ABD-AE4A-ACDEFABD70BE-0_32_40_jpeg.rf.004367a32e1d4378dccf9246aee06cda.jpg,0a2b38ea81efdb7e4a51bd1a5541aaa34a91fa3902b9116e40a2b1e005ad2d46
/home/l2e_ayd/cocoa_research/data/raw/roboflow_cocoa/train/images/388F8CA0-5F9E-4CFF-AFD2-664A5E9B58D2-21_56_58_jpeg.rf.3d576989d9f0c2e1d884ef7c079c1fca.jpg,388F8CA0-5F9E-4CFF-AFD2-664A5E9B58D2-21_56_58_jpeg.rf.3d576989d9f0c2e1d884ef7c079c1fca.jpg,9bfb58dea844fb31bdfe7fd482e1fa1845a080fb849136bc34e413333005b2aa
/home/l2e_ayd/cocoa_research/data/raw/roboflow_cocoa/train/images/38AAB325-C3F7-4BFD-8A44-1BEA566008AB-0_41_23_jpeg.rf.e995b17fd86709bf8f6d08f5382a8571.jpg,38AAB325-C3F7-4BFD-8A44-1BEA566008AB-0_41_23_jpeg.rf.e995b17fd86709bf8f6d08f5382a8571.jpg,7f4b9519bab39ad6f3ff64653109cd6a4001a5ebe26a6c052e9721912ec5eab3
/home/l2e_ayd/cocoa_research/data/raw/roboflow_cocoa/train/images/38E2BAE5-CE96-476A-90DC-87AC2AA2BC69-22_3_34_jpeg.rf.43c28ea56404f2d131570c0c23f155dd.jpg,38E2BAE5-CE96-476A-90DC-87AC2AA2BC69-22_3_34_jpeg.rf.43c28ea56404f2d131570c0c23f155dd.jpg,bdf5c6a8cde041abcb8c355cc4cf8bcd7d52d8e0e43c2a38e15cea86130f098f
/home/l2e_ayd/cocoa_research/data/raw/roboflow_cocoa/train/images/39222B9C-1EE2-4A79-81CB-C912AF24F23B-23_8_52_jpeg.rf.6bbdcf3440d9a5a83bc2c79561087a47.jpg,39222B9C-1EE2-4A79-81CB-C912AF24F23B-23_8_52_jpeg.rf.6bbdcf3440d9a5a83bc2c79561087a47.jpg,edb3dde4c11bfcc4dd6b7aa9b7c14d2f31df0fc31f6e605ce35a128c92e21264
/home/l2e_ayd/cocoa_research/data/raw/roboflow_cocoa/train/images/392CBB34-C974-427E-92B2-8E59A9211542-0_12_0-1-_jpeg.rf.b04000703f92b2d4cf0b636340953ef8.jpg,392CBB34-C974-427E-92B2-8E59A9211542-0_12_0-1-_jpeg.rf.b04000703f92b2d4cf0b636340953ef8.jpg,84c75e4985d43f15b6d6f7543902e91244cce57daf06c25e163ca8a5f3eb8e25
/home/l2e_ayd/cocoa_research/data/raw/roboflow_cocoa/train/images/39CD4579-88D7-4C3D-9460-3A2FF6C82FE0-19_11_59_jpeg.rf.d2b75b91b532388e036b0d2a4f848379.jpg,39CD4579-88D7-4C3D-9460-3A2FF6C82FE0-19_11_59_jpeg.rf.d2b75b91b532388e036b0d2a4f848379.jpg,e1d4ba965c07fe72adba524645e02194e8305fd703daece883eaac3272991465
/home/l2e_ayd/cocoa_research/data/raw/roboflow_cocoa/train/images/39E37F6D-FB88-4B27-A860-4B92DA2DE7E8-22_21_23_jpeg.rf.acdc52223b4a94d311fedbf93df360a1.jpg,39E37F6D-FB88-4B27-A860-4B92DA2DE7E8-22_21_23_jpeg.rf.acdc52223b4a94d311fedbf93df360a1.jpg,08b3612b7606bc6b746099142637b22d0c8181632c317fe074167bab296c1a01
/home/l2e_ayd/cocoa_research/data/raw/roboflow_cocoa/train/images/3A0061C2-7C2B-442C-A97E-4319AADB2576-23_53_21_jpeg.rf.6d3051f54c6241fcda974c2663e6ff0a.jpg,3A0061C2-7C2B-442C-A97E-4319AADB2576-23_53_21_jpeg.rf.6d3051f54c6241fcda974c2663e6ff0a.jpg,ae157d97cc12bf3dc33c56c7d972359bbf84decb16fa892d6dead2ed85e235ce
/home/l2e_ayd/cocoa_research/data/raw/roboflow_cocoa/train/images/3A4009DC-1483-4D3B-B53E-19E1BCB711B8-23_23_55_jpeg.rf.13493e2ec71de9123489513ec7877323.jpg,3A4009DC-1483-4D3B-B53E-19E1BCB711B8-23_23_55_jpeg.rf.13493e2ec71de9123489513ec7877323.jpg,51544bb3f7f36345b833716636c7a46d9249efba3cc6a3bb5e7d4bce6d044d8f
/home/l2e_ayd/cocoa_research/data/raw/roboflow_cocoa/train/images/3A73B83A-067B-4AA6-B40F-EEAB59ED83AC-1_20_2_jpeg.rf.ab807e57881ff1291a93aab1bc458c99.jpg,3A73B83A-067B-4AA6-B40F-EEAB59ED83AC-1_20_2_jpeg.rf.ab807e57881ff1291a93aab1bc458c99.jpg,d60a3bacedb1c55aa05d66dbc50dbd9c108af8ea70ac110363b2a820e18fadc2
/home/l2e_ayd/cocoa_research/data/raw/roboflow_cocoa/train/images/3AA4AC2D-F7B9-4095-8743-02F95EAED3B1-22_10_58_jpeg.rf.5dae65d41ca5814f464368ee9784e412.jpg,3AA4AC2D-F7B9-4095-8743-02F95EAED3B1-22_10_58_jpeg.rf.5dae65d41ca5814f464368ee9784e412.jpg,1c31fdb1b7720d96dab0dc4c1b6aa87cd9426255a8fef1f47e78f0f857b54ed9
/home/l2e_ayd/cocoa_research/data/raw/roboflow_cocoa/train/images/3ACE9EEA-D359-40B5-8477-126EB346008D-23_22_1_jpeg.rf.a16ccea6414fb02fe781f36f247f451a.jpg,3ACE9EEA-D359-40B5-8477-126EB346008D-23_22_1_jpeg.rf.a16ccea6414fb02fe781f36f247f451a.jpg,caad244417358eaafab05be5b20e1756aff71ab6f76bd5952ff6c40ecd9e46d9
/home/l2e_ayd/cocoa_research/data/raw/roboflow_cocoa/train/images/3ADB4B17-1BFE-484E-B9F1-35F39D6BA90E-22_26_52_jpeg.rf.01de7f73a1355e77a2f7b371a8d06cd6.jpg,3ADB4B17-1BFE-484E-B9F1-35F39D6BA90E-22_26_52_jpeg.rf.01de7f73a1355e77a2f7b371a8d06cd6.jpg,b38710db55f483238bb68686c9a969b06ae24b697608f26cccfc11b0a170765b
/home/l2e_ayd/cocoa_research/data/raw/roboflow_cocoa/train/images/3AE23649-0F7A-4FC3-A996-ZDBA5303D87CF-23_2_52_jpeg.rf.40fcd9f240aec0ca384da69fcb3da184.jpg,3AE23649-0F7A-4FC3-A996-ZDBA5303D87CF-23_2_52_jpeg.rf.40fcd9f240aec0ca384da69fcb3da184.jpg,a7db3a2c2c2af7c735501c03a258e02895650b8df49aea17e3e3ae303c3435b8
/home/l2e_ayd/cocoa_research/data/raw/roboflow_cocoa/train/images/3B3837DC-6FE5-4A9A-8372-F52D3129B7A4-0_4_24-1-_jpeg.rf.9f8d184e3d6ecf5584eda333a0e4f2fc.jpg,3B3837DC-6FE5-4A9A-8372-F52D3129B7A4-0_4_24-1-_jpeg.rf.9f8d184e3d6ecf5584eda333a0e4f2fc.jpg,b5fd09c16b12d14389ac196c49a5fffec6e48deddc51dcdbcb3b5acf41c9434d
/home/l2e_ayd/cocoa_research/data/raw/roboflow_cocoa/train/images/3BBF7AAC-ABDB-48D3-8140-0C4E0B2750C7-22_17_0_jpeg.rf.682a247ea2f23eb348fe79a886e1d4ec.jpg,3BBF7AAC-ABDB-48D3-8140-0C4E0B2750C7-22_17_0_jpeg.rf.682a247ea2f23eb348fe79a886e1d4ec.jpg,35c70bcadf806553fe02f6fbc2f2b0f9348d502f3c75c39644c0ab963ae69cf7
/home/l2e_ayd/cocoa_research/data/raw/roboflow_cocoa/train/images/3BE8081B-6F96-4819-9585-80A3648C1FF8-12_30_46_jpeg.rf.59d068318753a6a51c6b89cb8faf81dd.jpg,3BE8081B-6F96-4819-9585-80A3648C1FF8-12_30_46_jpeg.rf.59d068318753a6a51c6b89cb8faf81dd.jpg,1bc6f3ed59b1fa1adc33b65024103019f62541c2a04926a3dd5b288dce7e3ee9
/home/l2e_ayd/cocoa_research/data/raw/roboflow_cocoa/train/images/3C035517-E21F-4667-A93F-A56D26C56875-12_35_12_jpeg.rf.6321a0bb57e6c84b3ed035181528cf9b.jpg,3C035517-E21F-4667-A93F-A56D26C56875-12_35_12_jpeg.rf.6321a0bb57e6c84b3ed035181528cf9b.jpg,e982ea3814dcaf7b25c427887baf4bf6ad9c7ea025f46ad896ae17748597be2d
/home/l2e_ayd/cocoa_research/data/raw/roboflow_cocoa/train/images/3C13AF20-FF32-4007-A085-A8CC64B1AB75-23_0_6_jpeg.rf.ba147ca2e9689a54aba7249e5c076aff.jpg,3C13AF20-FF32-4007-A085-A8CC64B1AB75-23_0_6_jpeg.rf.ba147ca2e9689a54aba7249e5c076aff.jpg,d4579fd642aced34fdbae75aa8ebe148157c0361af2001af16a2111708d7f352
/home/l2e_ayd/cocoa_research/data/raw/roboflow_cocoa/train/images/3C1EF32B-54F1-454B-84DC-4BE6C63A5C48-0_10_11_jpeg.rf.6b321c70e3e4232affb1ec5203984019.jpg,3C1EF32B-54F1-454B-84DC-4BE6C63A5C48-0_10_11_jpeg.rf.6b321c70e3e4232affb1ec5203984019.jpg,e6188f3c40271be8fd4be5ed3e55cfc23aa687f08ad927d8f230fc137eb982eb
/home/l2e_ayd/cocoa_research/data/raw/roboflow_cocoa/train/images/3C2E8C95-EA59-435B-AECA-6BE46FECF715-22_15_37_jpeg.rf.bf280ff0cdcafd204469d690ed014712.jpg,3C2E8C95-EA59-435B-AECA-6BE46FECF715-22_15_37_jpeg.rf.bf280ff0cdcafd204469d690ed014712.jpg,f70d126f7fa708598cb5f2f5e65ee9c77466be2150fe692ca39ed94a79dba731
/home/l2e_ayd/cocoa_research/data/raw/roboflow_cocoa/train/images/3C57F451-3CD4-4CF9-AC8A-60ZB66D123F0E-23_6_15_jpeg.rf.847fb44ef4774242117100c15f080bfe.jpg,3C57F451-3CD4-4CF9-AC8A-60ZB66D123F0E-23_6_15_jpeg.rf.847fb44ef4774242117100c15f080bfe.jpg,f1c265586477447818fb8c85868464126cb2cd9e08a36de8eb98077aea3c2916
/home/l2e_ayd/cocoa_research/data/raw/roboflow_cocoa/train/images/3C7BE2D5-DC8E-4370-ACD1-759FE30069E6-23_25_59_jpeg.rf.7f377616f94c77be0d612ccc9582497a.jpg,3C7BE2D5-DC8E-4370-ACD1-759FE30069E6-23_25_59_jpeg.rf.7f377616f94c77be0d612ccc9582497a.jpg,1910d759824bcb857fcf00091f96a73352291eed3e25421bf7494e149c776728
/home/l2e_ayd/cocoa_research/data/raw/roboflow_cocoa/train/images/3CEE7D6D-833D-47F1-991D-8A2CD5A0BF32-19_44_48_jpeg.rf.e0d099d31fceb72176d160175e3101af.jpg,3CEE7D6D-833D-47F1-991D-8A2CD5A0BF32-19_44_48_jpeg.rf.e0d099d31fceb72176d160175e3101af.jpg,da29e4c6fb5970602b8d5cae9441e4149c8d45584a19808babc5c6d8d433c805
/home/l2e_ayd/cocoa_research/data/raw/roboflow_cocoa/train/images/3CF0A3FC-E3CC-4F4B-A680-0D1BB69CC63E-0_9_5_jpeg.rf.6927ba4d22e112bdbcca22ba1faafbe7.jpg,3CF0A3FC-E3CC-4F4B-A680-0D1BB69CC63E-0_9_5_jpeg.rf.6927ba4d22e112bdbcca22ba1faafbe7.jpg,28d762cf2dd64614862876d435a8e17a4c144bd145855a9b97cb5c1c2106b266
/home/l2e_ayd/cocoa_research/data/raw/roboflow_cocoa/train/images/3D0D57B7-0F63-4BFB-BD19-2C0AE05B8DB9-23_4_40_jpeg.rf.f88a3eb41aa32afde07d90a0e29b9fba.jpg,3D0D57B7-0F63-4BFB-BD19-2C0AE05B8DB9-23_4_40_jpeg.rf.f88a3eb41aa32afde07d90a0e29b9fba.jpg,73480776ae95332c1ef5e8245623b30287b4bc65e60ab89e304bda8ff53200b1
/home/l2e_ayd/cocoa_research/data/raw/roboflow_cocoa/train/images/3D4F01C3-F89C-49BD-AEC2-DEBCC4927140-22_6_8_jpeg.rf.7bbef9f0fba2381a28a9543a88706388.jpg,3D4F01C3-F89C-49BD-AEC2-DEBCC4927140-22_6_8_jpeg.rf.7bbef9f0fba2381a28a9543a88706388.jpg,d7c8ce4994da04cc074a2c20de8172834cc89f132689ef8c4b6e46c239f5f96e
/home/l2e_ayd/cocoa_research/data/raw/roboflow_cocoa/train/images/3D55A2CD-D52F-4466-9B11-AD36629E421F-21_54_18_jpeg.rf.606e1c06c0d8e0a59628dcfc907b07ab.jpg,3D55A2CD-D52F-4466-9B11-AD36629E421F-21_54_18_jpeg.rf.606e1c06c0d8e0a59628dcfc907b07ab.jpg,5c999e8e660f85f00d7d134175e7a303d862f9b5610eb8003ca0ca51e346cc42
/home/l2e_ayd/cocoa_research/data/raw/roboflow_cocoa/train/images/3D641EEA-D5AA-4164-8F4D-C98783F8AAD2-22_43_14_jpeg.rf.966665eac72da70b3b3aa2638d1249c2.jpg,3D641EEA-D5AA-4164-8F4D-C98783F8AAD2-22_43_14_jpeg.rf.966665eac72da70b3b3aa2638d1249c2.jpg,960b55bcbd742771d68b4f1effe97c7d3706f6db2cbe3cc993e44fd7bf930ab0
/home/l2e_ayd/cocoa_research/data/raw/roboflow_cocoa/train/images/3DA2100B-9550-4DA7-8AE0-D99530B16CF1-0_7_26_jpeg.rf.8fc218b51d309d8c1991bb4921179de8.jpg,3DA2100B-9550-4DA7-8AE0-D99530B16CF1-0_7_26_jpeg.rf.8fc218b51d309d8c1991bb4921179de8.jpg,f239f907d79e3a2639e0513f9313352113ed5ed1599fde2108086c080fdb355f
/home/l2e_ayd/cocoa_research/data/raw/roboflow_cocoa/train/images/3DC99530-251C-456E-A822-76EA481DDA9D-0_5_6_jpeg.rf.4e5764585c0d043373b2be3fe56def9b.jpg,3DC99530-251C-456E-A822-76EA481DDA9D-0_5_6_jpeg.rf.4e5764585c0d043373b2be3fe56def9b.jpg,24c29a549c63eda72d6b443066585cb4aaf494fefd866f6e267ed0aad109e7ba
/home/l2e_ayd/cocoa_research/data/raw/roboflow_cocoa/train/images/3DEC8439-77BE-4500-AEFC-5FDCA28B1E84-15_31_12_jpeg.rf.0d60e5e5641a9181f7cc2fcecd01a4e2.jpg,3DEC8439-77BE-4500-AEFC-5FDCA28B1E84-15_31_12_jpeg.rf.0d60e5e5641a9181f7cc2fcecd01a4e2.jpg,c8d2fc4b20200c31bf5cd0e0a1336243648f62c3bf1e220e3b07ab56a9aa6bf9
/home/l2e_ayd/cocoa_research/data/raw/roboflow_cocoa/train/images/3DFD93B5-C9D2-4D32-9433-DE9D7DBB247B-23_23_4_jpeg.rf.7f7f63a3413af41427dd6780654d8b5e.jpg,3DFD93B5-C9D2-4D32-9433-DE9D7DBB247B-23_23_4_jpeg.rf.7f7f63a3413af41427dd6780654d8b5e.jpg,b4f3b9390c0003546c248ea381ae321debca4db4337f039db8e7316665018be1
/home/l2e_ayd/cocoa_research/data/raw/roboflow_cocoa/train/images/3E163E41-29F1-4634-B705-DBFB3AE81FAB-0_15_7-1-_jpeg.rf.b0ea1cd435af130fad3fb568076a5443.jpg,3E163E41-29F1-4634-B705-DBFB3AE81FAB-0_15_7-1-_jpeg.rf.b0ea1cd435af130fad3fb568076a5443.jpg,7275bb09286695fbb745cffd41a240ea06b49401e16f6d00b5c29f5ceb84c604
/home/l2e_ayd/cocoa_research/data/raw/roboflow_cocoa/train/images/3E431DC9-E135-4CD0-8F2B-35FF795E76E2-1_17_13_jpeg.rf.e09135ad13446b0eb3cdc3d136b15903.jpg,3E431DC9-E135-4CD0-8F2B-35FF795E76E2-1_17_13_jpeg.rf.e09135ad13446b0eb3cdc3d136b15903.jpg,bbd8c5f2b154b97ff61e4a3c5cd2d74d69d567ff5a95f2452a882ed8c84875a5
/home/l2e_ayd/cocoa_research/data/raw/roboflow_cocoa/train/images/3E63EC82-D5FA-4C94-BF84-C11FACBE9E96-0_11_44-1-_jpeg.rf.caac4158cd4f4aaca9faaff5814718d8.jpg,3E63EC82-D5FA-4C94-BF84-C11FACBE9E96-0_11_44-1-_jpeg.rf.caac4158cd4f4aaca9faaff5814718d8.jpg,94a325d31475b94ca1f469caf300a9e4db1ef214edec933ba5d6618b61cf6ae3
/home/l2e_ayd/cocoa_research/data/raw/roboflow_cocoa/train/images/3E6DA564-EF18-4919-84C1-90FBB559CF38-23_21_45_jpeg.rf.9d00dcfe07003668420cd596719b77e9.jpg,3E6DA564-EF18-4919-84C1-90FBB559CF38-23_21_45_jpeg.rf.9d00dcfe07003668420cd596719b77e9.jpg,acd77c2a8bf83c14724c3ba08c4b056683e42464abc00fb45bc0b3c5c48e12f7
/home/l2e_ayd/cocoa_research/data/raw/roboflow_cocoa/train/images/3E95E3DB-8D8A-455F-AC68-50F54157A054-19_31_47_jpeg.rf.fc33f98ed2c23301cb8a96ff6e1a8fe2.jpg,3E95E3DB-8D8A-455F-AC68-50F54157A054-19_31_47_jpeg.rf.fc33f98ed2c23301cb8a96ff6e1a8fe2.jpg,4b07449b5b3155d78887cd4fbb1391f4aeb2aad2558990253bc3f66d1c125326
/home/l2e_ayd/cocoa_research/data/raw/roboflow_cocoa/train/images/3EA1B589-2D1D-4F3A-848B-29FA80B2E82B-0_49_52_jpeg.rf.6eda294b04d5d36456c773ec28a81838.jpg,3EA1B589-2D1D-4F3A-848B-29FA80B2E82B-0_49_52_jpeg.rf.6eda294b04d5d36456c773ec28a81838.jpg,226c1f06787b2906d4059963f9b3e31858ca5d7863a708eab83d583c4d8bd8c7
/home/l2e_ayd/cocoa_research/data/raw/roboflow_cocoa/train/images/3EAFD66B-707F-49BA-B45F-9944A955C250-23_13_31_jpeg.rf.a944e78c0d0f590f9645a26a82058062.jpg,3EAFD66B-707F-49BA-B45F-9944A955C250-23_13_31_jpeg.rf.a944e78c0d0f590f9645a26a82058062.jpg,fee573f7893e88e0329a5f2df2a086ee3487a4765b04a9f900881d260bd9ba4c
/home/l2e_ayd/cocoa_research/data/raw/roboflow_cocoa/train/images/3EF97531-A5EB-4968-8706-5B71A6889793-22_26_23_jpeg.rf.605d5e37ce929df3afdb362f8c65cb4e.jpg,3EF97531-A5EB-4968-8706-5B71A6889793-22_26_23_jpeg.rf.605d5e37ce929df3afdb362f8c65cb4e.jpg,1bbc64df6a3011d103e4479f5aac7236e5595107a1fea1cedad0f210078fc8d4
/home/l2e_ayd/cocoa_research/data/raw/roboflow_cocoa/train/images/3F3E971B-05C3-4BF9-B366-F31E6899B7F0-21_26_21_jpeg.rf.0170577b847e529ca49ef99c41f79a32.jpg,3F3E971B-05C3-4BF9-B366-F31E6899B7F0-21_26_21_jpeg.rf.0170577b847e529ca49ef99c41f79a32.jpg,5130f7eba3279771390dde6cc1c8dd23f485f784c96f8ff44f664b1d1b5fde91
/home/l2e_ayd/cocoa_research/data/raw/roboflow_cocoa/train/images/3F41F4A5-799D-42F4-8F50-7A116424D608-18_29_33_jpeg.rf.e4b302cf5cc8235383afd6c8e813d54a.jpg,3F41F4A5-799D-42F4-8F50-7A116424D608-18_29_33_jpeg.rf.e4b302cf5cc8235383afd6c8e813d54a.jpg,8887c843f94e561b9b41eb0859e385ef56ed50e35fe8fbc70fa8df2b5c3cf10e
/home/l2e_ayd/cocoa_research/data/raw/roboflow_cocoa/train/images/3F6AA2BA-E08E-4BAD-B335-E5DCF70A1B1D-0_12_15_jpeg.rf.8acac48a95a09fd70e6dd7b4c7126968.jpg,3F6AA2BA-E08E-4BAD-B335-E5DCF70A1B1D-0_12_15_jpeg.rf.8acac48a95a09fd70e6dd7b4c7126968.jpg,83cc167941b7f0bb54165375813cb5081fd3243c0c9f2b9f4bab34668d3493b9
/home/l2e_ayd/cocoa_research/data/raw/roboflow_cocoa/train/images/3F8E9B55-A017-45DF-9BC5-8B0DC7818F2E-18_41_25_jpeg.rf.f3c426aeaad4fcec708aa7553b5a7c27.jpg,3F8E9B55-A017-45DF-9BC5-8B0DC7818F2E-18_41_25_jpeg.rf.f3c426aeaad4fcec708aa7553b5a7c27.jpg,033d5df53b9068938943185220268e9ac814a5e6e4f7ac909b055b3026e8b907
/home/l2e_ayd/cocoa_research/data/raw/roboflow_cocoa/train/images/3FBD24A8-58A3-4BAF-9983-85B7450F32EF-23_50_58_jpeg.rf.de107dcaf8a4638fc00110bf129e5fae.jpg,3FBD24A8-58A3-4BAF-9983-85B7450F32EF-23_50_58_jpeg.rf.de107dcaf8a4638fc00110bf129e5fae.jpg,674605887aa4765d2b94db66a2d143c00ca32cc3fa7b9ab72554263457240c49
/home/l2e_ayd/cocoa_research/data/raw/roboflow_cocoa/train/images/3FBE118A-D679-4C92-9493-66892F32AE91-22_51_41_jpeg.rf.c50bd2e0574d9d808ea2bc55693e04f9.jpg,3FBE118A-D679-4C92-9493-66892F32AE91-22_51_41_jpeg.rf.c50bd2e0574d9d808ea2bc55693e04f9.jpg,c2da2d003ce51e040a714662a18e5e04ab9c1aebd0070a21e8aaa88eb4a2cfa3
/home/l2e_ayd/cocoa_research/data/raw/roboflow_cocoa/train/images/3FC8AC4C-B481-41A2-B522-47CA16CC6CCA-19_13_46_jpeg.rf.c3decb4b51b160a632573bf879ff9dd7.jpg,3FC8AC4C-B481-41A2-B522-47CA16CC6CCA-19_13_46_jpeg.rf.c3decb4b51b160a632573bf879ff9dd7.jpg,b5c01eeffeb0562ac3590f19c71367789078b9413e7de27dc4878352bcfe211c
/home/l2e_ayd/cocoa_research/data/raw/roboflow_cocoa/train/images/4003C6BF-CA2B-43BA-8C9E-3E04FBB4C26E-22_36_15_jpeg.rf.12559d24ea690a6fa347c8edfb25f3cc.jpg,4003C6BF-CA2B-43BA-8C9E-3E04FBB4C26E-22_36_15_jpeg.rf.12559d24ea690a6fa347c8edfb25f3cc.jpg,b505dfe952c4f0659e7abc6b9b3d67a96fe99095f7357530d8a5f9a1793c6d3d
/home/l2e_ayd/cocoa_research/data/raw/roboflow_cocoa/train/images/401FE4E5-5D9B-4341-94C9-ACAB928B3D64-0_3_41_jpeg.rf.fe02845592204dd7fe5e2a984270695d.jpg,401FE4E5-5D9B-4341-94C9-ACAB928B3D64-0_3_41_jpeg.rf.fe02845592204dd7fe5e2a984270695d.jpg,a72607f291ae495c2d0a7fa1bb273d3992430796185a3aada69ddcd5d9049675
/home/l2e_ayd/cocoa_research/data/raw/roboflow_cocoa/train/images/40262E68-FFA5-4754-8431-61D748861DB9-19_21_23_jpeg.rf.4b0418027a6cdc3ff28e07d64f05c225.jpg,40262E68-FFA5-4754-8431-61D748861DB9-19_21_23_jpeg.rf.4b0418027a6cdc3ff28e07d64f05c225.jpg,a9ae903f4ec6dddcd5b87ed82ca280e910086bd5463d6fc13b1951566e5f30d6
/home/l2e_ayd/cocoa_research/data/raw/roboflow_cocoa/train/images/403F2CFD-2989-4D0B-A98D-AE5B31094A3F-0_38_20_jpeg.rf.601ae1eb8014153b83430148adb0f0ea.jpg,403F2CFD-2989-4D0B-A98D-AE5B31094A3F-0_38_20_jpeg.rf.601ae1eb8014153b83430148adb0f0ea.jpg,25d27ae708f2fb3365d3510078367f822d5a66ca863b7c22f15d1d554c9e07ae
/home/l2e_ayd/cocoa_research/data/raw/roboflow_cocoa/train/images/40E369ED-B22D-464E-9131-D02CADAC660D-15_47_58_jpeg.rf.39f910d63dbf34f1b3a2b13e47cf1a67.jpg,40E369ED-B22D-464E-9131-D02CADAC660D-15_47_58_jpeg.rf.39f910d63dbf34f1b3a2b13e47cf1a67.jpg,01782dba655110eebdf008542e44a03ce14eb6dadfba5768a8786bda2d31b8df
/home/l2e_ayd/cocoa_research/data/raw/roboflow_cocoa/train/images/41A94913-98E3-4E27-B868-FA5FE63ED739-23_10_55_jpeg.rf.cbdc7b037d81446bcc45e07ee16e99ad.jpg,41A94913-98E3-4E27-B868-FA5FE63ED739-23_10_55_jpeg.rf.cbdc7b037d81446bcc45e07ee16e99ad.jpg,cf946a78f2092f4bc02713f5926551ee50b786918c7a2e54795339a2ec720278
/home/l2e_ayd/cocoa_research/data/raw/roboflow_cocoa/train/images/41AFAEDC-59E7-4865-922A-3BBBEA65D1CF-23_27_40_jpeg.rf.c46ed2a8490059faf2783217ffda69be.jpg,41AFAEDC-59E7-4865-922A-3BBBEA65D1CF-23_27_40_jpeg.rf.c46ed2a8490059faf2783217ffda69be.jpg,ab646eb5270dc09aa1771456f6080ae4804198fe2c2162246083cd9ec7bfb063
/home/l2e_ayd/cocoa_research/data/raw/roboflow_cocoa/train/images/41E709A0-040D-410A-B71A-C892DF4819ED-12_36_1_jpeg.rf.5c3e3e16c967b505be0b7405c96a520b.jpg,41E709A0-040D-410A-B71A-C892DF4819ED-12_36_1_jpeg.rf.5c3e3e16c967b505be0b7405c96a520b.jpg,17d77b12fc05715b8c1473990620bc4ed1c305cb22ad5a3a0c52432cb1842c31
/home/l2e_ayd/cocoa_research/data/raw/roboflow_cocoa/train/images/41F4A0AD-9652-4235-9ADA-6B40FBD87C17-18_15_27_jpeg.rf.3d2e4c755c36170bace4caa1ef1a40ea.jpg,41F4A0AD-9652-4235-9ADA-6B40FBD87C17-18_15_27_jpeg.rf.3d2e4c755c36170bace4caa1ef1a40ea.jpg,75202a1942f28e28c0e2e8bcbbd8d92aa8bfd7d80e27f97b59d5c668afedc3e3
/home/l2e_ayd/cocoa_research/data/raw/roboflow_cocoa/train/images/421670CA-7A32-47D9-9A72-922AC71DA545-20_3_17_jpeg.rf.0b804133ab998dad88c2edfce20308bf.jpg,421670CA-7A32-47D9-9A72-922AC71DA545-20_3_17_jpeg.rf.0b804133ab998dad88c2edfce20308bf.jpg,8b28a7278ab49deb5ed13c26a6be0783e2c128aeaf8f02a8ce6fc3050d2299ac
/home/l2e_ayd/cocoa_research/data/raw/roboflow_cocoa/train/images/429E44D2-1515-413F-8A97-56B421D44FFE-1_40_23_jpeg.rf.eb2fd2fd7da2c89316f97c27f2512b6e.jpg,429E44D2-1515-413F-8A97-56B421D44FFE-1_40_23_jpeg.rf.eb2fd2fd7da2c89316f97c27f2512b6e.jpg,f4954cc4221ed0642b2d9bd8a576ee3f0f094b5345c01b85c959366ab6e95f5e
/home/l2e_ayd/cocoa_research/data/raw/roboflow_cocoa/train/images/42F01550-0139-4BC6-82BB-689F7EC5E258-0_49_52_jpeg.rf.d3ea4875e582f704b6e16c350048370d.jpg,42F01550-0139-4BC6-82BB-689F7EC5E258-0_49_52_jpeg.rf.d3ea4875e582f704b6e16c350048370d.jpg,9a971b46b17d60893cfdb97e191fe1866d248421ecbb148167bde391066c772b
/home/l2e_ayd/cocoa_research/data/raw/roboflow_cocoa/train/images/438FA39C-3878-4901-B047-DD5B378D54CF-20_26_39_jpeg.rf.2670438c013b7d104e4627e0e38286e4.jpg,438FA39C-3878-4901-B047-DD5B378D54CF-20_26_39_jpeg.rf.2670438c013b7d104e4627e0e38286e4.jpg,91d2490ea839dfb2095389075f095aeec99f2622093dc923f2cacced7a39522e
/home/l2e_ayd/cocoa_research/data/raw/roboflow_cocoa/train/images/44AC89DC-8620-4ACA-9EBD-456E7C0ED036-23_23_15_jpeg.rf.e509acfabf49f506bc47dc50d5e9004a.jpg,44AC89DC-8620-4ACA-9EBD-456E7C0ED036-23_23_15_jpeg.rf.e509acfabf49f506bc47dc50d5e9004a.jpg,f9c09328401b3718ef12905072b33342b63ae2fa98c7d6e99add196920945ab8
/home/l2e_ayd/cocoa_research/data/raw/roboflow_cocoa/train/images/44BA32EA-B80F-4EA9-87C2-44083B1C7767-0_19_20_jpeg.rf.318cd5f56dad601e518d52bb34af6d54.jpg,44BA32EA-B80F-4EA9-87C2-44083B1C7767-0_19_20_jpeg.rf.318cd5f56dad601e518d52bb34af6d54.jpg,4f4c456743964c1d57bf2175c105379ee28a6874f7c5eacdd5b0909c93b003cb
/home/l2e_ayd/cocoa_research/data/raw/roboflow_cocoa/train/images/44C33065-7CDD-428C-A718-C91D69EA08D8-23_20_51_jpeg.rf.658754f20d4631bdc7ec8f855408534b.jpg,44C33065-7CDD-428C-A718-C91D69EA08D8-23_20_51_jpeg.rf.658754f20d4631bdc7ec8f855408534b.jpg,f2a1450ba04dd7a3e69921deb637b2b0bb12ab91ffa32127e1cccdd8816756f8
/home/l2e_ayd/cocoa_research/data/raw/roboflow_cocoa/train/images/44E08FBC-9323-455A-9518-BBFC46476630-1_3_51-1-_jpeg.rf.5cfd64f2ee1215cf5402350e30a59376.jpg,44E08FBC-9323-455A-9518-BBFC46476630-1_3_51-1-_jpeg.rf.5cfd64f2ee1215cf5402350e30a59376.jpg,2feebf59a65d65c7d34305383c2694084fe2445a061f44251dce7ef53a3af6b3
/home/l2e_ayd/cocoa_research/data/raw/roboflow_cocoa/train/images/44F3153F-0821-47F1-AB5D-76AB562E2EDF-23_14_40_jpeg.rf.4b4ee8b08778585751565de128a80cf0.jpg,44F3153F-0821-47F1-AB5D-76AB562E2EDF-23_14_40_jpeg.rf.4b4ee8b08778585751565de128a80cf0.jpg,9eee4823dcf5e09c5209d0310de2eda0f6986501bd09b3c365275c39ed56edce
/home/l2e_ayd/cocoa_research/data/raw/roboflow_cocoa/train/images/452E6AF3-5107-401D-9382-743EF201BDE4-20_8_15_jpeg.rf.f547ca34330eabef50824c8d293ca53c.jpg,452E6AF3-5107-401D-9382-743EF201BDE4-20_8_15_jpeg.rf.f547ca34330eabef50824c8d293ca53c.jpg,5aa00a7de8f951c4ffa4b050f74a21fd8263d32f4292b52ef1fd2951290241fa
/home/l2e_ayd/cocoa_research/data/raw/roboflow_cocoa/train/images/455F1DBF-A56A-416E-96C4-0E2C182E0F91-19_16_33_jpeg.rf.673b13e7a85de0fbca585f45ea221143.jpg,455F1DBF-A56A-416E-96C4-0E2C182E0F91-19_16_33_jpeg.rf.673b13e7a85de0fbca585f45ea221143.jpg,f749e05f1707d143633b6f0974507aa76b7f4be4b98db97a7438fa802680ea92
/home/l2e_ayd/cocoa_research/data/raw/roboflow_cocoa/train/images/45CD833A-025A-45A5-B288-D0B06C28EC43-23_40_20_jpeg.rf.a8f185ea406c037b676c9521e0ce21a2.jpg,45CD833A-025A-45A5-B288-D0B06C28EC43-23_40_20_jpeg.rf.a8f185ea406c037b676c9521e0ce21a2.jpg,0ecfe479321bc84855427a9c2a0035e194dc8397cb47bef1ee1e8192dd404217
/home/l2e_ayd/cocoa_research/data/raw/roboflow_cocoa/train/images/467D1C71-6B7C-4563-9889-AD84B9EC5AD2-22_59_46_jpeg.rf.ef4608c88df361441f025dba5c73a8dd.jpg,467D1C71-6B7C-4563-9889-AD84B9EC5AD2-22_59_46_jpeg.rf.ef4608c88df361441f025dba5c73a8dd.jpg,8614fda5587c522c817b59fbcecc7dfa072a7d10f58c115ae4d24db5524f0370
/home/l2e_ayd/cocoa_research/data/raw/roboflow_cocoa/train/images/467EF87C-CB9A-4653-A4EB-C4C006C964AC-23_25_17_jpeg.rf.64c58d1fcaa68806f399cb80d83950a5.jpg,467EF87C-CB9A-4653-A4EB-C4C006C964AC-23_25_17_jpeg.rf.64c58d1fcaa68806f399cb80d83950a5.jpg,64782867b69263f54ae2bf6dc4464b4d0c0b9ca48d6d4571e157b37b1c8acb6e
/home/l2e_ayd/cocoa_research/data/raw/roboflow_cocoa/train/images/4688F5BB-C456-485C-8E7F-B8CE993BC0C1-23_13_21_jpeg.rf.9f1f62d5e93700e7c9a8bbe50cc53c55.jpg,4688F5BB-C456-485C-8E7F-B8CE993BC0C1-23_13_21_jpeg.rf.9f1f62d5e93700e7c9a8bbe50cc53c55.jpg,fe80e479373df6141cc5e67bcf0f98ecc4b860e3f88818b130e379eb7d56d19a
/home/l2e_ayd/cocoa_research/data/raw/roboflow_cocoa/train/images/46B7C9B1-95FA-45B5-B0A6-14C2D731FE76-21_14_40_jpeg.rf.ded88bd945fc948e57e0984484d2bc49.jpg,46B7C9B1-95FA-45B5-B0A6-14C2D731FE76-21_14_40_jpeg.rf.ded88bd945fc948e57e0984484d2bc49.jpg,c1c9e7504f6b743795ac64b2054e1d115a681b077460fd81d1d739963cef9417
/home/l2e_ayd/cocoa_research/data/raw/roboflow_cocoa/train/images/46BFDEA3-7117-4EFA-8AH14-DC70C2761B05-22_55_39_jpeg.rf.5ea85cc34913c69c897221d3bead6af7.jpg,46BFDEA3-7117-4EFA-8AH14-DC70C2761B05-22_55_39_jpeg.rf.5ea85cc34913c69c897221d3bead6af7.jpg,e1379b0e287346e142413b37198f32a869177c4d91a956262818179a72a640ea
/home/l2e_ayd/cocoa_research/data/raw/roboflow_cocoa/train/images/46C791FA-C6D2-4606-B96A-F76D9644C389-23_28_41_jpeg.rf.c7b3a9f4237be85bd82562265aa864dc.jpg,46C791FA-C6D2-4606-B96A-F76D9644C389-23_28_41_jpeg.rf.c7b3a9f4237be85bd82562265aa864dc.jpg,a05019df08d39d2d86fdb13fd34bd159abcdb527d4cc71dcbac5f656b1aa1a21
/home/l2e_ayd/cocoa_research/data/raw/roboflow_cocoa/train/images/4702B32D-3578-409F-83AC-6132FD4734BB-0_49_3_jpeg.rf.a6e6569e89fa70dafdabfc3388854eb7.jpg,4702B32D-3578-409F-83AC-6132FD4734BB-0_49_3_jpeg.rf.a6e6569e89fa70dafdabfc3388854eb7.jpg,1f4611d36e6117778771c3a8025fc7a18325d8a563948a2adec8f081fa679f05
/home/l2e_ayd/cocoa_research/data/raw/roboflow_cocoa/train/images/4735FE31-191E-4FCB-8794-5E84D59DB4AC-0_27_20_jpeg.rf.5d5752f4618eaf8805929ee511e97213.jpg,4735FE31-191E-4FCB-8794-5E84D59DB4AC-0_27_20_jpeg.rf.5d5752f4618eaf8805929ee511e97213.jpg,80e85b8ea426f0a8c4b1bfddc51fb6ee1d8a3500bcf9b43a0d19cdbe39693064
/home/l2e_ayd/cocoa_research/data/raw/roboflow_cocoa/train/images/4744F2CA-B05F-4037-9C88-5BCB455D14A9-0_38_44_jpeg.rf.de6f6c0b364e2a0d02489665ce27005d.jpg,4744F2CA-B05F-4037-9C88-5BCB455D14A9-0_38_44_jpeg.rf.de6f6c0b364e2a0d02489665ce27005d.jpg,0ea28242dc55c3e0221975e8fd9a421daa86be11773a1de1c60d971f5597af17
/home/l2e_ayd/cocoa_research/data/raw/roboflow_cocoa/train/images/47890E0A-F8A8-4C57-84E2-6314731541E8-0_46_50_jpeg.rf.0a12e7b0e38963aae5b4915c8caef285.jpg,47890E0A-F8A8-4C57-84E2-6314731541E8-0_46_50_jpeg.rf.0a12e7b0e38963aae5b4915c8caef285.jpg,828278a2cc1d3703adb394d4d71c1acb200ae478a40247070eb35681b18654fd
/home/l2e_ayd/cocoa_research/data/raw/roboflow_cocoa/train/images/47AB547B-E1D4-429A-81C3-A92BC1F5AA88-1_19_37_jpeg.rf.9509f32a71b6d968fc8da528c479b321.jpg,47AB547B-E1D4-429A-81C3-A92BC1F5AA88-1_19_37_jpeg.rf.9509f32a71b6d968fc8da528c479b321.jpg,51eceddf80e1444b430fedab7d750dff8d43248274c160244430dd24254e6483
/home/l2e_ayd/cocoa_research/data/raw/roboflow_cocoa/train/images/47EBAB78-4640-4B9D-ADFF-F47156F5FC98-22_38_58-1-_jpeg.rf.f308ecca062472d6915b9806ad417331.jpg,47EBAB78-4640-4B9D-ADFF-F47156F5FC98-22_38_58-1-_jpeg.rf.f308ecca062472d6915b9806ad417331.jpg,bc21a8ebd4cdfd63599c59c8e6389d4128b12e10a7698ca14f3ed42d0aa568d4
/home/l2e_ayd/cocoa_research/data/raw/roboflow_cocoa/train/images/482683FC-0F48-4F49-9C2F-E600E7A42FEB-19_31_38_jpeg.rf.0a6911d6b3f052e447fd1b0c22969dd5.jpg,482683FC-0F48-4F49-9C2F-E600E7A42FEB-19_31_38_jpeg.rf.0a6911d6b3f052e447fd1b0c22969dd5.jpg,27159248502de1600dbd050e0e2408239185c94d7e85e56867cd8adaf1ebea8a
/home/l2e_ayd/cocoa_research/data/raw/roboflow_cocoa/train/images/4841864C-DCCF-48E9-BB63-742BFE7D3719-22_20_52_jpeg.rf.13b9b91b6500b39c55ebd07bcfc5ce71.jpg,4841864C-DCCF-48E9-BB63-742BFE7D3719-22_20_52_jpeg.rf.13b9b91b6500b39c55ebd07bcfc5ce71.jpg,4c9bf752bb5f4098939e7685d0ea0c7a351be2000e22e5010bb860d4b1b522c6
/home/l2e_ayd/cocoa_research/data/raw/roboflow_cocoa/train/images/48BBF57E-2115-4A49-ADA4-50AC536F1AD0-23_59_52_jpeg.rf.4505725e59afcfa93e757376dadaad92.jpg,48BBF57E-2115-4A49-ADA4-50AC536F1AD0-23_59_52_jpeg.rf.4505725e59afcfa93e757376dadaad92.jpg,32e057ac4d49d2d59cab1e1a6043be04035bba68512ae9c9440fa62c774a7353
/home/l2e_ayd/cocoa_research/data/raw/roboflow_cocoa/train/images/48D8828C-09F5-4B95-A67A-E1B16DD9B1A2-19_29_34_jpeg.rf.7795b4876040a15c5bbe94de659e1193.jpg,48D8828C-09F5-4B95-A67A-E1B16DD9B1A2-19_29_34_jpeg.rf.7795b4876040a15c5bbe94de659e1193.jpg,d981a86bdb6733f4ea0f0456e125a037e7b39491ee10f743a702cca27edbcf60
/home/l2e_ayd/cocoa_research/data/raw/roboflow_cocoa/train/images/48FD93C4-59A4-4856-993D-6C7C9C4E1316-23_18_42_jpeg.rf.22155fbe56cdc7edf77679448a3a1631.jpg,48FD93C4-59A4-4856-993D-6C7C9C4E1316-23_18_42_jpeg.rf.22155fbe56cdc7edf77679448a3a1631.jpg,b454c23dd07ac665793f66dea7004ed3aa20dda9bf51a05491d64be5a1539a5f
/home/l2e_ayd/cocoa_research/data/raw/roboflow_cocoa/train/images/490F8D28-3F2A-42B4-83B7-A9D33E366BCB-0_18_36-1-_jpeg.rf.c0056aed126471de1d5950dfad73f91d.jpg,490F8D28-3F2A-42B4-83B7-A9D33E366BCB-0_18_36-1-_jpeg.rf.c0056aed126471de1d5950dfad73f91d.jpg,00404186702c0ffb9cc4d1276cae5d4f096d2fc43a4b4d850cc4d52c6b440162
/home/l2e_ayd/cocoa_research/data/raw/roboflow_cocoa/train/images/4915B9DB-10E3-4857-A7C5-3E5E077741C1-23_20_0_jpeg.rf.6f2ad7e2ad6d39943c6651ce188e931c.jpg,4915B9DB-10E3-4857-A7C5-3E5E077741C1-23_20_0_jpeg.rf.6f2ad7e2ad6d39943c6651ce188e931c.jpg,8346bb08475edb53f71d5aced799aab7550a4b724f15b72c19f8b863e86d6166
/home/l2e_ayd/cocoa_research/data/raw/roboflow_cocoa/train/images/498F4A75-7FA0-402D-8514-3198FBEFA448-1_17_6_jpeg.rf.b5655d2318733b984cd895c895874f2d.jpg,498F4A75-7FA0-402D-8514-3198FBEFA448-1_17_6_jpeg.rf.b5655d2318733b984cd895c895874f2d.jpg,272986930aa998f9c24c09fa2068d9bd4594ba54159507dbac284c681d2e3857
/home/l2e_ayd/cocoa_research/data/raw/roboflow_cocoa/train/images/499860B2-5979-4D69-BA10-619D7319DFBE-0_16_34_jpeg.rf.d9abe39efe0017a834ad266d3ae28080.jpg,499860B2-5979-4D69-BA10-619D7319DFBE-0_16_34_jpeg.rf.d9abe39efe0017a834ad266d3ae28080.jpg,8cb3f3ede28fba9f5e21023bf827530f2e268a4baba1812d860d79fb5a6626bf
/home/l2e_ayd/cocoa_research/data/raw/roboflow_cocoa/train/images/499D70BE-4D07-4E6D-8942-18321200CDB8-22_24_21_jpeg.rf.bfe3f79a3e78cdca81df3c910cc76478.jpg,499D70BE-4D07-4E6D-8942-18321200CDB8-22_24_21_jpeg.rf.bfe3f79a3e78cdca81df3c910cc76478.jpg,63d3a3b307b29be0a99df1c84f00d3d1170a54c871842f33c2cf3c7ac64646ae
/home/l2e_ayd/cocoa_research/data/raw/roboflow_cocoa/train/images/49EDF3DA-2141-4C32-88FF-7C5DF9CA2641-23_14_33_jpeg.rf.a90d043ba23d2b6de435fb119419d329.jpg,49EDF3DA-2141-4C32-88FF-7C5DF9CA2641-23_14_33_jpeg.rf.a90d043ba23d2b6de435fb119419d329.jpg,924ce7b1f0992232d80166690947c2aef3df09c673cf0f912be1149aa959e47f
/home/l2e_ayd/cocoa_research/data/raw/roboflow_cocoa/train/images/4A21807D-F744-4B64-B326-8CD59F626305-23_7_43_jpeg.rf.0ff0a3d90f4273741e3cf35545e1d2d4.jpg,4A21807D-F744-4B64-B326-8CD59F626305-23_7_43_jpeg.rf.0ff0a3d90f4273741e3cf35545e1d2d4.jpg,37d894e9810dec6821bc67c8b39c2e8c023250f9e0d0936a3d9e32cb62c53523
/home/l2e_ayd/cocoa_research/data/raw/roboflow_cocoa/train/images/4A5D0ED9-6832-4982-9479-A40775FA5DBD-19_17_50_jpeg.rf.28597a4100e1b0b71b17ebe48366a46e.jpg,4A5D0ED9-6832-4982-9479-A40775FA5DBD-19_17_50_jpeg.rf.28597a4100e1b0b71b17ebe48366a46e.jpg,cb1a764ab7462e762f8f47047aa7894ddbb74d8825b69387eb140118d5079c62
/home/l2e_ayd/cocoa_research/data/raw/roboflow_cocoa/train/images/4AE5A28E-4B94-4DE9-B0C5-3FF0D4E1443A-22_41_28_jpeg.rf.275b11e57f94504e4fc33480dd7a5b9c.jpg,4AE5A28E-4B94-4DE9-B0C5-3FF0D4E1443A-22_41_28_jpeg.rf.275b11e57f94504e4fc33480dd7a5b9c.jpg,7e149ce9062001d6ce1762eff10a77a45f6204fcc44b0deb8b4ed6fd39be3989
/home/l2e_ayd/cocoa_research/data/raw/roboflow_cocoa/train/images/4AEE4133-74D5-45F6-B56C-67D2F01DB09A-23_16_25_jpeg.rf.987f5b69b21ce1fa227e66d43186ded8.jpg,4AEE4133-74D5-45F6-B56C-67D2F01DB09A-23_16_25_jpeg.rf.987f5b69b21ce1fa227e66d43186ded8.jpg,36d840ed42ffc51d90fc3cd21b7e59ee543a95ea3d2d59ca5488446d52f5b57b
/home/l2e_ayd/cocoa_research/data/raw/roboflow_cocoa/train/images/4AF14EF1-5954-4FC4-AD24-D84756A5164B-19_28_40_jpeg.rf.15075ad919e8616ba78e26985792460e.jpg,4AF14EF1-5954-4FC4-AD24-D84756A5164B-19_28_40_jpeg.rf.15075ad919e8616ba78e26985792460e.jpg,0829ec64e16bfff1ca419052897e3090a17b043261c58ad585196c5436a5145e
/home/l2e_ayd/cocoa_research/data/raw/roboflow_cocoa/train/images/4B041E5A-93B2-4070-8F7D-50550CFDAC13-12_31_13_jpeg.rf.12780da6282dab9e951a4bfdd97ca756.jpg,4B041E5A-93B2-4070-8F7D-50550CFDAC13-12_31_13_jpeg.rf.12780da6282dab9e951a4bfdd97ca756.jpg,81282c139059b030d754e5de6b5b7cc2e6679b5bc6fbcc401a1efa9ef3342633
/home/l2e_ayd/cocoa_research/data/raw/roboflow_cocoa/train/images/4B1D234C-7FF8-400F-B25B-B11556C811C7-22_41_15-1-_jpeg.rf.4e888baac4500f2ae4b4144b4a8a8ab9.jpg,4B1D234C-7FF8-400F-B25B-B11556C811C7-22_41_15-1-_jpeg.rf.4e888baac4500f2ae4b4144b4a8a8ab9.jpg,fe8b78c7c480324fb3d7fcfdba088bb3feeeadc0d1cf7567f65b3ca104ef5270
/home/l2e_ayd/cocoa_research/data/raw/roboflow_cocoa/train/images/4B9CB1C7-B878-4620-9761-9936B5AB5C2C-22_28_5_jpeg.rf.0904f3f0d6d144b00d0721941b69fbd8.jpg,4B9CB1C7-B878-4620-9761-9936B5AB5C2C-22_28_5_jpeg.rf.0904f3f0d6d144b00d0721941b69fbd8.jpg,a37bd9086e4b681ec554d8659550e02a45190fa1ea6c219abb9a3392c6c7894d
/home/l2e_ayd/cocoa_research/data/raw/roboflow_cocoa/train/images/4BD73415-1CF9-4458-9EFC-2CE2CF6C0996-22_5_15_jpeg.rf.d8c9de438ec6740d6a4973f8951d3e14.jpg,4BD73415-1CF9-4458-9EFC-2CE2CF6C0996-22_5_15_jpeg.rf.d8c9de438ec6740d6a4973f8951d3e14.jpg,3a0d2319d28a8fa43e4cd10d1591d6ba77697d1fdbda79352ab3aa0b2e120785
/home/l2e_ayd/cocoa_research/data/raw/roboflow_cocoa/train/images/4C13190F-13CE-4ACF-91B6-B1A23D6DAC36-18_31_35_jpeg.rf.60d4c61b2b82ef585deebfc54aeb9c1a.jpg,4C13190F-13CE-4ACF-91B6-B1A23D6DAC36-18_31_35_jpeg.rf.60d4c61b2b82ef585deebfc54aeb9c1a.jpg,6a6f870ff4952e0f8b6cb8b910e8f618a2323452808ffaf4d8a5b95495db5e97
/home/l2e_ayd/cocoa_research/data/raw/roboflow_cocoa/train/images/4C9B24CE-E059-4732-9C85-41B1EA09E4EE-0_33_43_jpeg.rf.0a37e204e4078b18887af37254a61482.jpg,4C9B24CE-E059-4732-9C85-41B1EA09E4EE-0_33_43_jpeg.rf.0a37e204e4078b18887af37254a61482.jpg,fb130fec300fabcb538c5dab69c7bbbf34421f19c6320ba16cc5c576bf9b741f
/home/l2e_ayd/cocoa_research/data/raw/roboflow_cocoa/train/images/4CAA46FE-8D74-468A-AACC-864860AF4808-23_14_11_jpeg.rf.dbf48708478413477e27629bcdc98e4a.jpg,4CAA46FE-8D74-468A-AACC-864860AF4808-23_14_11_jpeg.rf.dbf48708478413477e27629bcdc98e4a.jpg,15eb7cfd07ea795a815c09162234dd5ff8fd67fcb12ed2102cda1e1819ae3a65
/home/l2e_ayd/cocoa_research/data/raw/roboflow_cocoa/train/images/4CCB9388-D3D8-4859-AA51-3EAAE416C021-0_15_54-1-_jpeg.rf.cbaf05941940a5729bfeeaa9625b18fa.jpg,4CCB9388-D3D8-4859-AA51-3EAAE416C021-0_15_54-1-_jpeg.rf.cbaf05941940a5729bfeeaa9625b18fa.jpg,bee9cb5e1f39b6cf934dc9160ecdccc4981ee709e2efa29054e864d1c6a2d486
/home/l2e_ayd/cocoa_research/data/raw/roboflow_cocoa/train/images/4D134596-D9A0-4C35-A8E5-E6C683298FB4-23_26_21_jpeg.rf.aeef77314acc94b03b69319b9be24518.jpg,4D134596-D9A0-4C35-A8E5-E6C683298FB4-23_26_21_jpeg.rf.aeef77314acc94b03b69319b9be24518.jpg,691712b47dac8a107f72ca7ef2b1bca8ecbb1284cd3ebe2f28220fb9f01aa777
/home/l2e_ayd/cocoa_research/data/raw/roboflow_cocoa/train/images/4D3DB8A8-2008-4BA7-9E0C-93C4D4BA993F-0_11_10_jpeg.rf.79fec97b72ba959c9264180b5467cf9d.jpg,4D3DB8A8-2008-4BA7-9E0C-93C4D4BA993F-0_11_10_jpeg.rf.79fec97b72ba959c9264180b5467cf9d.jpg,7c9a8e10e10fe586f7bd5daed082882fb619c48725da46d64bd358828de15b2e
/home/l2e_ayd/cocoa_research/data/raw/roboflow_cocoa/train/images/4D478AC2-8C5A-4842-A0EF-6A9BED8B665A-0_19_8_jpeg.rf.dcd846e0c72ee6b2d405c32ca779e7ab.jpg,4D478AC2-8C5A-4842-A0EF-6A9BED8B665A-0_19_8_jpeg.rf.dcd846e0c72ee6b2d405c32ca779e7ab.jpg,d3fa276c953a658a5ab47f86d7b8da4d5764f68acffb0d73cad21686cffb2f03
/home/l2e_ayd/cocoa_research/data/raw/roboflow_cocoa/train/images/4DA21274-9839-4700-B973-D2E21A227FBE-19_19_0_jpeg.rf.a665ba192125862ecf4a2443d9688e01.jpg,4DA21274-9839-4700-B973-D2E21A227FBE-19_19_0_jpeg.rf.a665ba192125862ecf4a2443d9688e01.jpg,23c36cd60d1e78512dfe3411b091e5b14b6a961f91347985da3f14ee875e6a8d
/home/l2e_ayd/cocoa_research/data/raw/roboflow_cocoa/train/images/4DAD0FA9-1ABA-4AA5-AC33-87411998F182-1_1_24_jpeg.rf.1656ad9aeb9ca871b9dd5bbb2036fa10.jpg,4DAD0FA9-1ABA-4AA5-AC33-87411998F182-1_1_24_jpeg.rf.1656ad9aeb9ca871b9dd5bbb2036fa10.jpg,cc5e0a8a32b1ff8386d1743f5dabd33b26332c6f71b78bc896938953993c6963
/home/l2e_ayd/cocoa_research/data/raw/roboflow_cocoa/train/images/4E44B7EF-B6C8-4271-B83A-0B97693A3983-22_31_26_jpeg.rf.e4a759403c9c548186e4f2f6ae1cfac4.jpg,4E44B7EF-B6C8-4271-B83A-0B97693A3983-22_31_26_jpeg.rf.e4a759403c9c548186e4f2f6ae1cfac4.jpg,abe7d3c7f080b6a8a362f7497302f0a4cc2d2d9c2144280e8f10cd4604c47424
/home/l2e_ayd/cocoa_research/data/raw/roboflow_cocoa/train/images/4E6B4415-549E-4432-848A-2FB4E354CA4E-1_6_5_jpeg.rf.486cdd24b812867aef9f36a4cc2e7889.jpg,4E6B4415-549E-4432-848A-2FB4E354CA4E-1_6_5_jpeg.rf.486cdd24b812867aef9f36a4cc2e7889.jpg,7edc0648cee9c9f815b495a699d440570f83280ea119eee419b04367372bdb08
/home/l2e_ayd/cocoa_research/data/raw/roboflow_cocoa/train/images/4EAF0300-A605-4245-BEB6-D55B2BC71C31-23_53_33_jpeg.rf.4cf4382699d81c61315a4bc445c962a3.jpg,4EAF0300-A605-4245-BEB6-D55B2BC71C31-23_53_33_jpeg.rf.4cf4382699d81c61315a4bc445c962a3.jpg,87ac9eab72ac0f6317f90d76437f41f89c8edb470df9fab29d3f11e96bd85eb8
/home/l2e_ayd/cocoa_research/data/raw/roboflow_cocoa/train/images/4EC9E319-737E-4D3C-83AC-2F36FFB69382-23_0_35_jpeg.rf.f75e2549284a4387a444e83c38d0deb4.jpg,4EC9E319-737E-4D3C-83AC-2F36FFB69382-23_0_35_jpeg.rf.f75e2549284a4387a444e83c38d0deb4.jpg,d960f79ade02eefcc9bd6da004e3c0f0c9f186c9011653c635b72b620870fb16
/home/l2e_ayd/cocoa_research/data/raw/roboflow_cocoa/train/images/4F1DCF87-6F30-45E0-B618-39BBEF4D4524-0_22_19_jpeg.rf.112e6867f266939e3f937d22c5331ef3.jpg,4F1DCF87-6F30-45E0-B618-39BBEF4D4524-0_22_19_jpeg.rf.112e6867f266939e3f937d22c5331ef3.jpg,be2b6152e016b9d77d6d299bdbd1bf75b77d952f7ae280211ec58843ae023e58
/home/l2e_ayd/cocoa_research/data/raw/roboflow_cocoa/train/images/4F9CE2FB-6B06-44BF-AD8C-2A8BB8279F71-23_50_36_jpeg.rf.bdf026c7ebba0982f19a6d86a26abe21.jpg,4F9CE2FB-6B06-44BF-AD8C-2A8BB8279F71-23_50_36_jpeg.rf.bdf026c7ebba0982f19a6d86a26abe21.jpg,17e62174aed0598e7d021e94762b98804e15bf60d4de35e8c3ae92b667c0703e
/home/l2e_ayd/cocoa_research/data/raw/roboflow_cocoa/train/images/4FCB53D8-8D2C-4803-898A-3E47E69678BE-20_56_52_jpeg.rf.4483e0462fd48d9f80d5c93c4532e040.jpg,4FCB53D8-8D2C-4803-898A-3E47E69678BE-20_56_52_jpeg.rf.4483e0462fd48d9f80d5c93c4532e040.jpg,6b814629a06bcf5c40dc3e32aa88f9dfb1335abe629e9ac09d68c44bc8ca7be7
/home/l2e_ayd/cocoa_research/data/raw/roboflow_cocoa/train/images/50178AB7-C518-4D00-BDC1-30DEC453421A-23_30_42_jpeg.rf.67ef72c2905faccb68a5a5d182a074e2.jpg,50178AB7-C518-4D00-BDC1-30DEC453421A-23_30_42_jpeg.rf.67ef72c2905faccb68a5a5d182a074e2.jpg,758f3908876ce00e5623079effdff8a5d44b20183a8227f342ba32d6983b93b2
/home/l2e_ayd/cocoa_research/data/raw/roboflow_cocoa/train/images/505627D7-705E-442F-A989-36BDA613607A-0_38_20_jpeg.rf.6d532d21a6d536f2fbb9330781032e48.jpg,505627D7-705E-442F-A989-36BDA613607A-0_38_20_jpeg.rf.6d532d21a6d536f2fbb9330781032e48.jpg,1faab19e49c2e1cc77d11c054958cea73f13c2a827e0f9e6b2682f3488a636e3
/home/l2e_ayd/cocoa_research/data/raw/roboflow_cocoa/train/images/50A5F4B3-44F6-49E4-BFF4-B0F1320543D0-1_29_58_jpeg.rf.a193bf0e4e1ecb62b1dacf006e08a886.jpg,50A5F4B3-44F6-49E4-BFF4-B0F1320543D0-1_29_58_jpeg.rf.a193bf0e4e1ecb62b1dacf006e08a886.jpg,5f854704deb0c08ae69f9547dc4658f280b62b4884fd03b8f588237bf02ad431
/home/l2e_ayd/cocoa_research/data/raw/roboflow_cocoa/train/images/511D3681-DFE4-420F-A05B-64208C7423E5-1_2_37_jpeg.rf.7ae63aef1246cb241c0351ee5ebd919d.jpg,511D3681-DFE4-420F-A05B-64208C7423E5-1_2_37_jpeg.rf.7ae63aef1246cb241c0351ee5ebd919d.jpg,8fce0a8e0bef6db5f437794441f2ab917e33d9c4581958ba09c3fe5bdd91ffe7
/home/l2e_ayd/cocoa_research/data/raw/roboflow_cocoa/train/images/514C574F-1DDC-4D63-AF8A-A08FFAE2492D-21_54_31_jpeg.rf.0c73a18c08272527bf2ef70776fa7587.jpg,514C574F-1DDC-4D63-AF8A-A08FFAE2492D-21_54_31_jpeg.rf.0c73a18c08272527bf2ef70776fa7587.jpg,766b2acdadac929524d240311108f39874a9e427f2dd2a3d93aee78943d301e1
/home/l2e_ayd/cocoa_research/data/raw/roboflow_cocoa/train/images/51CBAB93-6F9E-4491-B063-01C649BA8215-22_20_58_jpeg.rf.4ef45a94915ccbe47ee0529b6dac5bd9.jpg,51CBAB93-6F9E-4491-B063-01C649BA8215-22_20_58_jpeg.rf.4ef45a94915ccbe47ee0529b6dac5bd9.jpg,cc04211978fe6a6ad4dc8cb3cec89f6243cfe9f419610e8227cc9abeecaf9152
/home/l2e_ayd/cocoa_research/data/raw/roboflow_cocoa/train/images/51D4CA74-8499-452F-B2E3-D198F071D361-1_15_6_jpeg.rf.ecb8e9ec2e0832c09fbcea9003be2bfa.jpg,51D4CA74-8499-452F-B2E3-D198F071D361-1_15_6_jpeg.rf.ecb8e9ec2e0832c09fbcea9003be2bfa.jpg,1af59757c68c04a34cbe7e38336e87fe767e03efd3de67fd0c9045ba4975ffb7
/home/l2e_ayd/cocoa_research/data/raw/roboflow_cocoa/train/images/51E009A8-00F5-4C3B-9BE4-42CA4572F846-1_1_49_jpeg.rf.5bcef04bb434a73c3b36caecd8b7dd73.jpg,51E009A8-00F5-4C3B-9BE4-42CA4572F846-1_1_49_jpeg.rf.5bcef04bb434a73c3b36caecd8b7dd73.jpg,2406b3be5c624e2dd70b40b27d9bbc825bb6789a8e23895ccfe06e845eb87c73
/home/l2e_ayd/cocoa_research/data/raw/roboflow_cocoa/train/images/51EBA6E0-04E8-432E-834A-1EC8CDF02BCB-1_2_20_jpeg.rf.655f4840a34eabf526b57256f3afcf23.jpg,51EBA6E0-04E8-432E-834A-1EC8CDF02BCB-1_2_20_jpeg.rf.655f4840a34eabf526b57256f3afcf23.jpg,4b1830398a2b5aab3aa6e01793fce84b2f0bbf068cd97acd2a3f3688c725564f
/home/l2e_ayd/cocoa_research/data/raw/roboflow_cocoa/train/images/520AB41D-ADA2-4487-B1A5-531173660CAF-1_8_24_jpeg.rf.4725bacca3573ab41a483501feb645d7.jpg,520AB41D-ADA2-4487-B1A5-531173660CAF-1_8_24_jpeg.rf.4725bacca3573ab41a483501feb645d7.jpg,9f006902d3cb2d1cd73621853c883ef2f3a29a107437930cacdc000888347209
/home/l2e_ayd/cocoa_research/data/raw/roboflow_cocoa/train/images/522A7237-A88B-444B-AEC9-49A23F6ED641-19_19_56_jpeg.rf.b94e5789a3918a38b536f20fdb2e3dcc.jpg,522A7237-A88B-444B-AEC9-49A23F6ED641-19_19_56_jpeg.rf.b94e5789a3918a38b536f20fdb2e3dcc.jpg,223dca7e86bdd358f2075f50db1ee5ea979ddceccf8f4e948a7cd833b2bbc955
/home/l2e_ayd/cocoa_research/data/raw/roboflow_cocoa/train/images/5253748A-C40C-4455-9740-5786EE01BD38-22_13_18_jpeg.rf.0f8606d9401a2a822f46f298451d771b.jpg,5253748A-C40C-4455-9740-5786EE01BD38-22_13_18_jpeg.rf.0f8606d9401a2a822f46f298451d771b.jpg,89011ba8da110688b6cda008add39a543e0c28437a312aed8755932273d12270
/home/l2e_ayd/cocoa_research/data/raw/roboflow_cocoa/train/images/526F94F7-2A98-448F-9521-360739ACDFCC-0_38_31_jpeg.rf.1f537baac4b8954d9ec23e918ef66c2b.jpg,526F94F7-2A98-448F-9521-360739ACDFCC-0_38_31_jpeg.rf.1f537baac4b8954d9ec23e918ef66c2b.jpg,8fa7fa2b9f9b1a874842f84d8251d9f0dfbdb2ebd66842d2c09ed57ce5288ccf
/home/l2e_ayd/cocoa_research/data/raw/roboflow_cocoa/train/images/5297098F-1274-4BFE-8790-D6DDAEFB2838-1_21_35_jpeg.rf.99666a36489ef96c9d3537e36f540575.jpg,5297098F-1274-4BFE-8790-D6DDAEFB2838-1_21_35_jpeg.rf.99666a36489ef96c9d3537e36f540575.jpg,76028ee796b0e36aec17f1b8582a519065708ea962a3123ec1d085cf4abc4cde
/home/l2e_ayd/cocoa_research/data/raw/roboflow_cocoa/train/images/52CCA899-C68B-4EC9-9E64-22DADEBBCC39-19_26_23_jpeg.rf.c26641cf64f127c6294275932db85dae.jpg,52CCA899-C68B-4EC9-9E64-22DADEBBCC39-19_26_23_jpeg.rf.c26641cf64f127c6294275932db85dae.jpg,d997ec5739fbfb8dc13b609054d7e7d8e3e187c3f2dbacbabb5a13b4bc94bf77
/home/l2e_ayd/cocoa_research/data/raw/roboflow_cocoa/train/images/534B686F-78DA-4DB6-A36E-4384DA211CC3-23_50_56_jpeg.rf.4097e5da7c2e21e1fddb4934aa63db03.jpg,534B686F-78DA-4DB6-A36E-4384DA211CC3-23_50_56_jpeg.rf.4097e5da7c2e21e1fddb4934aa63db03.jpg,597607ae194c8a1b56c9d94fbadbdccc11adb4a93264733381f0667613eb6ade
/home/l2e_ayd/cocoa_research/data/raw/roboflow_cocoa/train/images/54085E2F-6C6F-4903-8B68-5C0B9E3048EB-22_41_6_jpeg.rf.b670d2c9bfb1c0a4a245d9cbe26be2ae.jpg,54085E2F-6C6F-4903-8B68-5C0B9E3048EB-22_41_6_jpeg.rf.b670d2c9bfb1c0a4a245d9cbe26be2ae.jpg,d037bcaecde8d730ea13b4432322b9973e26df84c3965d41eaa8f48b47c61348
/home/l2e_ayd/cocoa_research/data/raw/roboflow_cocoa/train/images/541D4A63-B14B-431E-AC6E-9AF1B4639FD7-22_49_49_jpeg.rf.d23a60ac1f1b79d246c061d5c3491d93.jpg,541D4A63-B14B-431E-AC6E-9AF1B4639FD7-22_49_49_jpeg.rf.d23a60ac1f1b79d246c061d5c3491d93.jpg,8de712ebc25cf51956f5d889d8b06f98ff6a51b3faba44b8ef068bad46dba224
/home/l2e_ayd/cocoa_research/data/raw/roboflow_cocoa/train/images/5422C0F6-EEC7-40D4-A6E4-C314AD59F6DC-1_12_32_jpeg.rf.364336545ba344ec8addb9f0a40f9942.jpg,5422C0F6-EEC7-40D4-A6E4-C314AD59F6DC-1_12_32_jpeg.rf.364336545ba344ec8addb9f0a40f9942.jpg,438d78fbeafa4a61ab70bcf5af2cfd25a14d47dc33eeb9f6dc774b6bd50c5765
/home/l2e_ayd/cocoa_research/data/raw/roboflow_cocoa/train/images/54600B6D-E267-414B-8B94-2C4F239CFC7B-19_24_7_jpeg.rf.46220d2fafc7cb64c032838d85b078c8.jpg,54600B6D-E267-414B-8B94-2C4F239CFC7B-19_24_7_jpeg.rf.46220d2fafc7cb64c032838d85b078c8.jpg,da13bca1e03288a63d55adc4a09687836bd85355376923fb1b5ed97fe6469a96
/home/l2e_ayd/cocoa_research/data/raw/roboflow_cocoa/train/images/54DA7F74-0351-47C1-8B09-72890131E473-0_49_30_jpeg.rf.a9956c4576460f6a481501a9aea050ad.jpg,54DA7F74-0351-47C1-8B09-72890131E473-0_49_30_jpeg.rf.a9956c4576460f6a481501a9aea050ad.jpg,435207b29ef2034e178ce68a560aae7e8025d714c15e69f06deb6741ac3b5fe3
/home/l2e_ayd/cocoa_research/data/raw/roboflow_cocoa/train/images/5523B89E-6CE0-41FF-9EF1-8671FCF237AB-23_39_20_jpeg.rf.160f13afa4d62b5eae8408b39c95f083.jpg,5523B89E-6CE0-41FF-9EF1-8671FCF237AB-23_39_20_jpeg.rf.160f13afa4d62b5eae8408b39c95f083.jpg,ba3a5946241a845eab8d52c3592113277fb926a3f30b44785d31b232c1fef97b
/home/l2e_ayd/cocoa_research/data/raw/roboflow_cocoa/train/images/553F4AA2-FA81-4CA9-97D6-0704AA1EA6F7-22_58_50_jpeg.rf.15f6dc1a3fa074e50eac4a03bc5546b1.jpg,553F4AA2-FA81-4CA9-97D6-0704AA1EA6F7-22_58_50_jpeg.rf.15f6dc1a3fa074e50eac4a03bc5546b1.jpg,18077bc22694ba2acf6b690254522607451e60884fc39513f3aca0f74d853aaf
/home/l2e_ayd/cocoa_research/data/raw/roboflow_cocoa/train/images/5542971F-3F54-4BA9-BF97-AE8FC63CC1A8-1_14_6_jpeg.rf.df6761c29a40e52fb02b38ffbded2a9d.jpg,5542971F-3F54-4BA9-BF97-AE8FC63CC1A8-1_14_6_jpeg.rf.df6761c29a40e52fb02b38ffbded2a9d.jpg,f9d43767850d8861752342cf6e55ce05b03a20a1a8163aca48da6dbaf77958ab
/home/l2e_ayd/cocoa_research/data/raw/roboflow_cocoa/train/images/566E33D1-625F-4E32-8D00-1F51519408EF-23_19_21_jpeg.rf.fa99c8b5556f85301dae6e8ad4eacb40.jpg,566E33D1-625F-4E32-8D00-1F51519408EF-23_19_21_jpeg.rf.fa99c8b5556f85301dae6e8ad4eacb40.jpg,b45c86fd43febf6364a08a26d645a864edaa647c2a8233ddf5996be7eacaf88b
/home/l2e_ayd/cocoa_research/data/raw/roboflow_cocoa/train/images/567D8D29-6F08-4625-8E41-7881BDE0799E-19_16_24_jpeg.rf.609418aec8f18cf747a3772363833227.jpg,567D8D29-6F08-4625-8E41-7881BDE0799E-19_16_24_jpeg.rf.609418aec8f18cf747a3772363833227.jpg,da4f3d3f4b3712e222b19c9125770e6c024a94ebd7288d7c5e9ca40ddc940bc0
/home/l2e_ayd/cocoa_research/data/raw/roboflow_cocoa/train/images/5684A742-E3AB-4D20-8992-F4DC37W55D4F1-23_32_54_jpeg.rf.7b1f305d08990c63cc97f11524a85434.jpg,5684A742-E3AB-4D20-8992-F4DC37W55D4F1-23_32_54_jpeg.rf.7b1f305d08990c63cc97f11524a85434.jpg,174afea00f229a8dc38926d43de7b2ae676ee3001ad94b2567da2fe2adc4e636
/home/l2e_ayd/cocoa_research/data/raw/roboflow_cocoa/train/images/56914BF4-8D4A-4F94-B7AC-ABF76E8257A2-1_23_13_jpeg.rf.4a034297ef2a049814940ff55bb10fba.jpg,56914BF4-8D4A-4F94-B7AC-ABF76E8257A2-1_23_13_jpeg.rf.4a034297ef2a049814940ff55bb10fba.jpg,0359e6a8c26cc53a824de9f7b653a6ee81b0617cddef897a81531f814e9d3252
/home/l2e_ayd/cocoa_research/data/raw/roboflow_cocoa/train/images/56A95905-81D5-4FEB-B8BB-0F730CAAC70B-22_32_26_jpeg.rf.18b36d5a04529e736f1c536e192979cb.jpg,56A95905-81D5-4FEB-B8BB-0F730CAAC70B-22_32_26_jpeg.rf.18b36d5a04529e736f1c536e192979cb.jpg,d5c1dfab216e3e606348b96b1fbcaa48d88f08b07a54d8dc9056d40c997baef0
/home/l2e_ayd/cocoa_research/data/raw/roboflow_cocoa/train/images/56BE6DC0-845B-4D0E-8C35-812B8268D3F9-22_40_32_jpeg.rf.457f3f3b5cfe549a9139c0047f76f4f3.jpg,56BE6DC0-845B-4D0E-8C35-812B8268D3F9-22_40_32_jpeg.rf.457f3f3b5cfe549a9139c0047f76f4f3.jpg,d4c22cf26aeb804658eb2e1b711eec60dc672e021ea0db99ae35bceb66cafbd1
/home/l2e_ayd/cocoa_research/data/raw/roboflow_cocoa/train/images/56D62249-5585-4E2E-8916-81D0803D1279-22_35_14_jpeg.rf.faf8aa83ea6e2f70f486331de93be777.jpg,56D62249-5585-4E2E-8916-81D0803D1279-22_35_14_jpeg.rf.faf8aa83ea6e2f70f486331de93be777.jpg,0e0a58bdc3b325df18f73ed6dcb8b2711ac6072f5362b6baac825d44714fab08
/home/l2e_ayd/cocoa_research/data/raw/roboflow_cocoa/train/images/578D83A5-5B90-478B-ADBA-727B2212FA01-1_32_13_jpeg.rf.80450bc0a09619f405b9843f580f539a.jpg,578D83A5-5B90-478B-ADBA-727B2212FA01-1_32_13_jpeg.rf.80450bc0a09619f405b9843f580f539a.jpg,8470cea3ded9f648326ee630ade0012ebfa8c91766792ab4fa1799cf48d03981
/home/l2e_ayd/cocoa_research/data/raw/roboflow_cocoa/train/images/57CED5EF-753B-4535-A843-5301B7DD3AC7-23_54_1_jpeg.rf.07b5152bb8988341dec84b0826148dbe.jpg,57CED5EF-753B-4535-A843-5301B7DD3AC7-23_54_1_jpeg.rf.07b5152bb8988341dec84b0826148dbe.jpg,a2262da89cb47d210795d39ff7cf4f99c76102513a9c4dd046f8185eefc6a9f2
/home/l2e_ayd/cocoa_research/data/raw/roboflow_cocoa/train/images/57D501F5-74AC-46B6-9932-952EBB38F144-10_49_50_jpeg.rf.10bf9fdb6c7e12cfe191f2253d83f227.jpg,57D501F5-74AC-46B6-9932-952EBB38F144-10_49_50_jpeg.rf.10bf9fdb6c7e12cfe191f2253d83f227.jpg,8b0d053965906ac746f82bbffa91f19137f17efae3363e160a827d233343c2c1
/home/l2e_ayd/cocoa_research/data/raw/roboflow_cocoa/train/images/57DCF659-E2D6-4D15-94DC-CEDABA7D788D-20_8_4_jpeg.rf.c6b14c9a1203ad9003f80fab9c304c10.jpg,57DCF659-E2D6-4D15-94DC-CEDABA7D788D-20_8_4_jpeg.rf.c6b14c9a1203ad9003f80fab9c304c10.jpg,b86f39af26bfa2cdc0f76e3d24d3b030c1bdef451ac6f1e84f6e1e8d4d857f95
/home/l2e_ayd/cocoa_research/data/raw/roboflow_cocoa/train/images/58EF470B-97F0-4396-913E-4E0C22D00A0F-22_7_52_jpeg.rf.109ac164214b38900d3ac959669a5cd2.jpg,58EF470B-97F0-4396-913E-4E0C22D00A0F-22_7_52_jpeg.rf.109ac164214b38900d3ac959669a5cd2.jpg,69dc880761f62daccd81a79aa8a0bea76e973f73312a6d8c09f4d5b2791ba530
/home/l2e_ayd/cocoa_research/data/raw/roboflow_cocoa/train/images/59058AB1-5E08-4CDF-906C-3125582BCD26-0_52_1_jpeg.rf.e54e1064ed91ac12484bd5b3910f08ce.jpg,59058AB1-5E08-4CDF-906C-3125582BCD26-0_52_1_jpeg.rf.e54e1064ed91ac12484bd5b3910f08ce.jpg,bd6263d683cf49e7e902d188758eb01d72291717c56be337fbb020fcc6d9d061
/home/l2e_ayd/cocoa_research/data/raw/roboflow_cocoa/train/images/59554F64-CAA2-4CF2-885E-6CAE415AA8DF-23_17_54_jpeg.rf.81efa79f9879b9043afebdae0bf8d31c.jpg,59554F64-CAA2-4CF2-885E-6CAE415AA8DF-23_17_54_jpeg.rf.81efa79f9879b9043afebdae0bf8d31c.jpg,0d06d39f78ba127f8a57135532b774053f42b1e8563e6cc43745121828b17a87
/home/l2e_ayd/cocoa_research/data/raw/roboflow_cocoa/train/images/59C41C84-1E18-4849-90A5-74CCD50F6871-23_39_10_jpeg.rf.e1e56ce1086b97387849275303ece166.jpg,59C41C84-1E18-4849-90A5-74CCD50F6871-23_39_10_jpeg.rf.e1e56ce1086b97387849275303ece166.jpg,a92def3c806edc329b658c2f4b4f97df2f5eb7e4d45818b919526528b395684e
/home/l2e_ayd/cocoa_research/data/raw/roboflow_cocoa/train/images/59D09C72-612B-4DFD-A13D-B79969FEC9C5-0_19_2_jpeg.rf.af5df0a6cb4d8bd61f05607284d3c503.jpg,59D09C72-612B-4DFD-A13D-B79969FEC9C5-0_19_2_jpeg.rf.af5df0a6cb4d8bd61f05607284d3c503.jpg,517d6700758b9b40386ad799c50cc1e357dc39a739c4bfe52cec85a22bfbc4f8
/home/l2e_ayd/cocoa_research/data/raw/roboflow_cocoa/train/images/5A727679-F61F-416A-851A-3B8A6B50F9BE-12_8_28_jpeg.rf.0b16cd7433efaadfe9dcbd2fae10bdbc.jpg,5A727679-F61F-416A-851A-3B8A6B50F9BE-12_8_28_jpeg.rf.0b16cd7433efaadfe9dcbd2fae10bdbc.jpg,a67361e6daf080738f51df75116c9b7396bcab5b254a7f6cc05c49e722cd663f
/home/l2e_ayd/cocoa_research/data/raw/roboflow_cocoa/train/images/5ABC3E64-08D2-423B-875E-B3A711FCBC2D-0_34_13_jpeg.rf.b014f0430644c18bb4c97b22e4e53a5c.jpg,5ABC3E64-08D2-423B-875E-B3A711FCBC2D-0_34_13_jpeg.rf.b014f0430644c18bb4c97b22e4e53a5c.jpg,89157d6ab176531bf4803ebc5238726cb587b14c0cdd89fed35dfe69b197f325
/home/l2e_ayd/cocoa_research/data/raw/roboflow_cocoa/train/images/5ABC73EE-BF4D-4DEE-81FF-8A7715252D95-23_46_0_jpeg.rf.e36f8ae178386435d42deb434df9c3f3.jpg,5ABC73EE-BF4D-4DEE-81FF-8A7715252D95-23_46_0_jpeg.rf.e36f8ae178386435d42deb434df9c3f3.jpg,928fbcd02453b73d834319d09db0b7e9abb8f5c23032901b00234273bef08158
/home/l2e_ayd/cocoa_research/data/raw/roboflow_cocoa/train/images/5B0769CC-AEDB-4DEB-9CF9-8BDF27692921-19_32_17_jpeg.rf.fd766afd6e1312863d8ba6fa21d8b0eb.jpg,5B0769CC-AEDB-4DEB-9CF9-8BDF27692921-19_32_17_jpeg.rf.fd766afd6e1312863d8ba6fa21d8b0eb.jpg,41b37afb75cca122c32facc1de2b7753d799122fedd6bffe42994a9077bd9410
/home/l2e_ayd/cocoa_research/data/raw/roboflow_cocoa/train/images/5B221103-53FE-41A2-BCA4-E2BFB02687B7-19_30_5_jpeg.rf.3541219f8261fe4c2755ba209922b5ce.jpg,5B221103-53FE-41A2-BCA4-E2BFB02687B7-19_30_5_jpeg.rf.3541219f8261fe4c2755ba209922b5ce.jpg,244d5161fcc7aa481a26328c656a199331b33920f857a15d4c12a78f463ce022
/home/l2e_ayd/cocoa_research/data/raw/roboflow_cocoa/train/images/5B408D07-C978-4F49-8BCE-BF916DFACB85-0_26_25_jpeg.rf.171a0745069017f483f13d31e67b8693.jpg,5B408D07-C978-4F49-8BCE-BF916DFACB85-0_26_25_jpeg.rf.171a0745069017f483f13d31e67b8693.jpg,db05de4d79b83c3968b29588ba7c6a72331edc0cefcc21bf077298860e49e854
/home/l2e_ayd/cocoa_research/data/raw/roboflow_cocoa/train/images/5B800D0C-00C0-456D-931E-981FC17F9E31-23_34_17_jpeg.rf.f2a5c5b1f8e6abfb24af42ea72e8bde2.jpg,5B800D0C-00C0-456D-931E-981FC17F9E31-23_34_17_jpeg.rf.f2a5c5b1f8e6abfb24af42ea72e8bde2.jpg,6da13a5f4284faba234900a40b80b200d4fc1f3b45881286414bf75d0f7d9386
/home/l2e_ayd/cocoa_research/data/raw/roboflow_cocoa/train/images/5BD41B82-EDD7-4E39-9342-19CBF11F3325-23_18_41_jpeg.rf.a2205cbb5467ba4b23e2620aef24a2a4.jpg,5BD41B82-EDD7-4E39-9342-19CBF11F3325-23_18_41_jpeg.rf.a2205cbb5467ba4b23e2620aef24a2a4.jpg,c10613b95123041db7a6baa7c6b42456c25f5b5b23548a396676809128f3a410
/home/l2e_ayd/cocoa_research/data/raw/roboflow_cocoa/train/images/5BDD3EF2-E732-413E-A803-C8E509E903C3-23_35_19_jpeg.rf.1ede8b309b6e4b8f64e0c69e5874dbad.jpg,5BDD3EF2-E732-413E-A803-C8E509E903C3-23_35_19_jpeg.rf.1ede8b309b6e4b8f64e0c69e5874dbad.jpg,de480cb6bb6ea51ddf73b46091f551997aab3fd9b3505b182dbe2522489c637e
/home/l2e_ayd/cocoa_research/data/raw/roboflow_cocoa/train/images/5C1E1CD6-BDFC-4A87-A215-672F538BFC6A-0_8_22_jpeg.rf.9dd86e0c57cf13e3cf15e73b5f996e1a.jpg,5C1E1CD6-BDFC-4A87-A215-672F538BFC6A-0_8_22_jpeg.rf.9dd86e0c57cf13e3cf15e73b5f996e1a.jpg,1b9d3363045b77642b2ddf48decbb8591a8a264c2f9657d769442da15360f54d
/home/l2e_ayd/cocoa_research/data/raw/roboflow_cocoa/train/images/5C4CB0DD-43EA-4615-960E-68BE00006A26-23_50_28_jpeg.rf.fe9e282e323726e3e4daff7230d47474.jpg,5C4CB0DD-43EA-4615-960E-68BE00006A26-23_50_28_jpeg.rf.fe9e282e323726e3e4daff7230d47474.jpg,210620338b49afb3b3130e381da6505d1b136eabf60e9ffe5e9402924debe3ac
/home/l2e_ayd/cocoa_research/data/raw/roboflow_cocoa/train/images/5C81741F-0639-4069-8B4D-4491B936A4AC-22_10_18_jpeg.rf.23bb792f0baa8d19d6e9a5ce63e153d3.jpg,5C81741F-0639-4069-8B4D-4491B936A4AC-22_10_18_jpeg.rf.23bb792f0baa8d19d6e9a5ce63e153d3.jpg,46f52353739db0dc473440ede6f1e3234ef1a6046e20bbc64072a5f40b28de0f
/home/l2e_ayd/cocoa_research/data/raw/roboflow_cocoa/train/images/5CAA6CA4-524C-4574-BC27-154540E8ED9E-19_56_13_jpeg.rf.08f6e5fc90d904a333745da094481e99.jpg,5CAA6CA4-524C-4574-BC27-154540E8ED9E-19_56_13_jpeg.rf.08f6e5fc90d904a333745da094481e99.jpg,4af3016d23770cee77b49a5ddacab91719ab27a41180ab20f25b8c923a37001b
/home/l2e_ayd/cocoa_research/data/raw/roboflow_cocoa/train/images/5CC202A2-D7B9-4B34-ABFB-E24CF01513B0-23_11_39_jpeg.rf.e4176639761c5145f12de4ff37388c40.jpg,5CC202A2-D7B9-4B34-ABFB-E24CF01513B0-23_11_39_jpeg.rf.e4176639761c5145f12de4ff37388c40.jpg,c5958bac7acf9e48a7a17790758bba756f89ea08b4ac7fc89f49d97c400ba071
/home/l2e_ayd/cocoa_research/data/raw/roboflow_cocoa/train/images/5CDB629F-2035-43BF-860A-EF2A16541452-0_23_23_jpeg.rf.45c30d3bbee5ca6b680d2b74fd359383.jpg,5CDB629F-2035-43BF-860A-EF2A16541452-0_23_23_jpeg.rf.45c30d3bbee5ca6b680d2b74fd359383.jpg,dee1978e269e99406104ccb8a590ad14e8b36b1ba6e34fc2ea89034ddd6164b0
/home/l2e_ayd/cocoa_research/data/raw/roboflow_cocoa/train/images/5CEDD6BB-D8B5-44CD-AAA4-4A4EAECCFF1F-1_0_12_jpeg.rf.8b1ea32e365badac08f902807b890b30.jpg,5CEDD6BB-D8B5-44CD-AAA4-4A4EAECCFF1F-1_0_12_jpeg.rf.8b1ea32e365badac08f902807b890b30.jpg,78af4704fe65be03c487f89d0fc5f5379cae65e3202fc2b55b42cf42b8243e49
/home/l2e_ayd/cocoa_research/data/raw/roboflow_cocoa/train/images/5D166EE9-323B-46AD-A65A-DE12445E40E0-23_0_41_jpeg.rf.3b94a59d23e90e829dfda7f00783c84e.jpg,5D166EE9-323B-46AD-A65A-DE12445E40E0-23_0_41_jpeg.rf.3b94a59d23e90e829dfda7f00783c84e.jpg,6664d1bce707011e57b15d1f342b2a16fca02d8fe88219bfaf362f21758f1348
/home/l2e_ayd/cocoa_research/data/raw/roboflow_cocoa/train/images/5D1C4667-E40C-4BBF-ADA3-8CCBD7A81BD2-22_6_33_jpeg.rf.4c8df0d80efca53d5ee53b553c1c6b15.jpg,5D1C4667-E40C-4BBF-ADA3-8CCBD7A81BD2-22_6_33_jpeg.rf.4c8df0d80efca53d5ee53b553c1c6b15.jpg,156a81a47e2810d6f940b098ff213e3e9e1e7ca04efac1387fde5e323b273850
/home/l2e_ayd/cocoa_research/data/raw/roboflow_cocoa/train/images/5D5A1D90-9092-404B-8D59-992080153F19-22_55_14_jpeg.rf.f351e6a6fe14890eea062bacbe9189d0.jpg,5D5A1D90-9092-404B-8D59-992080153F19-22_55_14_jpeg.rf.f351e6a6fe14890eea062bacbe9189d0.jpg,5c7be949ff00b799e00148fa226b462cfd61018b2c52b474125ee7808cab6753
/home/l2e_ayd/cocoa_research/data/raw/roboflow_cocoa/train/images/5D60756C-A73F-4673-963B-BF4718FAC118-0_16_2_jpeg.rf.a42bfd57a8fdfb65b14d07921681daac.jpg,5D60756C-A73F-4673-963B-BF4718FAC118-0_16_2_jpeg.rf.a42bfd57a8fdfb65b14d07921681daac.jpg,1e162b9667d19de4a080a75d7a47e452fd11c77cf9f45a87d3fa0fb044fec056
/home/l2e_ayd/cocoa_research/data/raw/roboflow_cocoa/train/images/5D7A0DE7-ADB2-4CB7-8D72-68BC1A3444D6-20_8_28_jpeg.rf.a749921d5b6b380b6b49b05b5593c331.jpg,5D7A0DE7-ADB2-4CB7-8D72-68BC1A3444D6-20_8_28_jpeg.rf.a749921d5b6b380b6b49b05b5593c331.jpg,a60f45079a9f2d4586ac11b45c75b6924a4587207f36147e2716ef2eaf421ddb
/home/l2e_ayd/cocoa_research/data/raw/roboflow_cocoa/train/images/5DE5D71B-46DB-41E8-A4DF-299C698323F3-21_57_41_jpeg.rf.cbde518f218dbd7f55dd73f24d915df2.jpg,5DE5D71B-46DB-41E8-A4DF-299C698323F3-21_57_41_jpeg.rf.cbde518f218dbd7f55dd73f24d915df2.jpg,3d1683b3d8847b4a5414665e4e016e78f8a1723eb2ee2b72d67d39afcf20059f
/home/l2e_ayd/cocoa_research/data/raw/roboflow_cocoa/train/images/5DFA0648-9B2E-42F9-A561-CA719DBBC748-0_52_52_jpeg.rf.23eccc78d65352864b12d8a4257b6f92.jpg,5DFA0648-9B2E-42F9-A561-CA719DBBC748-0_52_52_jpeg.rf.23eccc78d65352864b12d8a4257b6f92.jpg,3040d30a0c9fae1457c260c4c16323ff20d5ddfc35246fff63c308ed103941fd
/home/l2e_ayd/cocoa_research/data/raw/roboflow_cocoa/train/images/5E0483FB-C65C-4D46-88AC-B4DFCB2FBF21-0_21_54_jpeg.rf.0a3c84b0e3f17c12c432e1d94364f9de.jpg,5E0483FB-C65C-4D46-88AC-B4DFCB2FBF21-0_21_54_jpeg.rf.0a3c84b0e3f17c12c432e1d94364f9de.jpg,c8f1e12d1c10aed72f87156168842f1f23c7fdb095208db6c6a52356a368111a
/home/l2e_ayd/cocoa_research/data/raw/roboflow_cocoa/train/images/5E914168-7C94-4104-B8B2-35F7D25F7F75-0_32_24_jpeg.rf.30c074fbff02492d867de3156eaf6a71.jpg,5E914168-7C94-4104-B8B2-35F7D25F7F75-0_32_24_jpeg.rf.30c074fbff02492d867de3156eaf6a71.jpg,a7fb136931c57bcea5ccfe12f939c0fb0c1fd21a72a6fced3ea68aff0622c7ee
/home/l2e_ayd/cocoa_research/data/raw/roboflow_cocoa/train/images/5EB79B29-1B54-4F97-991A-8C2DF89ED30A-22_32_26_jpeg.rf.cb20907c273862e344ad2a85e8bc9fcb.jpg,5EB79B29-1B54-4F97-991A-8C2DF89ED30A-22_32_26_jpeg.rf.cb20907c273862e344ad2a85e8bc9fcb.jpg,0a87beb12a9651664e40a3ed05bd968bdca66889c1e29903af5c018211fc013b
/home/l2e_ayd/cocoa_research/data/raw/roboflow_cocoa/train/images/5EC2C900-AB59-4432-ABCD-144371CE1E54-0_40_52_jpeg.rf.a89083112f16fa649f766367d4e451b5.jpg,5EC2C900-AB59-4432-ABCD-144371CE1E54-0_40_52_jpeg.rf.a89083112f16fa649f766367d4e451b5.jpg,7b19a4041999c79beb155033314a058b900e67776df25a637a73fa1a2bd4c246
/home/l2e_ayd/cocoa_research/data/raw/roboflow_cocoa/train/images/5EDD9C4C-B278-49D5-A734-5585D89B9CB7-0_25_7_jpeg.rf.a2a236738afa757b84c9001b7977fd5c.jpg,5EDD9C4C-B278-49D5-A734-5585D89B9CB7-0_25_7_jpeg.rf.a2a236738afa757b84c9001b7977fd5c.jpg,385bf5621dc0821bf86415caca5c59f2b2a6b4c4a5f839ee0263f89e04ee3ae6
/home/l2e_ayd/cocoa_research/data/raw/roboflow_cocoa/train/images/5EFDCB3E-4E1E-4FEC-BCCF-F2850B925F9B-20_27_13_jpeg.rf.811e730dd6119a061e0265bdf45de22c.jpg,5EFDCB3E-4E1E-4FEC-BCCF-F2850B925F9B-20_27_13_jpeg.rf.811e730dd6119a061e0265bdf45de22c.jpg,53702fe97b8554e1a5bebc4e0456fb8edf6c1a0c6b7405d06832b999edd3b9ef
/home/l2e_ayd/cocoa_research/data/raw/roboflow_cocoa/train/images/5F4F4AA1-DB55-4600-97F4-E189EB4BBE2B-23_13_14_jpeg.rf.84251d3ac3a4a06f662994e7d0716fc2.jpg,5F4F4AA1-DB55-4600-97F4-E189EB4BBE2B-23_13_14_jpeg.rf.84251d3ac3a4a06f662994e7d0716fc2.jpg,325a4b51c2394796eb2c864fb1ad63f6c90c9d2a205610182d87897da7728129
/home/l2e_ayd/cocoa_research/data/raw/roboflow_cocoa/train/images/5F7201F1-5E79-403B-9291-3DE74AA4A712-22_24_12_jpeg.rf.961178e92dfc457729e7620b3db97064.jpg,5F7201F1-5E79-403B-9291-3DE74AA4A712-22_24_12_jpeg.rf.961178e92dfc457729e7620b3db97064.jpg,0e1d66c1c3cd93a781309f075ae4c37be52374fb00e3e47f6fd124dc93e0847e
/home/l2e_ayd/cocoa_research/data/raw/roboflow_cocoa/train/images/6011CD88-DBC6-4018-A74D-AF2B555AFB81-20_7_6_jpeg.rf.9ae4977ceb76ce80002827a1f5a274a7.jpg,6011CD88-DBC6-4018-A74D-AF2B555AFB81-20_7_6_jpeg.rf.9ae4977ceb76ce80002827a1f5a274a7.jpg,012c8006b0e220ec2f9073adb809fe9eec2a81d2d3ac9d10a04c77b8e5740a99
/home/l2e_ayd/cocoa_research/data/raw/roboflow_cocoa/train/images/6057B9C2-4573-4BB8-9CAE-80BE9A91E4F3-1_23_59_jpeg.rf.8b2f3c047297785c054cf2525ba0748a.jpg,6057B9C2-4573-4BB8-9CAE-80BE9A91E4F3-1_23_59_jpeg.rf.8b2f3c047297785c054cf2525ba0748a.jpg,b00994a1ba2f89454afdad632957142fde5c03e31ade9534001d719baca34d49
/home/l2e_ayd/cocoa_research/data/raw/roboflow_cocoa/train/images/60AC9497-3451-4649-80B9-15491AEBCD67-22_49_3_jpeg.rf.07665df7b8d5fea8e3d4dcfbd1fd2527.jpg,60AC9497-3451-4649-80B9-15491AEBCD67-22_49_3_jpeg.rf.07665df7b8d5fea8e3d4dcfbd1fd2527.jpg,10608987b4922aa27940f7ce054e92f78694880fa03e5d9b63c0e83417682c47
/home/l2e_ayd/cocoa_research/data/raw/roboflow_cocoa/train/images/60F6B395-5D02-4B58-BE26-EC713E1E88AA-23_58_38_jpeg.rf.310ce4fdea36ec97237c47da95286d0d.jpg,60F6B395-5D02-4B58-BE26-EC713E1E88AA-23_58_38_jpeg.rf.310ce4fdea36ec97237c47da95286d0d.jpg,8010cdace4ed3c53baad05d4e276b731a3d70261771f292ccd6e266b8a1ff012
/home/l2e_ayd/cocoa_research/data/raw/roboflow_cocoa/train/images/6183B392-8996-45DA-A2FE-53222FB28051-18_23_13_jpeg.rf.9bb1a724165fc111ee3789613ef6561b.jpg,6183B392-8996-45DA-A2FE-53222FB28051-18_23_13_jpeg.rf.9bb1a724165fc111ee3789613ef6561b.jpg,9068f890066eb7e4d58b7c4cd78ac15303de6385f5e57be2959df6a8e73f6b8c
/home/l2e_ayd/cocoa_research/data/raw/roboflow_cocoa/train/images/61FDE5A3-DFCA-434C-A795-F789575BC575-0_33_14_jpeg.rf.16d3a3f59596cf5379ce9b4c5e288685.jpg,61FDE5A3-DFCA-434C-A795-F789575BC575-0_33_14_jpeg.rf.16d3a3f59596cf5379ce9b4c5e288685.jpg,b1f4e29c7fff77a6b224f233067779c78e1e5a1b609b89b38c4293e65200a002
/home/l2e_ayd/cocoa_research/data/raw/roboflow_cocoa/train/images/624133E2-B712-4B3C-BB24-9544D734038B-22_56_49_jpeg.rf.b75f129a4b2e5f1585a1fcf89a0fae62.jpg,624133E2-B712-4B3C-BB24-9544D734038B-22_56_49_jpeg.rf.b75f129a4b2e5f1585a1fcf89a0fae62.jpg,014cecbe6b8d3a73c87419f8e326687691c3fc4fe62a069577a9716b6f526ab9
/home/l2e_ayd/cocoa_research/data/raw/roboflow_cocoa/train/images/624A3966-2174-4B63-9EC4-F82BC4A68DE8-20_2_51_jpeg.rf.3aa834d0cfddac49a5a6bcdfba945e1e.jpg,624A3966-2174-4B63-9EC4-F82BC4A68DE8-20_2_51_jpeg.rf.3aa834d0cfddac49a5a6bcdfba945e1e.jpg,1ec82471108c73eb3ffbebddcebfacc50c9be4ce4fdaefdd19a97a6fcdd31931
/home/l2e_ayd/cocoa_research/data/raw/roboflow_cocoa/train/images/62AE7D2F-524C-48CD-B941-6B10747D73CE-22_53_46_jpeg.rf.8c1ca46a605bbafa751079bd91cf3455.jpg,62AE7D2F-524C-48CD-B941-6B10747D73CE-22_53_46_jpeg.rf.8c1ca46a605bbafa751079bd91cf3455.jpg,38102c9582006d82209df0bd5130465132e0b23dc74fd6570056944fc6d9021d
/home/l2e_ayd/cocoa_research/data/raw/roboflow_cocoa/train/images/62C206EF-C81E-4F36-A268-640BA335F96F-22_17_52_jpeg.rf.cd6ca076ffd40fe6b200e404d8137d72.jpg,62C206EF-C81E-4F36-A268-640BA335F96F-22_17_52_jpeg.rf.cd6ca076ffd40fe6b200e404d8137d72.jpg,44dbe47186c63f756ce117a6e8259c0b46b6cd86a21234a139086c5a3686840b
/home/l2e_ayd/cocoa_research/data/raw/roboflow_cocoa/train/images/62DA6135-2483-4B03-87FD-1A674B87A7E7-0_38_47_jpeg.rf.51c8a3f03456a2f04f78ebb5050ae937.jpg,62DA6135-2483-4B03-87FD-1A674B87A7E7-0_38_47_jpeg.rf.51c8a3f03456a2f04f78ebb5050ae937.jpg,0d0d981402a1946fd5ef60832b6f1de0c2e7511159418bb81862ae3c9a0642d9
/home/l2e_ayd/cocoa_research/data/raw/roboflow_cocoa/train/images/62FE0C0F-7893-4ABE-BB56-0BDABEBAF7D8-21_58_51_jpeg.rf.6606742a930340d3f8ce35e2f3786b52.jpg,62FE0C0F-7893-4ABE-BB56-0BDABEBAF7D8-21_58_51_jpeg.rf.6606742a930340d3f8ce35e2f3786b52.jpg,2753565564d9fc6b25c9c766d9cc984f8a49fd1f4fde13a4462d33ef93bc31e9
/home/l2e_ayd/cocoa_research/data/raw/roboflow_cocoa/train/images/6312B1C4-67BE-4C31-9CCC-BFEA6TA70FD7C-23_0_11_jpeg.rf.befb5719a00fceee33f527f6fd8fb29f.jpg,6312B1C4-67BE-4C31-9CCC-BFEA6TA70FD7C-23_0_11_jpeg.rf.befb5719a00fceee33f527f6fd8fb29f.jpg,277f281492985b2744435fc51d9f9c24629da0d8ecb7fa2b99afbba7dabaf1ff
/home/l2e_ayd/cocoa_research/data/raw/roboflow_cocoa/train/images/632FDBA7-9C87-422B-A5A8-24E3A787B97C-23_39_43_jpeg.rf.515ff6e262b9c3fd7292d420d34e0d3d.jpg,632FDBA7-9C87-422B-A5A8-24E3A787B97C-23_39_43_jpeg.rf.515ff6e262b9c3fd7292d420d34e0d3d.jpg,aa2ec581b004dc98b78577e4bf0575e312c931892c48de311f9bdf6d8bb37627
/home/l2e_ayd/cocoa_research/data/raw/roboflow_cocoa/train/images/6336C6C6-1307-4522-A0E2-7FAEE91399F0-23_39_29_jpeg.rf.924dd402a30a19ed20ee79c184f5896a.jpg,6336C6C6-1307-4522-A0E2-7FAEE91399F0-23_39_29_jpeg.rf.924dd402a30a19ed20ee79c184f5896a.jpg,b789ec75606f4e3e6fd2773edd40a3d456693a4888a85b91c5bf262de83065e2
/home/l2e_ayd/cocoa_research/data/raw/roboflow_cocoa/train/images/633CE7EB-430D-4A90-A8B3-1582DE0910F2-21_54_38_jpeg.rf.5ffecfac6b9e1bc19025daf9382bf52f.jpg,633CE7EB-430D-4A90-A8B3-1582DE0910F2-21_54_38_jpeg.rf.5ffecfac6b9e1bc19025daf9382bf52f.jpg,d3d797754530279f729b941138a9669bf912490be8867c2a349f10d88aaeefba
/home/l2e_ayd/cocoa_research/data/raw/roboflow_cocoa/train/images/6354CB29-C5BF-4540-BB3F-18814186B7BB-21_49_35_jpeg.rf.7ae3d2fef98d76b9cd321a3fb6df1aae.jpg,6354CB29-C5BF-4540-BB3F-18814186B7BB-21_49_35_jpeg.rf.7ae3d2fef98d76b9cd321a3fb6df1aae.jpg,d0c940db1c84d58e24ac928ddfbe16ec8be12326b5f66e80381a4a8a22dcd691
/home/l2e_ayd/cocoa_research/data/raw/roboflow_cocoa/train/images/6366C1D7-A192-4A99-B615-9F445DA58174-22_44_29_jpeg.rf.c29320100e1eb3556d9f1a1fcdc27305.jpg,6366C1D7-A192-4A99-B615-9F445DA58174-22_44_29_jpeg.rf.c29320100e1eb3556d9f1a1fcdc27305.jpg,0ee9746ba89daf54f76bfe179b341f7c4e17f3e39c72076458e919ebfe0f4cd3
/home/l2e_ayd/cocoa_research/data/raw/roboflow_cocoa/train/images/636C3154-1EF4-4AE3-A807-EEA774221574-0_22_2_jpeg.rf.61e8ee83bc4abd13e1229d8a78999f6e.jpg,636C3154-1EF4-4AE3-A807-EEA774221574-0_22_2_jpeg.rf.61e8ee83bc4abd13e1229d8a78999f6e.jpg,ab3c2b940be6ddee9013032114e95234274fefdf45fd1ec5c29a5432b37c7aab
/home/l2e_ayd/cocoa_research/data/raw/roboflow_cocoa/train/images/6422D611-B485-4AD7-B4DA-E4619A4D1DC6-21_21_45_jpeg.rf.f08f2ebe5e86c7c4780fed7cfdd84476.jpg,6422D611-B485-4AD7-B4DA-E4619A4D1DC6-21_21_45_jpeg.rf.f08f2ebe5e86c7c4780fed7cfdd84476.jpg,d3b9083ebfb3abbdaea5cd9c0f9a7aa483366137613023ef3c54514b260778f3
/home/l2e_ayd/cocoa_research/data/raw/roboflow_cocoa/train/images/6436BC1F-EEE3-45A4-9E5E-C250A7C37D9E-0_15_28_jpeg.rf.f0c2f683ae455b4e88cd1757368811bf.jpg,6436BC1F-EEE3-45A4-9E5E-C250A7C37D9E-0_15_28_jpeg.rf.f0c2f683ae455b4e88cd1757368811bf.jpg,b1b33507bc9b78f144b3c7540b366e184930e30a991c5b933e25a352418e0d4f
/home/l2e_ayd/cocoa_research/data/raw/roboflow_cocoa/train/images/647C1E00-07D5-4E6E-918C-2DF539D89C65-22_42_47_jpeg.rf.6d9984ea494300f8130b7bd00d30f3bb.jpg,647C1E00-07D5-4E6E-918C-2DF539D89C65-22_42_47_jpeg.rf.6d9984ea494300f8130b7bd00d30f3bb.jpg,67c81999c80490d6471d76b1f527306c9254eefecc0ca216382f758c58b2069c
/home/l2e_ayd/cocoa_research/data/raw/roboflow_cocoa/train/images/64C7DBDC-2E23-404E-9211-7DA0432165C0-0_58_58_jpeg.rf.7568cd0b4dff30bf665b37707e7df75d.jpg,64C7DBDC-2E23-404E-9211-7DA0432165C0-0_58_58_jpeg.rf.7568cd0b4dff30bf665b37707e7df75d.jpg,bcbc46e44f37ef1c596f5e21b15aeefe246443f2466fa41ed8bb1552686e6c94
/home/l2e_ayd/cocoa_research/data/raw/roboflow_cocoa/train/images/64D43819-3367-4A01-9CB5-96431892253E-0_50_0_jpeg.rf.20cf45eeca255f6f494a7d259f19b52c.jpg,64D43819-3367-4A01-9CB5-96431892253E-0_50_0_jpeg.rf.20cf45eeca255f6f494a7d259f19b52c.jpg,73a7f4862452b26163f41433b6aa534a8de929bf23cbdd6bfd03d2a7bfcd0035
/home/l2e_ayd/cocoa_research/data/raw/roboflow_cocoa/train/images/64F871F7-E2C9-4F1E-8FEF-84653DFAB2FB-23_45_53_jpeg.rf.e7e3db6b749816aad520e54dc71de546.jpg,64F871F7-E2C9-4F1E-8FEF-84653DFAB2FB-23_45_53_jpeg.rf.e7e3db6b749816aad520e54dc71de546.jpg,bee160df7d8d118fe0fff2c0e8dd4f2f58b40b3638527e8fd8f9eb0f18272fee
/home/l2e_ayd/cocoa_research/data/raw/roboflow_cocoa/train/images/651081F4-1B53-4B9B-ACBD-40391DD8D8B8-23_9_24_jpeg.rf.438b8341af05423dcf6457d28c30f623.jpg,651081F4-1B53-4B9B-ACBD-40391DD8D8B8-23_9_24_jpeg.rf.438b8341af05423dcf6457d28c30f623.jpg,2209cba3be986bbf36ee279d1b9c75d3e2a91a046d2b0860fc975fc1ce29ab06
/home/l2e_ayd/cocoa_research/data/raw/roboflow_cocoa/train/images/653779DA-B26B-474C-BEFB-F404AB22394E-1_34_12_jpeg.rf.d2be8664c6b68914d4a5b09911043804.jpg,653779DA-B26B-474C-BEFB-F404AB22394E-1_34_12_jpeg.rf.d2be8664c6b68914d4a5b09911043804.jpg,ac508b1d5939caf9a985e08b4232ddefb030e9cd55c3511038abc53464d4f203
/home/l2e_ayd/cocoa_research/data/raw/roboflow_cocoa/train/images/657E8D84-2406-4662-AF34-AE2F39F65E29-21_2_51_jpeg.rf.ab6e41e1af2144dff796b7d1a7e0b26e.jpg,657E8D84-2406-4662-AF34-AE2F39F65E29-21_2_51_jpeg.rf.ab6e41e1af2144dff796b7d1a7e0b26e.jpg,ff6eb269858c0aaf2d8f4e30204a1ed50b91a71f0cc7a9069d575748c00404e2
/home/l2e_ayd/cocoa_research/data/raw/roboflow_cocoa/train/images/6599D8C7-86BE-45CB-AA8E-80F161E45ADA-19_11_21_jpeg.rf.fd6cd8df05f55944ac44e2fe7b0b7234.jpg,6599D8C7-86BE-45CB-AA8E-80F161E45ADA-19_11_21_jpeg.rf.fd6cd8df05f55944ac44e2fe7b0b7234.jpg,c2a1b996443caed1df81c710997c5321581f4dd90423b283f2113975a0ac0b4b
/home/l2e_ayd/cocoa_research/data/raw/roboflow_cocoa/train/images/65E432E3-F395-4F96-B7DC-40F398A6D254-1_39_10_jpeg.rf.0ff0201f67711e0fe522543abf4343d8.jpg,65E432E3-F395-4F96-B7DC-40F398A6D254-1_39_10_jpeg.rf.0ff0201f67711e0fe522543abf4343d8.jpg,e3d1dc337d24fb531893801d4adbf2c9a796772f4b2c31e8282f871ffad6c390
/home/l2e_ayd/cocoa_research/data/raw/roboflow_cocoa/train/images/663DF5E8-84ED-42DD-B4AB-7AD7FA5A19EE-23_35_9_jpeg.rf.fd48738d309a088753836e3408afd9fa.jpg,663DF5E8-84ED-42DD-B4AB-7AD7FA5A19EE-23_35_9_jpeg.rf.fd48738d309a088753836e3408afd9fa.jpg,18f6d6d8010b603768d07c84d7f0b8c26645ee927c35376d03bdcc8c0c4cb280
/home/l2e_ayd/cocoa_research/data/raw/roboflow_cocoa/train/images/666FB241-2CA7-4BFA-BDC4-26AD117DD708-22_1_50_jpeg.rf.d02958463c22f86a4cddf0930273af62.jpg,666FB241-2CA7-4BFA-BDC4-26AD117DD708-22_1_50_jpeg.rf.d02958463c22f86a4cddf0930273af62.jpg,3ded6906d24c018b6b42e756091867752aac36c05058ed9f0c2d9d560d67c648
/home/l2e_ayd/cocoa_research/data/raw/roboflow_cocoa/train/images/667CFA25-0659-4C6F-8D87-82551509EACD-0_28_23_jpeg.rf.4441a964cc6de3bb2df519069cf0c126.jpg,667CFA25-0659-4C6F-8D87-82551509EACD-0_28_23_jpeg.rf.4441a964cc6de3bb2df519069cf0c126.jpg,6239361f45b7a1eb431b83b9fabe7ef959d2114ec21f04a63c52b5b3b0012191
/home/l2e_ayd/cocoa_research/data/raw/roboflow_cocoa/train/images/668CCB9F-59F0-41B9-A5A9-6E7FD98CEF70-22_22_25_jpeg.rf.34ca51c29d005763516bd774f3492082.jpg,668CCB9F-59F0-41B9-A5A9-6E7FD98CEF70-22_22_25_jpeg.rf.34ca51c29d005763516bd774f3492082.jpg,6b9c8838f869827e10a034d81daeee7b6a78305c4272bfb6332f42fc299e19fb
/home/l2e_ayd/cocoa_research/data/raw/roboflow_cocoa/train/images/669CF4EB-A850-45F7-B485-95B5470100A7-0_58_48_jpeg.rf.5eeac36285d5470f2c2031eb1e458e33.jpg,669CF4EB-A850-45F7-B485-95B5470100A7-0_58_48_jpeg.rf.5eeac36285d5470f2c2031eb1e458e33.jpg,b72b2e9ddc6b9a0b6c8b955229b69968ed476f8980e9c56e8b76aaf773b38fb5
/home/l2e_ayd/cocoa_research/data/raw/roboflow_cocoa/train/images/66CEF2A4-AA70-426A-81CA-BB9892533714-22_9_56_jpeg.rf.71b73492412d698624978e469b86561d.jpg,66CEF2A4-AA70-426A-81CA-BB9892533714-22_9_56_jpeg.rf.71b73492412d698624978e469b86561d.jpg,7d760b1c5502ee23c4f1d9916c493461b746d6ee39a97a4cb057a03afbbf4a52
/home/l2e_ayd/cocoa_research/data/raw/roboflow_cocoa/train/images/66D2FBC7-7327-4D9C-9CE7-C760214B426E-12_35_39_jpeg.rf.9bb77d68c52f24dbc8ef80108b774380.jpg,66D2FBC7-7327-4D9C-9CE7-C760214B426E-12_35_39_jpeg.rf.9bb77d68c52f24dbc8ef80108b774380.jpg,ee12024bafd7695128fd1ca9aadee47c6e1ab47e4a038e11db1d49c186a18e21
/home/l2e_ayd/cocoa_research/data/raw/roboflow_cocoa/train/images/66DC2013-496C-4979-8B07-23E5E7C5D631-0_11_26_jpeg.rf.d9c0ce2c36c6d0c293626ea65f0b217a.jpg,66DC2013-496C-4979-8B07-23E5E7C5D631-0_11_26_jpeg.rf.d9c0ce2c36c6d0c293626ea65f0b217a.jpg,16feab94bb3a2ee694f882af21f77e1a98ada96b261d93743b9b4ac341d4191b
/home/l2e_ayd/cocoa_research/data/raw/roboflow_cocoa/train/images/66FE7BCE-510F-435B-A1C3-C4CFB00419EF-20_30_6_jpeg.rf.9d0a358894d2c4b155771ef7a6cdf7b0.jpg,66FE7BCE-510F-435B-A1C3-C4CFB00419EF-20_30_6_jpeg.rf.9d0a358894d2c4b155771ef7a6cdf7b0.jpg,138e9517d999f75cdbf5b49d7ec2170a8dddd1cae183f728e07ce133be4d2957
/home/l2e_ayd/cocoa_research/data/raw/roboflow_cocoa/train/images/67080C85-950A-4C62-B1C4-3D6C0680FC63-21_59_4_jpeg.rf.a0d6fe9248bce197de720f4eeda7ddf3.jpg,67080C85-950A-4C62-B1C4-3D6C0680FC63-21_59_4_jpeg.rf.a0d6fe9248bce197de720f4eeda7ddf3.jpg,e895136a67ef107c97abab0f7e0df42500c31b4751c16012ad1d4fc93ca3f5c7
/home/l2e_ayd/cocoa_research/data/raw/roboflow_cocoa/train/images/676A502B-7D1D-43FE-B0E9-FB105259A8D3-22_38_16_jpeg.rf.b061a0b71e8360c29451cfe3466a3606.jpg,676A502B-7D1D-43FE-B0E9-FB105259A8D3-22_38_16_jpeg.rf.b061a0b71e8360c29451cfe3466a3606.jpg,e00a38618f3dc9d9a93104533b24d577e258035be3cef63dc844a840d7f01f03
/home/l2e_ayd/cocoa_research/data/raw/roboflow_cocoa/train/images/67B8B7FC-6D20-4677-96A6-B384335E8DEC-0_17_44_jpeg.rf.60c1101cad8c0d5de8070bf18789d174.jpg,67B8B7FC-6D20-4677-96A6-B384335E8DEC-0_17_44_jpeg.rf.60c1101cad8c0d5de8070bf18789d174.jpg,94bfd4c04f75bc3d90d46273a645199965a0b745645e9ca2864fab9e6fdf521a
/home/l2e_ayd/cocoa_research/data/raw/roboflow_cocoa/train/images/67EE5F7F-2BE7-49BF-B550-FC8A9CAD04A1-23_40_0_jpeg.rf.ccdeb269835da9e443792f99121232ff.jpg,67EE5F7F-2BE7-49BF-B550-FC8A9CAD04A1-23_40_0_jpeg.rf.ccdeb269835da9e443792f99121232ff.jpg,a1fc6c11cc32720f6caa984e878145229739c12bcdb014dd793a32a254105ee5
/home/l2e_ayd/cocoa_research/data/raw/roboflow_cocoa/train/images/67FE4383-2012-4EC6-AA94-5510C1EF9E88-0_9_8_jpeg.rf.1f3d5e604c332dbb367245309dd9e3d4.jpg,67FE4383-2012-4EC6-AA94-5510C1EF9E88-0_9_8_jpeg.rf.1f3d5e604c332dbb367245309dd9e3d4.jpg,df4dac93872d4adbe73b80380492f347408286c912bbf63eed5bb4e2c4d48446
/home/l2e_ayd/cocoa_research/data/raw/roboflow_cocoa/train/images/68186A02-05DE-4F01-86C7-DC53D6355AFF-23_44_0_jpeg.rf.06871f228e7c69c54eaebafa821c7244.jpg,68186A02-05DE-4F01-86C7-DC53D6355AFF-23_44_0_jpeg.rf.06871f228e7c69c54eaebafa821c7244.jpg,e03924127d21584a80e9165b4bdfe9d464c593a42d9b2890327453b0a6db11f5
/home/l2e_ayd/cocoa_research/data/raw/roboflow_cocoa/train/images/683581E1-0647-490C-8C25-B9C149566C94-0_56_21_jpeg.rf.4e7523c51afcd41f60e1990dbc5215f3.jpg,683581E1-0647-490C-8C25-B9C149566C94-0_56_21_jpeg.rf.4e7523c51afcd41f60e1990dbc5215f3.jpg,901756092dd910291208196f43119dc233d23e4c0a7ffc0970142c7483cb9fef
/home/l2e_ayd/cocoa_research/data/raw/roboflow_cocoa/train/images/68383D90-053B-46F0-AD06-4E138E632219-0_22_31_jpeg.rf.6bf32d1cc7a8c23b7de3bcde0bcd25af.jpg,68383D90-053B-46F0-AD06-4E138E632219-0_22_31_jpeg.rf.6bf32d1cc7a8c23b7de3bcde0bcd25af.jpg,0e80d729d60e61dd12bbdf01c2e828b70fb54f01b4140b4b0ff4decc0e287893
/home/l2e_ayd/cocoa_research/data/raw/roboflow_cocoa/train/images/684D4D19-21CB-4FF0-B011-0844509E5043-0_41_0_jpeg.rf.363c46e96ffc9ce8c058660eed88af9e.jpg,684D4D19-21CB-4FF0-B011-0844509E5043-0_41_0_jpeg.rf.363c46e96ffc9ce8c058660eed88af9e.jpg,f79062b8a75cadef5ecc1894f2be289deade491d449d7347f58556e22dab9858
/home/l2e_ayd/cocoa_research/data/raw/roboflow_cocoa/train/images/688168C3-BA40-4996-ADCB-28E991648AF8-0_5_11_jpeg.rf.1b55f8c15a78efa96b9eee7fc3237a9e.jpg,688168C3-BA40-4996-ADCB-28E991648AF8-0_5_11_jpeg.rf.1b55f8c15a78efa96b9eee7fc3237a9e.jpg,6fb4b968cd3315e7643732dc3421a8f567146fce528a1c4609403472045e8cd4
/home/l2e_ayd/cocoa_research/data/raw/roboflow_cocoa/train/images/689D8006-C1F4-48F4-8D0F-66F3ED338ED0-23_57_40_jpeg.rf.762daad1fbf0f1f3cb6cdd5f1d7b01f4.jpg,689D8006-C1F4-48F4-8D0F-66F3ED338ED0-23_57_40_jpeg.rf.762daad1fbf0f1f3cb6cdd5f1d7b01f4.jpg,324bb874170972917826ee5db1d3c7e558e17f151eebefbc3afb18bfd52a15df
/home/l2e_ayd/cocoa_research/data/raw/roboflow_cocoa/train/images/69228F0D-7D32-4744-A6B8-4202CC169101-1_9_17_jpeg.rf.d18741a95ef695225fe5a53e312ff81f.jpg,69228F0D-7D32-4744-A6B8-4202CC169101-1_9_17_jpeg.rf.d18741a95ef695225fe5a53e312ff81f.jpg,cb4bd6b9448f1604e2669816860367944edcbbeb21a61a04cf2a2d22b2fef2bd
/home/l2e_ayd/cocoa_research/data/raw/roboflow_cocoa/train/images/693DC999-F92D-4848-B529-781473C72DD0-22_8_53_jpeg.rf.cc64506c3e6cd70cc5680f565ca43e8b.jpg,693DC999-F92D-4848-B529-781473C72DD0-22_8_53_jpeg.rf.cc64506c3e6cd70cc5680f565ca43e8b.jpg,e35771dfe57a84a97a6291dd6fa1f301616b5ba2ce65e20d7f340513efc3c6c6
/home/l2e_ayd/cocoa_research/data/raw/roboflow_cocoa/train/images/69DB6AEB-7A27-4F27-9379-DEDBCB84B239-23_6_9_jpeg.rf.8ebfa8fb91e12a0f9a613675543939cd.jpg,69DB6AEB-7A27-4F27-9379-DEDBCB84B239-23_6_9_jpeg.rf.8ebfa8fb91e12a0f9a613675543939cd.jpg,b579347b2b882254bd83c3baf0e431b7cde49f7ea02839fc260232710374bdb5
/home/l2e_ayd/cocoa_research/data/raw/roboflow_cocoa/train/images/69F0E939-5EB5-4506-B305-2E87B203890F-23_31_14_jpeg.rf.354d9e0a326ea6602a58b1a39db9f18e.jpg,69F0E939-5EB5-4506-B305-2E87B203890F-23_31_14_jpeg.rf.354d9e0a326ea6602a58b1a39db9f18e.jpg,3869eb43119490abc8b871c8a531156540dc580c3f586b99b8fc4210471301e1
/home/l2e_ayd/cocoa_research/data/raw/roboflow_cocoa/train/images/6A1F3289-422D-4D2B-BFE1-74EF40AF5F4B-23_21_40_jpeg.rf.cd0f3701d52930f596bcac9d3b363722.jpg,6A1F3289-422D-4D2B-BFE1-74EF40AF5F4B-23_21_40_jpeg.rf.cd0f3701d52930f596bcac9d3b363722.jpg,96be10b6e0c1ddf3cf4a0f64f55eebebe8eaefeca69798610ddb764ce6e2c8bb
/home/l2e_ayd/cocoa_research/data/raw/roboflow_cocoa/train/images/6A43B5E0-BA8E-4BAE-919C-29DC3636E729-0_51_17_jpeg.rf.8b9850789b773b328374289f6aab280f.jpg,6A43B5E0-BA8E-4BAE-919C-29DC3636E729-0_51_17_jpeg.rf.8b9850789b773b328374289f6aab280f.jpg,1118cfd2865a4a44e680412dbe38f7c4070829ff4a481af3e249984326b75810
/home/l2e_ayd/cocoa_research/data/raw/roboflow_cocoa/train/images/6A4F0681-8807-40BF-B0FA-A797207240A1-22_19_36_jpeg.rf.d6db39c3cb8e8b3dfd7ddae6af877f60.jpg,6A4F0681-8807-40BF-B0FA-A797207240A1-22_19_36_jpeg.rf.d6db39c3cb8e8b3dfd7ddae6af877f60.jpg,3f288de2a2596f55e572ecaf36fa5bab6848f48d5de96a6cebe6cf025e660282
/home/l2e_ayd/cocoa_research/data/raw/roboflow_cocoa/train/images/6A6C9B59-CD6B-4006-9692-87A882DE6EAF-21_59_26_jpeg.rf.0032ff2a47fa42cc32447347839254fc.jpg,6A6C9B59-CD6B-4006-9692-87A882DE6EAF-21_59_26_jpeg.rf.0032ff2a47fa42cc32447347839254fc.jpg,35716c1cc311c7df78bf9bb4d6d0d8da001bbefb0ccd60fb0dbfa9fb95543138
/home/l2e_ayd/cocoa_research/data/raw/roboflow_cocoa/train/images/6A8916CF-EAAA-4635-B5BE-6E0930502664-0_8_54_jpeg.rf.c4f1ee53e5d89171f408f4ca09e5fc90.jpg,6A8916CF-EAAA-4635-B5BE-6E0930502664-0_8_54_jpeg.rf.c4f1ee53e5d89171f408f4ca09e5fc90.jpg,b75fd5fd190f8c0941ade8641530fed47ca99a0aa1a9c56c2018332488b1602a
/home/l2e_ayd/cocoa_research/data/raw/roboflow_cocoa/train/images/6AD7877F-FD94-4DDF-8A0A-CE32B21E8E2C-0_17_49_jpeg.rf.9192b4af9cb8c07737a22cac898fd4ac.jpg,6AD7877F-FD94-4DDF-8A0A-CE32B21E8E2C-0_17_49_jpeg.rf.9192b4af9cb8c07737a22cac898fd4ac.jpg,82c015b2a804a0a047566e371b270da50e55347c416acba0671ba8cc5b5f4e14
/home/l2e_ayd/cocoa_research/data/raw/roboflow_cocoa/train/images/6AF56621-AE13-4DDE-BDED-D26F0C94EE84-12_4_36_jpeg.rf.a9eefe56a5b3a7a623bda8da492dce99.jpg,6AF56621-AE13-4DDE-BDED-D26F0C94EE84-12_4_36_jpeg.rf.a9eefe56a5b3a7a623bda8da492dce99.jpg,539d74df7d0c651aa55ce45bf13d817e0c69e5bee17709ed865547d258599c63
/home/l2e_ayd/cocoa_research/data/raw/roboflow_cocoa/train/images/6B13DE53-39BC-41F0-BE38-55B27D63D604-19_59_3_jpeg.rf.e73d82a8f4f4daabfe6c30618109317d.jpg,6B13DE53-39BC-41F0-BE38-55B27D63D604-19_59_3_jpeg.rf.e73d82a8f4f4daabfe6c30618109317d.jpg,26932bf9a0099848682359db1bed62ab771737f2c89a5ca33bdd1e397cafafae
/home/l2e_ayd/cocoa_research/data/raw/roboflow_cocoa/train/images/6B14DA30-7B66-4B17-95F8-1481E6469FF8-0_35_52_jpeg.rf.2eacd458b37c5d9882cec8429634a79e.jpg,6B14DA30-7B66-4B17-95F8-1481E6469FF8-0_35_52_jpeg.rf.2eacd458b37c5d9882cec8429634a79e.jpg,8a572960a64afd0c0fd96cf123ec20fdec7bd1e38d68c5bea7ff806cb435d27f
/home/l2e_ayd/cocoa_research/data/raw/roboflow_cocoa/train/images/6B236068-F1FF-4544-8D79-DB9B1BE7ACDD-0_7_20-1-_jpeg.rf.f3b47f602f9da61889e5fbaf76305488.jpg,6B236068-F1FF-4544-8D79-DB9B1BE7ACDD-0_7_20-1-_jpeg.rf.f3b47f602f9da61889e5fbaf76305488.jpg,be9e666c68405890902480b7ec54c4bcc9d55133963658f59aa6f916ee0e6e7b
/home/l2e_ayd/cocoa_research/data/raw/roboflow_cocoa/train/images/6B5D4F46-8E82-4426-A8CF-320D0DD68E50-21_54_1_jpeg.rf.2c8fcd530cb09902421f63c421129e00.jpg,6B5D4F46-8E82-4426-A8CF-320D0DD68E50-21_54_1_jpeg.rf.2c8fcd530cb09902421f63c421129e00.jpg,00a53b9c9ebd284e9e8a3a7c03dbea282ceed98a99de7832f0b7ef34cf30bfb9
/home/l2e_ayd/cocoa_research/data/raw/roboflow_cocoa/train/images/6B68F9C7-BFEC-4993-9EE0-85CC66BFEFB5-23_48_21_jpeg.rf.763f4491002d787dbe8771ec1538e2b2.jpg,6B68F9C7-BFEC-4993-9EE0-85CC66BFEFB5-23_48_21_jpeg.rf.763f4491002d787dbe8771ec1538e2b2.jpg,2dcc2b1552f6145156dd2a08b4fcdc7cf1e9267af6177f7e3d310df63c8790f7
/home/l2e_ayd/cocoa_research/data/raw/roboflow_cocoa/train/images/6BB70F94-B628-4407-8256-3C6120067BE1-23_0_25_jpeg.rf.1fd1f428263cbf64e1f88f07d5fefdcc.jpg,6BB70F94-B628-4407-8256-3C6120067BE1-23_0_25_jpeg.rf.1fd1f428263cbf64e1f88f07d5fefdcc.jpg,3ff898ad2c02e23209cf2224541849e022c3953f7bf5ecfe8ff369a606582c5f
/home/l2e_ayd/cocoa_research/data/raw/roboflow_cocoa/train/images/6BD7C59B-370B-46A1-9284-0F9C1FE3B702-23_33_10_jpeg.rf.e28247c8dfc043981f20203d1b68abf2.jpg,6BD7C59B-370B-46A1-9284-0F9C1FE3B702-23_33_10_jpeg.rf.e28247c8dfc043981f20203d1b68abf2.jpg,acd1b124fdee6c7a876c981b8e3c4819665427d64eebe4aee33a802a0fddc1b2
/home/l2e_ayd/cocoa_research/data/raw/roboflow_cocoa/train/images/6C51D352-916A-4BAD-9W8A9-94A84D9B95D6-23_24_37_jpeg.rf.8da1b8f34667760a6197e5e398f019f3.jpg,6C51D352-916A-4BAD-9W8A9-94A84D9B95D6-23_24_37_jpeg.rf.8da1b8f34667760a6197e5e398f019f3.jpg,504c0aff774787e9250bedbc614e4f56007fe49c29f5f9aeb18684f3f5d08834
/home/l2e_ayd/cocoa_research/data/raw/roboflow_cocoa/train/images/6C7CD379-6715-4980-8F88-135DFF426E52-19_45_32_jpeg.rf.7e6be8649d41965cbf6ac957a5959057.jpg,6C7CD379-6715-4980-8F88-135DFF426E52-19_45_32_jpeg.rf.7e6be8649d41965cbf6ac957a5959057.jpg,00dcf463b1c2d417649ec4da462f0d15598a576102fd2b22120197af3e8273ec
/home/l2e_ayd/cocoa_research/data/raw/roboflow_cocoa/train/images/6C9BFDF7-99B5-43A6-8563-FDE1FEFC5440-22_24_23_jpeg.rf.8087e3685dfeca4aec6a4a7bbebe681a.jpg,6C9BFDF7-99B5-43A6-8563-FDE1FEFC5440-22_24_23_jpeg.rf.8087e3685dfeca4aec6a4a7bbebe681a.jpg,9bcf37fe6c7e8b7fdfd400f1d185ab09879ede2a594a9a6a1b4c04693f6727ed
/home/l2e_ayd/cocoa_research/data/raw/roboflow_cocoa/train/images/6CB4F27E-9769-4114-8507-1095E7BADA40-0_53_4-2-_jpeg.rf.64422bcb65a77b090d00d47de0121e42.jpg,6CB4F27E-9769-4114-8507-1095E7BADA40-0_53_4-2-_jpeg.rf.64422bcb65a77b090d00d47de0121e42.jpg,3996ec1739527bb85c8b3e2764282e57daae4651e5f2d92e66129808c8851c4a
/home/l2e_ayd/cocoa_research/data/raw/roboflow_cocoa/train/images/6CDD525A-EF20-45CF-A116-4A10F87A3DFA-23_46_17_jpeg.rf.c23ded4cd361f71195e391b1116ff5e3.jpg,6CDD525A-EF20-45CF-A116-4A10F87A3DFA-23_46_17_jpeg.rf.c23ded4cd361f71195e391b1116ff5e3.jpg,64e70d1678fd0517ff85921adb8f441dddb55dd5deea43d911387ed479e2d42e
/home/l2e_ayd/cocoa_research/data/raw/roboflow_cocoa/train/images/6D4FB6A3-4EC9-4524-B74F-3E1382303794-23_26_59_jpeg.rf.76331ec48420153b0ad6dbbe83fb82ad.jpg,6D4FB6A3-4EC9-4524-B74F-3E1382303794-23_26_59_jpeg.rf.76331ec48420153b0ad6dbbe83fb82ad.jpg,6bc97259b12d7afd7fd84629afe8642b1a2b0b56ad0230f2726ded9021fed275
/home/l2e_ayd/cocoa_research/data/raw/roboflow_cocoa/train/images/6D75A2F8-4A1A-42C4-80DC-E1EF0D82ABAD-21_55_7_jpeg.rf.d3e43fe5c24bdd7c9679df1f430d44bb.jpg,6D75A2F8-4A1A-42C4-80DC-E1EF0D82ABAD-21_55_7_jpeg.rf.d3e43fe5c24bdd7c9679df1f430d44bb.jpg,0613802a372472923b264836006ff3ab6099fba17c519cee8151b224e55d2af6
/home/l2e_ayd/cocoa_research/data/raw/roboflow_cocoa/train/images/6DEBC462-C583-4D7E-A41F-289DD10D41D6-21_54_16_jpeg.rf.4bde5ed9de680020c527fb6592d2690d.jpg,6DEBC462-C583-4D7E-A41F-289DD10D41D6-21_54_16_jpeg.rf.4bde5ed9de680020c527fb6592d2690d.jpg,35036d28654c80175e4a801cdc37724c30507f76ffece1036c08a5c5884ccf80
/home/l2e_ayd/cocoa_research/data/raw/roboflow_cocoa/train/images/6E1F6BA9-AA4E-49D7-8C0C-9C8B2EAD9895-0_41_54_jpeg.rf.a84331725d2fe04427cfc6605d4c5cb4.jpg,6E1F6BA9-AA4E-49D7-8C0C-9C8B2EAD9895-0_41_54_jpeg.rf.a84331725d2fe04427cfc6605d4c5cb4.jpg,9e9ffb13e59310f01666022575d8553194e6d2830bb91a2e3781a84a977e8d9d
/home/l2e_ayd/cocoa_research/data/raw/roboflow_cocoa/train/images/6E3B7920-AA13-4E60-B8C7-574D8D7BFE3C-20_4_49_jpeg.rf.496183669ece577a1bf3d5c124733bdb.jpg,6E3B7920-AA13-4E60-B8C7-574D8D7BFE3C-20_4_49_jpeg.rf.496183669ece577a1bf3d5c124733bdb.jpg,1cf0d9f2e04cefe58ab12985b74f6060f02bcf1b3075f77ae78ed2ae3529d1a9
/home/l2e_ayd/cocoa_research/data/raw/roboflow_cocoa/train/images/6E597700-9990-4C4E-B1F9-5CF842A817C6-21_50_52_jpeg.rf.7b0e9dd00d6117ab0e1e386c84763c75.jpg,6E597700-9990-4C4E-B1F9-5CF842A817C6-21_50_52_jpeg.rf.7b0e9dd00d6117ab0e1e386c84763c75.jpg,4b830de7152e2b37d887d2d50d65f45fd81ed1eb6e412f4ae3571ffc22ce7502
/home/l2e_ayd/cocoa_research/data/raw/roboflow_cocoa/train/images/6E77837C-49DF-4B86-9D90-7AD133FE1B17-23_0_7_jpeg.rf.1f4ec8ddfd33066c7cd0d372481b8e7b.jpg,6E77837C-49DF-4B86-9D90-7AD133FE1B17-23_0_7_jpeg.rf.1f4ec8ddfd33066c7cd0d372481b8e7b.jpg,101f6c07bbb39af8cf4d24336ea3182416b1b246565a89e10c0011c0abbfb381
/home/l2e_ayd/cocoa_research/data/raw/roboflow_cocoa/train/images/6E7FEE95-293E-488D-AFDB-A530901B8956-22_51_51_jpeg.rf.fe9bb1dfe5f3d13121a575b5a7338e3a.jpg,6E7FEE95-293E-488D-AFDB-A530901B8956-22_51_51_jpeg.rf.fe9bb1dfe5f3d13121a575b5a7338e3a.jpg,2c9f4306a0c85cd7a7ee689b06a838198183fed18d89fa348ce1de94243fa932
/home/l2e_ayd/cocoa_research/data/raw/roboflow_cocoa/train/images/6EDDCF6B-06D3-4891-A282-7F6E90B11C6B-0_24_31-1-_jpeg.rf.05653dab66769c365ce34b8d281b982a.jpg,6EDDCF6B-06D3-4891-A282-7F6E90B11C6B-0_24_31-1-_jpeg.rf.05653dab66769c365ce34b8d281b982a.jpg,740384b8835815722509a41e38562c5780f5254a16344caf2db1d4a3e651d6b3
/home/l2e_ayd/cocoa_research/data/raw/roboflow_cocoa/train/images/6F012FBB-5D87-4AF4-96A2-C57DCAFF7049-22_22_31_jpeg.rf.be801e665946cbc71cdb8a0bcfdb1144.jpg,6F012FBB-5D87-4AF4-96A2-C57DCAFF7049-22_22_31_jpeg.rf.be801e665946cbc71cdb8a0bcfdb1144.jpg,2cbb8dad3b445e94d58f754a51b9b9a613f74bf37b1da314008c2215f562b0f7
/home/l2e_ayd/cocoa_research/data/raw/roboflow_cocoa/train/images/6F01891D-70F3-49FC-A02C-50B4810C7A98-0_33_23_jpeg.rf.f5173b3873e0185f39d6b1d28253e4ff.jpg,6F01891D-70F3-49FC-A02C-50B4810C7A98-0_33_23_jpeg.rf.f5173b3873e0185f39d6b1d28253e4ff.jpg,72e4673d3ac61f4c6bcf78ff072965efcd54ede3e39f40401a5f27fda8a2c801
/home/l2e_ayd/cocoa_research/data/raw/roboflow_cocoa/train/images/6F0CA8CF-41DB-4002-A66B-726222355448-0_50_40_jpeg.rf.eb45184ec06032fc3d615538d204f640.jpg,6F0CA8CF-41DB-4002-A66B-726222355448-0_50_40_jpeg.rf.eb45184ec06032fc3d615538d204f640.jpg,9c2b0e4639e058ef896b0df1cf90873ecabe9d538be46d5ba7e06091b29a9bf4
/home/l2e_ayd/cocoa_research/data/raw/roboflow_cocoa/train/images/6F108517-63CE-48A6-8A06-68ACE875BA01-0_24_39_jpeg.rf.641d31dcfb1901ede90eebe5b2b2d9b7.jpg,6F108517-63CE-48A6-8A06-68ACE875BA01-0_24_39_jpeg.rf.641d31dcfb1901ede90eebe5b2b2d9b7.jpg,e2a1cbf5f012304179d5eee333ec138a9891db803e4e8c7864104fabbb6a0547
/home/l2e_ayd/cocoa_research/data/raw/roboflow_cocoa/train/images/6F43A333-DEDC-435F-B8A5-0B80ECF933D2-1_37_56_jpeg.rf.937d35f18880a26557d7c97cc6106cb9.jpg,6F43A333-DEDC-435F-B8A5-0B80ECF933D2-1_37_56_jpeg.rf.937d35f18880a26557d7c97cc6106cb9.jpg,96cc35e1df1c8df98107d562e580b1f9c9bfa19e9b401132b6f54c78d5fe3ab3
/home/l2e_ayd/cocoa_research/data/raw/roboflow_cocoa/train/images/6F829E9C-3FCC-4D66-A05C-65975639A137-1_3_24_jpeg.rf.c9fa6ebb9e5ad5de39756ee7abf64622.jpg,6F829E9C-3FCC-4D66-A05C-65975639A137-1_3_24_jpeg.rf.c9fa6ebb9e5ad5de39756ee7abf64622.jpg,47ebcd4f3dd04c7546878085f4d76b55e7399ee8bc0a8504478dd7d7595b74e0
/home/l2e_ayd/cocoa_research/data/raw/roboflow_cocoa/train/images/6F9A0C68-B935-4765-BBC7-4454FE51B539-0_45_4_jpeg.rf.2ecf276359b2f7c9f293d0e0046caf51.jpg,6F9A0C68-B935-4765-BBC7-4454FE51B539-0_45_4_jpeg.rf.2ecf276359b2f7c9f293d0e0046caf51.jpg,e8b4e425036670a4e68f76f2311feba1c8a71762ecfa6d151ee24bdb4e7f26ad
/home/l2e_ayd/cocoa_research/data/raw/roboflow_cocoa/train/images/6FD20AD5-400B-4776-844B-D1B6C04C868C-0_49_43_jpeg.rf.b439adadff8fdae239ab4161fc7e9b9e.jpg,6FD20AD5-400B-4776-844B-D1B6C04C868C-0_49_43_jpeg.rf.b439adadff8fdae239ab4161fc7e9b9e.jpg,5fe1a06156e72eb4914f26b50fac482720e8a741ccae93f6e59cf6d478a007ff
/home/l2e_ayd/cocoa_research/data/raw/roboflow_cocoa/train/images/7037AB27-7298-4F82-926F-C3D0AC11DEC0-2_20_34_jpeg.rf.4ee7e98a751c34041202553c3b1935c7.jpg,7037AB27-7298-4F82-926F-C3D0AC11DEC0-2_20_34_jpeg.rf.4ee7e98a751c34041202553c3b1935c7.jpg,f823d40bb008cfeeb9b1827341e10dec962015c0282f2af2b1176c157ad0bedf
/home/l2e_ayd/cocoa_research/data/raw/roboflow_cocoa/train/images/705B6DD8-0121-4BBA-AF12-94C8005852DC-23_4_25_jpeg.rf.1a7f2c6560f1d05fa462a87b0c5cc624.jpg,705B6DD8-0121-4BBA-AF12-94C8005852DC-23_4_25_jpeg.rf.1a7f2c6560f1d05fa462a87b0c5cc624.jpg,d9b504a525ba1e31063acb699bf961c16a35c0fbde7532a0ea6299a0ac612073
/home/l2e_ayd/cocoa_research/data/raw/roboflow_cocoa/train/images/706B98AB-C01D-43D9-9537-860E56FF03F5-18_54_46_jpeg.rf.06616ce4ffb5fb47a983d4cfe6f316ab.jpg,706B98AB-C01D-43D9-9537-860E56FF03F5-18_54_46_jpeg.rf.06616ce4ffb5fb47a983d4cfe6f316ab.jpg,10b10ebd00ddbd07696c341308466200272f923505395217fb4d4455490c09d1
/home/l2e_ayd/cocoa_research/data/raw/roboflow_cocoa/train/images/70D12C97-CE05-486F-8BC0-4AEA959DF607-18_14_43_jpeg.rf.97e12a8a927ad21428b0f3b198049c41.jpg,70D12C97-CE05-486F-8BC0-4AEA959DF607-18_14_43_jpeg.rf.97e12a8a927ad21428b0f3b198049c41.jpg,9eec42873e06c00d038b74b31089ddff6fb6af306a12f1a29d2435bab0cf1ebc
/home/l2e_ayd/cocoa_research/data/raw/roboflow_cocoa/train/images/70DC3D24-78F4-496A-A124-EFD4695909A6-22_38_23_jpeg.rf.0c29a7a8b6310f0a25170db38b75ace4.jpg,70DC3D24-78F4-496A-A124-EFD4695909A6-22_38_23_jpeg.rf.0c29a7a8b6310f0a25170db38b75ace4.jpg,c99e333e4ebf4b02c0ec5f6962bed0ce8e29858ceaa74b2c837ca0923b33585d
/home/l2e_ayd/cocoa_research/data/raw/roboflow_cocoa/train/images/712D6B59-40D6-4244-A0EE-7B68D7FF6D28-0_50_7_jpeg.rf.5a68e042883a3cb098bea85166a59a11.jpg,712D6B59-40D6-4244-A0EE-7B68D7FF6D28-0_50_7_jpeg.rf.5a68e042883a3cb098bea85166a59a11.jpg,740e70df91304bdd8061a5bc68d647234d4e13e755e480dde1cf36b1792156ff
/home/l2e_ayd/cocoa_research/data/raw/roboflow_cocoa/train/images/718AF9DC-C915-4C03-A33F-09D962928750-21_51_59_jpeg.rf.2a94f946def248e3171228e85b8d2c62.jpg,718AF9DC-C915-4C03-A33F-09D962928750-21_51_59_jpeg.rf.2a94f946def248e3171228e85b8d2c62.jpg,8d5efbba742274f0923eb58330a3f0d3d62d1fc77a061d3bb88760905bf31cd9
/home/l2e_ayd/cocoa_research/data/raw/roboflow_cocoa/train/images/7204075D-F829-4396-904D-5861F8B7B27A-23_46_9_jpeg.rf.ddd5c7b64a1cd6e8106a90310b1aca3c.jpg,7204075D-F829-4396-904D-5861F8B7B27A-23_46_9_jpeg.rf.ddd5c7b64a1cd6e8106a90310b1aca3c.jpg,b952e8d9d6e327088b079eb2f3d5fff546407b8ae055556fa0295d20af51bc99
/home/l2e_ayd/cocoa_research/data/raw/roboflow_cocoa/train/images/7212A778-2A33-48E6-A2BA-1F3AA1975E85-0_51_0_jpeg.rf.895629845954209330782ca6c73956a9.jpg,7212A778-2A33-48E6-A2BA-1F3AA1975E85-0_51_0_jpeg.rf.895629845954209330782ca6c73956a9.jpg,ba6333a7d3b5740e126f0e65755446e4f32c355f1c2759785e39259c78e21834
/home/l2e_ayd/cocoa_research/data/raw/roboflow_cocoa/train/images/7254FDFD-F223-42C1-90A5-8105B055063C-23_3_55_jpeg.rf.109bd436974796c8aa02c405e6e21aa3.jpg,7254FDFD-F223-42C1-90A5-8105B055063C-23_3_55_jpeg.rf.109bd436974796c8aa02c405e6e21aa3.jpg,01244408508474b9e1909ff9de7824debe6fbb7c9e4b7781c1738136677bcb91
/home/l2e_ayd/cocoa_research/data/raw/roboflow_cocoa/train/images/7292BA30-E42C-40C6-8A3C-4AC1CA61C4BD-22_42_18_jpeg.rf.4e8dad5c26d4c6661205ca2222bdd4df.jpg,7292BA30-E42C-40C6-8A3C-4AC1CA61C4BD-22_42_18_jpeg.rf.4e8dad5c26d4c6661205ca2222bdd4df.jpg,85e37be5bca8a5121f002818ab2cb2f95aed702a9e0dd6577087171ff7e49aa1
/home/l2e_ayd/cocoa_research/data/raw/roboflow_cocoa/train/images/731A60BF-2C29-479C-BF99-05A92B650942-0_6_2_jpeg.rf.2d8d1d822b9949943e5767d54755aee4.jpg,731A60BF-2C29-479C-BF99-05A92B650942-0_6_2_jpeg.rf.2d8d1d822b9949943e5767d54755aee4.jpg,f3dbde15e579937a47b5e967302063e84a81043734ace12bae8c6cbef0260c17
/home/l2e_ayd/cocoa_research/data/raw/roboflow_cocoa/train/images/731D2720-F397-4F86-B6CB-524886545C8A-21_50_45_jpeg.rf.22b748688c2f34a5ed9d6300d97e15f5.jpg,731D2720-F397-4F86-B6CB-524886545C8A-21_50_45_jpeg.rf.22b748688c2f34a5ed9d6300d97e15f5.jpg,7402d255ce8312f9ed0e03e58a746174471af2225140c9789bd0f0131188061c
/home/l2e_ayd/cocoa_research/data/raw/roboflow_cocoa/train/images/739311B9-9D89-41E7-AC2F-7B4B36AC9CB9F-23_29_54_jpeg.rf.2da7dd822bc5cdd3ce8aa77c89f4930e.jpg,739311B9-9D89-41E7-AC2F-7B4B36AC9CB9F-23_29_54_jpeg.rf.2da7dd822bc5cdd3ce8aa77c89f4930e.jpg,d9802af80589a56a7bb719f895fb9db54b625a167327e279af96cbea2f9125fc
/home/l2e_ayd/cocoa_research/data/raw/roboflow_cocoa/train/images/739BE962-3AAD-4EF2-B5F4-75337C0DDBD6-1_28_33_jpeg.rf.e9f39ef2798d824cda136c7077f3176f.jpg,739BE962-3AAD-4EF2-B5F4-75337C0DDBD6-1_28_33_jpeg.rf.e9f39ef2798d824cda136c7077f3176f.jpg,b7488ffb9204338941eb31f4464228a489c8ec25aef162511047b4da7ed31feb
/home/l2e_ayd/cocoa_research/data/raw/roboflow_cocoa/train/images/73A40A9F-B87F-4EFB-A157-FBB2DD72A4C6-0_23_0_jpeg.rf.ab35ce2f811f3afda8ca15d703bf15d2.jpg,73A40A9F-B87F-4EFB-A157-FBB2DD72A4C6-0_23_0_jpeg.rf.ab35ce2f811f3afda8ca15d703bf15d2.jpg,24a28131f24cf6247f46551cd5ff76536b846cd462b8e0d47e1c73fe2ddd53ef
/home/l2e_ayd/cocoa_research/data/raw/roboflow_cocoa/train/images/73C354A4-9B76-4A23-8E11-342B189B059A-0_53_20_jpeg.rf.5f165c20dd2c20dbadb127e5dea65cc9.jpg,73C354A4-9B76-4A23-8E11-342B189B059A-0_53_20_jpeg.rf.5f165c20dd2c20dbadb127e5dea65cc9.jpg,6560202f63ce156e302c4abef89ae1329e98fb3a2ddf534cf29efb4396a4d1b8
/home/l2e_ayd/cocoa_research/data/raw/roboflow_cocoa/train/images/73F617CD-081A-45C1-9A9D-9BEB566EC271-22_15_41_jpeg.rf.18349b673c9ae9b33a0517f6f3e6968e.jpg,73F617CD-081A-45C1-9A9D-9BEB566EC271-22_15_41_jpeg.rf.18349b673c9ae9b33a0517f6f3e6968e.jpg,b1294202730444879b5f8814bbc02d50e41315b0fcc49efdb517aee69a97818e
/home/l2e_ayd/cocoa_research/data/raw/roboflow_cocoa/train/images/73F781B9-0F51-4BBB-A648-D4BC8F7BA6E7-0_29_56_jpeg.rf.dcfa2aae84c3bb5d5be40cff2c679538.jpg,73F781B9-0F51-4BBB-A648-D4BC8F7BA6E7-0_29_56_jpeg.rf.dcfa2aae84c3bb5d5be40cff2c679538.jpg,8eb696338b1bce70cedbfbb457066d4fc333abeecdc4567142f476cb4706a90e
/home/l2e_ayd/cocoa_research/data/raw/roboflow_cocoa/train/images/744C1D1D-5621-4C8C-BB8F-3AF714A1CF6C-1_28_17_jpeg.rf.36e9bbb30916b62ab3618b891e5548e7.jpg,744C1D1D-5621-4C8C-BB8F-3AF714A1CF6C-1_28_17_jpeg.rf.36e9bbb30916b62ab3618b891e5548e7.jpg,5e14003cbe1ded98be0ffd2a5af570c05c894e7f5d2e5645e2f454683f1993f0
/home/l2e_ayd/cocoa_research/data/raw/roboflow_cocoa/train/images/7478509A-0E1C-4ED5-8EF3-0EE825B3D2DF-18_27_11_jpeg.rf.a39bf1e37bb46585461f48e606ac7a1c.jpg,7478509A-0E1C-4ED5-8EF3-0EE825B3D2DF-18_27_11_jpeg.rf.a39bf1e37bb46585461f48e606ac7a1c.jpg,7b18c793b1ed4f99a6f91d0b5635c52efc4fd955ce2d5c74931bbc1a20818ce6
/home/l2e_ayd/cocoa_research/data/raw/roboflow_cocoa/train/images/74C7A4FE-46C5-4F0F-97C8-FECF7F84E332-1_22_55_jpeg.rf.5c41519de44e431703fe63f1b8f265b2.jpg,74C7A4FE-46C5-4F0F-97C8-FECF7F84E332-1_22_55_jpeg.rf.5c41519de44e431703fe63f1b8f265b2.jpg,7bc4803f073fc337e86c9eddd6f449b4d837413ce1775b9cee49a815b231ff10
/home/l2e_ayd/cocoa_research/data/raw/roboflow_cocoa/train/images/7502BE41-8B6D-4676-A0F5-9E9B808717D6-20_23_26_jpeg.rf.9b2f9654dc5b9393b47e3c8abf20c619.jpg,7502BE41-8B6D-4676-A0F5-9E9B808717D6-20_23_26_jpeg.rf.9b2f9654dc5b9393b47e3c8abf20c619.jpg,8bd4a0d7c38b37851e39aaa39737fbb2551b957dc2a527b14eb80b954f32f6e4
/home/l2e_ayd/cocoa_research/data/raw/roboflow_cocoa/train/images/754E9B00-59C7-4C83-BFBC-1707C7F5A84A-23_16_47_jpeg.rf.551437495c365cb850cd538f5daac849.jpg,754E9B00-59C7-4C83-BFBC-1707C7F5A84A-23_16_47_jpeg.rf.551437495c365cb850cd538f5daac849.jpg,f77ae84fb44922aed856563e19662961fe764bef1424485977a617b128c5f132
/home/l2e_ayd/cocoa_research/data/raw/roboflow_cocoa/train/images/757405AC-9CFA-4577-BD95-DA2FC6EE38B2-0_24_6_jpeg.rf.47bcbd6f168d71ddfde4c329a59e1a67.jpg,757405AC-9CFA-4577-BD95-DA2FC6EE38B2-0_24_6_jpeg.rf.47bcbd6f168d71ddfde4c329a59e1a67.jpg,cc1033180a66da7ec0eb367b7817e7de9ef782504f66ece3f443584288cf0bb9
/home/l2e_ayd/cocoa_research/data/raw/roboflow_cocoa/train/images/759E4021-CB05-437F-A3DB-555EE75314A2-19_17_3_jpeg.rf.7d329cd42c0892a6e3a1fd859c37618a.jpg,759E4021-CB05-437F-A3DB-555EE75314A2-19_17_3_jpeg.rf.7d329cd42c0892a6e3a1fd859c37618a.jpg,75b40838255278787c2e199112b3b43b425a498d963573216eaccd9401d12500
/home/l2e_ayd/cocoa_research/data/raw/roboflow_cocoa/train/images/75CB0D1E-8119-474A-9D61-6744391978A9-23_14_31_jpeg.rf.03cfb80bf8964bdeace31824da3b4a8e.jpg,75CB0D1E-8119-474A-9D61-6744391978A9-23_14_31_jpeg.rf.03cfb80bf8964bdeace31824da3b4a8e.jpg,1f2b5bd02764bbec21ae7eb08b6d22ecaf34e8cfcb65c352dfa43a5a7c8d49ac
/home/l2e_ayd/cocoa_research/data/raw/roboflow_cocoa/train/images/75CD5A85-8E53-4E55-B94D-BBF8C4AB71E9-0_18_1_jpeg.rf.c3310df9af2ef44ae95960ef79669e47.jpg,75CD5A85-8E53-4E55-B94D-BBF8C4AB71E9-0_18_1_jpeg.rf.c3310df9af2ef44ae95960ef79669e47.jpg,601c9c36706eab181f9797867b43cb5c946cdd65019f10044fb97644a9c7cb9f
/home/l2e_ayd/cocoa_research/data/raw/roboflow_cocoa/train/images/75E786D4-6121-44BD-B90D-2AC1E2347CA3-22_31_14_jpeg.rf.7aa328e03f7493682c2affc448efafb7.jpg,75E786D4-6121-44BD-B90D-2AC1E2347CA3-22_31_14_jpeg.rf.7aa328e03f7493682c2affc448efafb7.jpg,f47ca2c6c29a40412b9ca9b02d82e1d5c1b1e98b43b29880288fc0a7dcc6f5c5
/home/l2e_ayd/cocoa_research/data/raw/roboflow_cocoa/train/images/762620F0-5182-43D4-B22B-84C7AF1847BC-1_0_56_jpeg.rf.b1cdd8b1222f1097e74c287d0b257dd7.jpg,762620F0-5182-43D4-B22B-84C7AF1847BC-1_0_56_jpeg.rf.b1cdd8b1222f1097e74c287d0b257dd7.jpg,23c177d63a850194964a6c4ef700d0666125241e314d670ed09ebc741050c60e
/home/l2e_ayd/cocoa_research/data/raw/roboflow_cocoa/train/images/7633EAA1-BBA0-46A9-AEB0-19184CA1FE28-10_58_54_jpeg.rf.4690270d148ead22a0edcb7a48563900.jpg,7633EAA1-BBA0-46A9-AEB0-19184CA1FE28-10_58_54_jpeg.rf.4690270d148ead22a0edcb7a48563900.jpg,9c6ffba9bf294c9624d58a2501c9674fa4dee0183b41ea666d6ba69630c89684
/home/l2e_ayd/cocoa_research/data/raw/roboflow_cocoa/train/images/76586DD3-9AC2-420A-B810-F7C54BB8D9D3-22_37_51_jpeg.rf.3963827849ddbea60f03a2d9e392c7f4.jpg,76586DD3-9AC2-420A-B810-F7C54BB8D9D3-22_37_51_jpeg.rf.3963827849ddbea60f03a2d9e392c7f4.jpg,90cf786fdf3b5f69038ea5746c0ecad15d4b6efbf5c1b93459c1da0c3911f34d
/home/l2e_ayd/cocoa_research/data/raw/roboflow_cocoa/train/images/7697DC30-FB6C-423D-9101-3C6A6E010267-0_36_44_jpeg.rf.b429a6aabde04f683c4572cbf6edba74.jpg,7697DC30-FB6C-423D-9101-3C6A6E010267-0_36_44_jpeg.rf.b429a6aabde04f683c4572cbf6edba74.jpg,7df778e1c2dc94f01d1f827bfb14205234da904a47df7ab77646bde7270283d5
/home/l2e_ayd/cocoa_research/data/raw/roboflow_cocoa/train/images/76D3902F-47C6-4A69-B5C4-ECCEBC4B7D41-22_56_34_jpeg.rf.f85201c111217d354e2d1883df2a2776.jpg,76D3902F-47C6-4A69-B5C4-ECCEBC4B7D41-22_56_34_jpeg.rf.f85201c111217d354e2d1883df2a2776.jpg,85894696ded31b2fa6ec7d743239e5876c2a9669599bb0c39f1d0141e8afb20a
/home/l2e_ayd/cocoa_research/data/raw/roboflow_cocoa/train/images/76F983F8-06DC-4400-91CA-8AF4185C44F9-0_15_46_jpeg.rf.e3512dcd4cda9613f83553488c851bad.jpg,76F983F8-06DC-4400-91CA-8AF4185C44F9-0_15_46_jpeg.rf.e3512dcd4cda9613f83553488c851bad.jpg,46b588df819034979a40072e0f84e931cbe6c3f4f1be266d6b073c3854a14b1e
/home/l2e_ayd/cocoa_research/data/raw/roboflow_cocoa/train/images/7748CDF9-F177-43EE-A0D0-8FD4ABFD9A4C-22_35_58_jpeg.rf.c2d804249765ce06119d7b07d15a52f1.jpg,7748CDF9-F177-43EE-A0D0-8FD4ABFD9A4C-22_35_58_jpeg.rf.c2d804249765ce06119d7b07d15a52f1.jpg,fad4506d07d9ce4aa7da74b28bc1f5ae4509d6af295deaed774a4c4264d160c4
/home/l2e_ayd/cocoa_research/data/raw/roboflow_cocoa/train/images/779C32A5-3428-4638-9870-68CF3B27D55B-1_1_43_jpeg.rf.6ae35b3d1f81a2d115ff06616a34bbe0.jpg,779C32A5-3428-4638-9870-68CF3B27D55B-1_1_43_jpeg.rf.6ae35b3d1f81a2d115ff06616a34bbe0.jpg,4c3080cadd241fe87eb8e74932e77ae0f8858daa7f339897f267e2a791bfcb82
/home/l2e_ayd/cocoa_research/data/raw/roboflow_cocoa/train/images/779F4328-7F44-472E-B580-22455DBEB6C0-22_51_11_jpeg.rf.3e69b1be379df7a9f5947cc0c00ec452.jpg,779F4328-7F44-472E-B580-22455DBEB6C0-22_51_11_jpeg.rf.3e69b1be379df7a9f5947cc0c00ec452.jpg,82fad3242d935aecf8a4d83769074a39c4b8a9ce83a2a5be35a582000760822b
/home/l2e_ayd/cocoa_research/data/raw/roboflow_cocoa/train/images/77A12E9A-C051-425F-B32B-08F07F5C92A6-22_10_11_jpeg.rf.3abd5f334f0911a229c58f65c722caae.jpg,77A12E9A-C051-425F-B32B-08F07F5C92A6-22_10_11_jpeg.rf.3abd5f334f0911a229c58f65c722caae.jpg,d96b2c7747a6e988466efa17bd4dd6b34f4cb68886347e6f4dbf9d90c307ef2a
/home/l2e_ayd/cocoa_research/data/raw/roboflow_cocoa/train/images/77ABC724-FE00-482F-A8CC-BCC387CF3FA1-20_23_4_jpeg.rf.5eb00662f98b0cbc79b464dcbe321f7d.jpg,77ABC724-FE00-482F-A8CC-BCC387CF3FA1-20_23_4_jpeg.rf.5eb00662f98b0cbc79b464dcbe321f7d.jpg,47b9251f95b52089e22386d4f93037dd75a0a4b4867b6fc999c258d599a0e855
/home/l2e_ayd/cocoa_research/data/raw/roboflow_cocoa/train/images/77B43811-2595-4E3B-AB30-BA32D1B1448C-1_21_13_jpeg.rf.67132c73268a16941eaf7859f71deabc.jpg,77B43811-2595-4E3B-AB30-BA32D1B1448C-1_21_13_jpeg.rf.67132c73268a16941eaf7859f71deabc.jpg,9eeae053f311bc2c58ea6ac54cadee7ab7cf7308ebb0e9b2bbe361d01e998f79
/home/l2e_ayd/cocoa_research/data/raw/roboflow_cocoa/train/images/77B83C80-4332-462B-AF85-60459AA2EE4D-23_16_51_jpeg.rf.a9ee93257b326c990ccc221eb34dbcb9.jpg,77B83C80-4332-462B-AF85-60459AA2EE4D-23_16_51_jpeg.rf.a9ee93257b326c990ccc221eb34dbcb9.jpg,08a5a565b73674edac364e999632ba5f90c002de9394993006a4185d74069dbc
/home/l2e_ayd/cocoa_research/data/raw/roboflow_cocoa/train/images/77EDC25E-4467-493C-AD1F-46D7E8019735-0_59_58_jpeg.rf.131f8be2d88a170d748e24e909f1dc31.jpg,77EDC25E-4467-493C-AD1F-46D7E8019735-0_59_58_jpeg.rf.131f8be2d88a170d748e24e909f1dc31.jpg,0eba36b3bae6a40308b85a8214aab475752b8118cdadf54111ace7e797b09300
/home/l2e_ayd/cocoa_research/data/raw/roboflow_cocoa/train/images/7802E0DE-B9D6-4A2D-BB93-4290AF3BB359-22_12_10_jpeg.rf.97ecbd5f9cfe996492cb760416990f57.jpg,7802E0DE-B9D6-4A2D-BB93-4290AF3BB359-22_12_10_jpeg.rf.97ecbd5f9cfe996492cb760416990f57.jpg,329cee2a5b11131fbbc4d10a2c84aaaad84c928bb27ddc46bf80210511389927
/home/l2e_ayd/cocoa_research/data/raw/roboflow_cocoa/train/images/7895ECC3-4B5C-401F-8069-92C5177A62BD-23_34_38_jpeg.rf.31688915d3e4c99cf82de3799e8f86e1.jpg,7895ECC3-4B5C-401F-8069-92C5177A62BD-23_34_38_jpeg.rf.31688915d3e4c99cf82de3799e8f86e1.jpg,9cac119af827c712ebf2e445e9f76b681fa236354931874853cb2ae2aa1970b8
/home/l2e_ayd/cocoa_research/data/raw/roboflow_cocoa/train/images/78BD210B-DFC1-4626-B635-43FE7AA3C5B6-19_29_58_jpeg.rf.125ba13b18067aab78a4bf56bf141b08.jpg,78BD210B-DFC1-4626-B635-43FE7AA3C5B6-19_29_58_jpeg.rf.125ba13b18067aab78a4bf56bf141b08.jpg,a4a2fe1e2bcd2ecbb97d56d747bb3fd788f2137da823f9a9525f35656b0ae941
/home/l2e_ayd/cocoa_research/data/raw/roboflow_cocoa/train/images/78EAE363-8767-4850-BBC3-583B794EF0DA-1_1_36_jpeg.rf.3edaf620e6ae47d10804f8e2f91bbd69.jpg,78EAE363-8767-4850-BBC3-583B794EF0DA-1_1_36_jpeg.rf.3edaf620e6ae47d10804f8e2f91bbd69.jpg,53aec72cb961b71eb911616a39ecd1307917f40ab1612baeb7f98a3b76fe2f75
/home/l2e_ayd/cocoa_research/data/raw/roboflow_cocoa/train/images/7968C5B4-E976-4494-83CA-01BEC5C7BE9EC-23_19_1_jpeg.rf.bbf66f2b4dc515ea8745244d974c2440.jpg,7968C5B4-E976-4494-83CA-01BEC5C7BE9EC-23_19_1_jpeg.rf.bbf66f2b4dc515ea8745244d974c2440.jpg,caa093724f1c67da1dba892d781e48f874a7582f63269b0ebe62956762b8efea
/home/l2e_ayd/cocoa_research/data/raw/roboflow_cocoa/train/images/7971BB15-F34F-4D27-B387-D70DB4E8F19E-22_58_57_jpeg.rf.a36895f26c70db9df1d207d8226f3773.jpg,7971BB15-F34F-4D27-B387-D70DB4E8F19E-22_58_57_jpeg.rf.a36895f26c70db9df1d207d8226f3773.jpg,472b2a683952bca115c42425a3cde067842e39bb1e43795e3806ea8ef9f5b672
/home/l2e_ayd/cocoa_research/data/raw/roboflow_cocoa/train/images/79964A96-E19B-4220-B490-C90233263840-19_48_27_jpeg.rf.7fd9d2eecc1c20530e66d2ed3937cc36.jpg,79964A96-E19B-4220-B490-C90233263840-19_48_27_jpeg.rf.7fd9d2eecc1c20530e66d2ed3937cc36.jpg,e9ea936c39b27cfa3b795a0467a98113b05dbe8f0861f5471b27cd041d1dc113
/home/l2e_ayd/cocoa_research/data/raw/roboflow_cocoa/train/images/79AF3952-C3D1-4941-8CC2-9C57387F5433-12_7_10_jpeg.rf.3192e8c5b28eeae7a83535e4c92b52aa.jpg,79AF3952-C3D1-4941-8CC2-9C57387F5433-12_7_10_jpeg.rf.3192e8c5b28eeae7a83535e4c92b52aa.jpg,a9a1d2f14bba289235dffa45630d7ff861fa32f77c2f602dd050e441361f8e0d
/home/l2e_ayd/cocoa_research/data/raw/roboflow_cocoa/train/images/7A430813-47EF-4EFF-9D94-C1213E382790-19_53_45_jpeg.rf.01427bb7da3de11da1380b574e65dda7.jpg,7A430813-47EF-4EFF-9D94-C1213E382790-19_53_45_jpeg.rf.01427bb7da3de11da1380b574e65dda7.jpg,d45c51cfb996af1503aafd45a3aeb8ce666301f88a3a7ea9b6b569d379486e83
/home/l2e_ayd/cocoa_research/data/raw/roboflow_cocoa/train/images/7A50A422-0013-4BB4-8915-2B7B1B63FBA6-23_0_13_jpeg.rf.8a41d2337b0651a3a8991ef3109485fe.jpg,7A50A422-0013-4BB4-8915-2B7B1B63FBA6-23_0_13_jpeg.rf.8a41d2337b0651a3a8991ef3109485fe.jpg,7a35640af79362a6c089aa13450bc28fdb05109d170fbd2ef6717731baedab88
/home/l2e_ayd/cocoa_research/data/raw/roboflow_cocoa/train/images/7A604099-030E-4A97-9B65-77B402A9046B-20_3_27_jpeg.rf.d5e44d4c963f941db45871877f372178.jpg,7A604099-030E-4A97-9B65-77B402A9046B-20_3_27_jpeg.rf.d5e44d4c963f941db45871877f372178.jpg,20ef74c42ea3d95d74aef4d314dfd4b6012c7d4b61816b50b45d0a44b6b5d528
/home/l2e_ayd/cocoa_research/data/raw/roboflow_cocoa/train/images/7A662D8A-AB72-4654-88O15-6A4A7676AC13-23_11_47_jpeg.rf.ce49b676d46730054b0579371e521d24.jpg,7A662D8A-AB72-4654-88O15-6A4A7676AC13-23_11_47_jpeg.rf.ce49b676d46730054b0579371e521d24.jpg,31b44179f4a581713841df07628a58175131fbb0a09f7705bc119773a56fda53
/home/l2e_ayd/cocoa_research/data/raw/roboflow_cocoa/train/images/7A8FACC8-8202-4F6E-A0FD-F07DFCF53981-21_55_21_jpeg.rf.cd7b6c2544f9bd22ab84f27507174202.jpg,7A8FACC8-8202-4F6E-A0FD-F07DFCF53981-21_55_21_jpeg.rf.cd7b6c2544f9bd22ab84f27507174202.jpg,758588569703c8279ca7394fdd7d6ae8b92e9ff27227f3aed85247d3f8d93eed
/home/l2e_ayd/cocoa_research/data/raw/roboflow_cocoa/train/images/7B0540D4-DF01-472E-A7C1-F621D33418F5-0_4_27_jpeg.rf.b1c086e1a513513990d60e5b95bf1d3e.jpg,7B0540D4-DF01-472E-A7C1-F621D33418F5-0_4_27_jpeg.rf.b1c086e1a513513990d60e5b95bf1d3e.jpg,76e8f44d4ffec8af4c62d933f7ec7d1ba6546b93ed294383f92db518f99983f9
/home/l2e_ayd/cocoa_research/data/raw/roboflow_cocoa/train/images/7B691F47-2969-4583-B072-C13B3E3B2830-1_11_59_jpeg.rf.dd5a8b179b3df92e347fa4fb8169cd85.jpg,7B691F47-2969-4583-B072-C13B3E3B2830-1_11_59_jpeg.rf.dd5a8b179b3df92e347fa4fb8169cd85.jpg,9f0abb98ad47700a4e3c2a73f9adb1233dbb7d188aed12ab1af18efbd8039237
/home/l2e_ayd/cocoa_research/data/raw/roboflow_cocoa/train/images/7C3D09C0-2119-42C6-9822-E6C9A8E209FE-22_44_28_jpeg.rf.fdb20427088d886bf5a483efb04cb732.jpg,7C3D09C0-2119-42C6-9822-E6C9A8E209FE-22_44_28_jpeg.rf.fdb20427088d886bf5a483efb04cb732.jpg,fbbdee762c04ef284097c42dd5abe8942f36ed3b1d481fa9e19697556e861aba
/home/l2e_ayd/cocoa_research/data/raw/roboflow_cocoa/train/images/7C4B39B4-0B4B-4940-B3E0-521CBFB5102C-18_12_16_jpeg.rf.ff1150ab2c8ae278e54320317f35a890.jpg,7C4B39B4-0B4B-4940-B3E0-521CBFB5102C-18_12_16_jpeg.rf.ff1150ab2c8ae278e54320317f35a890.jpg,dd8dc8b84ef9bdc8532ca62d14ad2f88d8beb7858a7892ad426b095b687e4314
/home/l2e_ayd/cocoa_research/data/raw/roboflow_cocoa/train/images/7C55359D-0DDE-4C7C-B5C5-4F007180F486-22_21_54_jpeg.rf.94d427798a77e95bad2e20643c74fee0.jpg,7C55359D-0DDE-4C7C-B5C5-4F007180F486-22_21_54_jpeg.rf.94d427798a77e95bad2e20643c74fee0.jpg,664de9cd3837b2dde00b3ec49b83ada0fab5242fa41e1739691046e8254a956a
/home/l2e_ayd/cocoa_research/data/raw/roboflow_cocoa/train/images/7C839ADD-8C10-462B-A588-C2CAC7E1FB44-0_33_17_jpeg.rf.8d59c9f09f5119e2df15e66677d23e4d.jpg,7C839ADD-8C10-462B-A588-C2CAC7E1FB44-0_33_17_jpeg.rf.8d59c9f09f5119e2df15e66677d23e4d.jpg,860dfd2135d97464347ba6e933705b12de55ded3d45fb1787780dc59366bb037
/home/l2e_ayd/cocoa_research/data/raw/roboflow_cocoa/train/images/7CCE87F4-D0A6-430F-A26E-B23C689F0DCD-23_49_1_jpeg.rf.0977e25b8557aa657ad018604da2b137.jpg,7CCE87F4-D0A6-430F-A26E-B23C689F0DCD-23_49_1_jpeg.rf.0977e25b8557aa657ad018604da2b137.jpg,c00a3b04c24a6b2bcc0f376dd68004c6fecf8a53b9cc3bc98a35b2a21d651a9e
/home/l2e_ayd/cocoa_research/data/raw/roboflow_cocoa/train/images/7CEF4800-6AC4-4FB5-BF36-788F71F8D06B-23_15_18_jpeg.rf.1181532963f89df6e8b92843c6a120e9.jpg,7CEF4800-6AC4-4FB5-BF36-788F71F8D06B-23_15_18_jpeg.rf.1181532963f89df6e8b92843c6a120e9.jpg,cf5d5d4a750c05a3e771328426112e91f1089251526275b07de98c6abcc92dff
/home/l2e_ayd/cocoa_research/data/raw/roboflow_cocoa/train/images/7D013BDD-0CFB-4FE9-B9CB-BE751B236813-0_26_6_jpeg.rf.19cb9ab7c0883c51e45d7ac45581919d.jpg,7D013BDD-0CFB-4FE9-B9CB-BE751B236813-0_26_6_jpeg.rf.19cb9ab7c0883c51e45d7ac45581919d.jpg,01c94ce18262b7905d81ca566080d4f5fb5a05823532aa17e0cf6694f428924e
/home/l2e_ayd/cocoa_research/data/raw/roboflow_cocoa/train/images/7D6101BD-4C1D-4D4D-AE05-4B6A00CCF7B5-19_31_26_jpeg.rf.6407955202fd8f9315916a0b0495cc23.jpg,7D6101BD-4C1D-4D4D-AE05-4B6A00CCF7B5-19_31_26_jpeg.rf.6407955202fd8f9315916a0b0495cc23.jpg,9b4ac40cd5410e3e209bbbda0db9c7c3f7c814e71737b730d238332dd59b2b86
/home/l2e_ayd/cocoa_research/data/raw/roboflow_cocoa/train/images/7D628619-B168-4110-BD9F-5AF8D3E670BD-0_17_30_jpeg.rf.f6fd46f6556536fd917caf9bf8f8f1cc.jpg,7D628619-B168-4110-BD9F-5AF8D3E670BD-0_17_30_jpeg.rf.f6fd46f6556536fd917caf9bf8f8f1cc.jpg,1d6904c327ce2e5ad2a8ec706157baaa0d717d54b5a38e3273530f629c7201b2
/home/l2e_ayd/cocoa_research/data/raw/roboflow_cocoa/train/images/7D763C8D-9358-4E4A-BF09-7CC5AA77D4FB-0_14_59_jpeg.rf.86986a755df1c2dd0d1e941d5dfbc324.jpg,7D763C8D-9358-4E4A-BF09-7CC5AA77D4FB-0_14_59_jpeg.rf.86986a755df1c2dd0d1e941d5dfbc324.jpg,6a0f844b0677eeb5dfc5eca728ed4516011ca0138549caf01e373d39b9771b5e
/home/l2e_ayd/cocoa_research/data/raw/roboflow_cocoa/train/images/7D960ADB-2980-46D3-8DA2-3AB4CB4280CB-19_22_38_jpeg.rf.8542d432a547bf50448ddc8958e92a33.jpg,7D960ADB-2980-46D3-8DA2-3AB4CB4280CB-19_22_38_jpeg.rf.8542d432a547bf50448ddc8958e92a33.jpg,37956a4ec4e465c381665171c91cd9c5beb41b3f15e89a7ab9b0295d60751c43
/home/l2e_ayd/cocoa_research/data/raw/roboflow_cocoa/train/images/7DEC6909-709C-4DBA-8C7B-9410ACA4A5B5-0_21_14_jpeg.rf.8e69eab322c5143669d6c0293faaf679.jpg,7DEC6909-709C-4DBA-8C7B-9410ACA4A5B5-0_21_14_jpeg.rf.8e69eab322c5143669d6c0293faaf679.jpg,a18122753df884366b43528c641685a9efbe9177b1ff13ff7859fec04c986b9b
/home/l2e_ayd/cocoa_research/data/raw/roboflow_cocoa/train/images/7DF1C252-46F8-430D-9A1B-86754A628557-1_11_6_jpeg.rf.9a5d50135b240eb263f351c8bbc1e4ad.jpg,7DF1C252-46F8-430D-9A1B-86754A628557-1_11_6_jpeg.rf.9a5d50135b240eb263f351c8bbc1e4ad.jpg,2bdb93110ab70ac5e393a30215b50d7555a7481514bb1f3982971342d1b4905e
/home/l2e_ayd/cocoa_research/data/raw/roboflow_cocoa/train/images/7DFAE670-D059-4CEE-A136-2B2A7C1A3192-0_19_0-1-_jpeg.rf.780c1531f17631ce90459bab9dcb48c4.jpg,7DFAE670-D059-4CEE-A136-2B2A7C1A3192-0_19_0-1-_jpeg.rf.780c1531f17631ce90459bab9dcb48c4.jpg,cceb417483620da2ceddd0f5a84edfc8fd687c669dae84b53f85e934d62fd95e
/home/l2e_ayd/cocoa_research/data/raw/roboflow_cocoa/train/images/7E0BB971-C91A-4CDD-93C8-A072F1C71276-22_16_6_jpeg.rf.99f76364865ea4efb95af67d9c672ecd.jpg,7E0BB971-C91A-4CDD-93C8-A072F1C71276-22_16_6_jpeg.rf.99f76364865ea4efb95af67d9c672ecd.jpg,b29b47dc1a2da3043f15ae6c6017171bd06736634ae67ff31506c9049c8711aa
/home/l2e_ayd/cocoa_research/data/raw/roboflow_cocoa/train/images/7E14D895-9E76-4812-BD1A-CC6C8567A131-0_41_59_jpeg.rf.9999bdec954c0c07d124ead3a4c9cdc6.jpg,7E14D895-9E76-4812-BD1A-CC6C8567A131-0_41_59_jpeg.rf.9999bdec954c0c07d124ead3a4c9cdc6.jpg,aea99a8b5eefec31901a2dc30724ecd4d441d6f3d6467d544e93ad7d20b67e9f
/home/l2e_ayd/cocoa_research/data/raw/roboflow_cocoa/train/images/7E6EBCFE-DBE9-47DE-ACB9-50F76DAF9E61-0_11_52-1-_jpeg.rf.65540ce7a8089f15ea877e5316f844f5.jpg,7E6EBCFE-DBE9-47DE-ACB9-50F76DAF9E61-0_11_52-1-_jpeg.rf.65540ce7a8089f15ea877e5316f844f5.jpg,603026bca345fc30d15ef6db49ab6358c5f74c83fa03650a674dc04984f611d7
/home/l2e_ayd/cocoa_research/data/raw/roboflow_cocoa/train/images/7F463A26-004E-405E-A58E-D5B3F1890BD1-23_22_20_jpeg.rf.077c8f06f1c3206ff4345d7d87c9c4bb.jpg,7F463A26-004E-405E-A58E-D5B3F1890BD1-23_22_20_jpeg.rf.077c8f06f1c3206ff4345d7d87c9c4bb.jpg,a013f43bf1578f67a4bcd0a9c2f69d57178e136d9c3c6b3fe3644a895b8b9740
/home/l2e_ayd/cocoa_research/data/raw/roboflow_cocoa/train/images/7F9202F5-6B4A-4E9A-B911-1815E649034C-23_32_29_jpeg.rf.cae6c7b6aeeb46664b6519c713c729a5.jpg,7F9202F5-6B4A-4E9A-B911-1815E649034C-23_32_29_jpeg.rf.cae6c7b6aeeb46664b6519c713c729a5.jpg,c4914b87aa048d7f0dc43ce06baec7b20546fcf987f99f99a25d186293674ec9
/home/l2e_ayd/cocoa_research/data/raw/roboflow_cocoa/train/images/7FAAC0D8-FF39-41BD-8E0E-74F635067E9B-23_30_3_jpeg.rf.9a714fdff20115373362d9bbdf4323fc.jpg,7FAAC0D8-FF39-41BD-8E0E-74F635067E9B-23_30_3_jpeg.rf.9a714fdff20115373362d9bbdf4323fc.jpg,4e5ae0aecc8029c360283232035f8d58890955b28fa77a8d4d0fdf13e1000210
/home/l2e_ayd/cocoa_research/data/raw/roboflow_cocoa/train/images/7FE4DC40-E788-4D10-B835-9C3A796CA61A-18_23_45_jpeg.rf.ae97324c862d9f50fec3f8e6be41e745.jpg,7FE4DC40-E788-4D10-B835-9C3A796CA61A-18_23_45_jpeg.rf.ae97324c862d9f50fec3f8e6be41e745.jpg,ac223151ca3c630f027a8f4bc7fa1eeb3f9e8e447951499de5d862102a7da6dc
/home/l2e_ayd/cocoa_research/data/raw/roboflow_cocoa/train/images/7FF7206C-D316-432F-AAA9-D1895ED0C412-1_7_51_jpeg.rf.d19410da8f71bb69992335dbc41b1c7b.jpg,7FF7206C-D316-432F-AAA9-D1895ED0C412-1_7_51_jpeg.rf.d19410da8f71bb69992335dbc41b1c7b.jpg,aa9e948485a04ccf7fbb0981292c8abe10d31e2579d2a9113a7720fc3b80554e
/home/l2e_ayd/cocoa_research/data/raw/roboflow_cocoa/train/images/800DFFB7-04B2-44DF-8C3C-D8EE68253F87-1_9_29_jpeg.rf.5d59929030bff5e0feb48b216f2f2df0.jpg,800DFFB7-04B2-44DF-8C3C-D8EE68253F87-1_9_29_jpeg.rf.5d59929030bff5e0feb48b216f2f2df0.jpg,62a19109734176781608be83d941d2db1f123bdab39be64f2198f5bd2b6b47a2
/home/l2e_ayd/cocoa_research/data/raw/roboflow_cocoa/train/images/80180B45-8ACD-48D2-9FAB-9A1BF80A26ED-0_37_10_jpeg.rf.2b838b6da103ff1f7d9314306c29cc3e.jpg,80180B45-8ACD-48D2-9FAB-9A1BF80A26ED-0_37_10_jpeg.rf.2b838b6da103ff1f7d9314306c29cc3e.jpg,06ed26ee2e87f175ceec51a2000e8b1525df120808ee7d57c57ba1111582fa91
/home/l2e_ayd/cocoa_research/data/raw/roboflow_cocoa/train/images/80799B6E-0C30-4BCB-9E2A-241EDFF863F1-23_3_38_jpeg.rf.7a332891c3593b27d969bc1482816311.jpg,80799B6E-0C30-4BCB-9E2A-241EDFF863F1-23_3_38_jpeg.rf.7a332891c3593b27d969bc1482816311.jpg,21ba0057160a4af11b57df16565cbfee6895e756ed8c43d3ceb56b3cdd70477c
/home/l2e_ayd/cocoa_research/data/raw/roboflow_cocoa/train/images/80DE04E5-86EB-4BAD-9AF5-3A1A7FB52524-0_53_49_jpeg.rf.83d58447ee11cb5ba562b2160bdf779b.jpg,80DE04E5-86EB-4BAD-9AF5-3A1A7FB52524-0_53_49_jpeg.rf.83d58447ee11cb5ba562b2160bdf779b.jpg,208a288be0743627ca79b518ca52df8198f4a956b414bce052fb08b57f3c8d4f
/home/l2e_ayd/cocoa_research/data/raw/roboflow_cocoa/train/images/80F922E3-10E1-4924-B663-357B6D214A15-0_3_57-1-_jpeg.rf.a5f72077c57cc61135a49df69aed173b.jpg,80F922E3-10E1-4924-B663-357B6D214A15-0_3_57-1-_jpeg.rf.a5f72077c57cc61135a49df69aed173b.jpg,a4b7244e7ad3b0395cd3ad30127d92fc7ee166ee1357117c5a1af5ad1b4f8a49
/home/l2e_ayd/cocoa_research/data/raw/roboflow_cocoa/train/images/811224AC-516F-454C-98A4-7C96794BCDC9-23_31_8_jpeg.rf.54684b7b3c7524da8fbfd3f05c9bc5fd.jpg,811224AC-516F-454C-98A4-7C96794BCDC9-23_31_8_jpeg.rf.54684b7b3c7524da8fbfd3f05c9bc5fd.jpg,088e7903383b24bb1c1af8305cae90679606142acd957139038293d40e6c811b
/home/l2e_ayd/cocoa_research/data/raw/roboflow_cocoa/train/images/8113406B-73C3-4390-944F-7D84918738E9-0_21_56_jpeg.rf.db63570da24a87aed6f1a22665649ea5.jpg,8113406B-73C3-4390-944F-7D84918738E9-0_21_56_jpeg.rf.db63570da24a87aed6f1a22665649ea5.jpg,9a210e81dd273b2c5ef20cd3e5472bf9f8098b30cc63acf2f67964f126bc2f1b
/home/l2e_ayd/cocoa_research/data/raw/roboflow_cocoa/train/images/8119A446-71A0-4B2C-89AE-232C6E8BCCC9-22_35_53_jpeg.rf.27e3d6f4a6c945423ef070daf492aad3.jpg,8119A446-71A0-4B2C-89AE-232C6E8BCCC9-22_35_53_jpeg.rf.27e3d6f4a6c945423ef070daf492aad3.jpg,46b0cbbfd9ad946c452593d717561f8a36dfe11e7d1b2c1ae0af789fe5142a67
/home/l2e_ayd/cocoa_research/data/raw/roboflow_cocoa/train/images/81A4F82F-565E-43DB-BF3D-709A4CD41F23-0_20_42_jpeg.rf.671b755e2599c401fa579be8a10575f7.jpg,81A4F82F-565E-43DB-BF3D-709A4CD41F23-0_20_42_jpeg.rf.671b755e2599c401fa579be8a10575f7.jpg,e955cb3162b7bbfdf055210e45e5157fb543daacce4c67794bd41089c05b242a
/home/l2e_ayd/cocoa_research/data/raw/roboflow_cocoa/train/images/81A94CD4-8EC7-4887-82E2-2AEC1A503830-22_54_30_jpeg.rf.81c9f18d192b8cc98fa436859573d697.jpg,81A94CD4-8EC7-4887-82E2-2AEC1A503830-22_54_30_jpeg.rf.81c9f18d192b8cc98fa436859573d697.jpg,8631003fe377d0197a055208ce570e1d307aaa2db8712211f0ddc11cb87a3b31
/home/l2e_ayd/cocoa_research/data/raw/roboflow_cocoa/train/images/81D389E8-F047-42E8-8A4D-D2641E37DB17-18_30_2_jpeg.rf.ea5fa8eb1b29a3b4d16fc57bc64e7e11.jpg,81D389E8-F047-42E8-8A4D-D2641E37DB17-18_30_2_jpeg.rf.ea5fa8eb1b29a3b4d16fc57bc64e7e11.jpg,80b8de6726e4d098743b0e68515851b1801c15eeb49794172519236f0bdbcd8b
/home/l2e_ayd/cocoa_research/data/raw/roboflow_cocoa/train/images/82002EDE-9EFB-4C43-AE83-E91C6FAF39F8-18_54_26_jpeg.rf.f8d2a1a47f677c913ec42694d6fa9a0a.jpg,82002EDE-9EFB-4C43-AE83-E91C6FAF39F8-18_54_26_jpeg.rf.f8d2a1a47f677c913ec42694d6fa9a0a.jpg,00077ed6fa16d33fcc973f83bcdf5ef43f846abb5760d546070bdebbdcb3ae6c
/home/l2e_ayd/cocoa_research/data/raw/roboflow_cocoa/train/images/8263BA8D-FF15-44CB-8F08-1D5DAAA46D66-21_58_44_jpeg.rf.ca0e8d8fa68e82a125203fe273eb0b7b.jpg,8263BA8D-FF15-44CB-8F08-1D5DAAA46D66-21_58_44_jpeg.rf.ca0e8d8fa68e82a125203fe273eb0b7b.jpg,5224b74e319fdfc874ec0661bdf711548a2382a40bab3532a377b6ef90f7d805
/home/l2e_ayd/cocoa_research/data/raw/roboflow_cocoa/train/images/82D3ABEE-3BE7-46F2-B5BD-7890196582E9-0_29_41_jpeg.rf.f5987e94bee1c1d16f5b40313971734d.jpg,82D3ABEE-3BE7-46F2-B5BD-7890196582E9-0_29_41_jpeg.rf.f5987e94bee1c1d16f5b40313971734d.jpg,d137ce60bb22eb9431dd3adc6ec356298d4effc071a8fdd487ad7641e3613405
/home/l2e_ayd/cocoa_research/data/raw/roboflow_cocoa/train/images/83A6E517-D0E5-442F-B42C-A9B2DADA5EDA-22_13_5_jpeg.rf.54d329b5b1642a69283e18c2bae265e6.jpg,83A6E517-D0E5-442F-B42C-A9B2DADA5EDA-22_13_5_jpeg.rf.54d329b5b1642a69283e18c2bae265e6.jpg,efc6a42013f910dcc71b3e899dabb07fa91eeed01786a14f2fd3d5c03059afef
/home/l2e_ayd/cocoa_research/data/raw/roboflow_cocoa/train/images/841E7253-6F9D-4EFF-AB1A-91A9B7B1EFB0-22_8_30_jpeg.rf.e44a197e0298297c7b8c0ec1d1280aad.jpg,841E7253-6F9D-4EFF-AB1A-91A9B7B1EFB0-22_8_30_jpeg.rf.e44a197e0298297c7b8c0ec1d1280aad.jpg,d80442fb34a8db654a2d56d3a438e7a2c51fd724701a25b768b8571c7c7648fa
/home/l2e_ayd/cocoa_research/data/raw/roboflow_cocoa/train/images/842CB398-3533-48DB-84E8-020702BB9C52-22_1_57_jpeg.rf.c9ce4523edbf0b6a5ccbd01095137969.jpg,842CB398-3533-48DB-84E8-020702BB9C52-22_1_57_jpeg.rf.c9ce4523edbf0b6a5ccbd01095137969.jpg,43f86c73cba76f0da494922b69afdc3cf21a62725ce8d4534ceaa6ce0b8b3bfa
/home/l2e_ayd/cocoa_research/data/raw/roboflow_cocoa/train/images/84ED7693-C17C-44F2-9FAA-5FB5FD8B72C3-0_59_4_jpeg.rf.9f415505dc3309be456333f459a7c30d.jpg,84ED7693-C17C-44F2-9FAA-5FB5FD8B72C3-0_59_4_jpeg.rf.9f415505dc3309be456333f459a7c30d.jpg,c73f8f0116a1fde7246952326f8d691e393d39a579648767593428b0fbc64be5
/home/l2e_ayd/cocoa_research/data/raw/roboflow_cocoa/train/images/856B4F9D-3E33-42AA-942B-D0F8178DBE1C-22_17_33_jpeg.rf.fff8c73ad318cc2a590f96aa34fd634b.jpg,856B4F9D-3E33-42AA-942B-D0F8178DBE1C-22_17_33_jpeg.rf.fff8c73ad318cc2a590f96aa34fd634b.jpg,d45a600eab0de9a18dc6cbef280d0d014656a437ec218882b0578987798e4987
/home/l2e_ayd/cocoa_research/data/raw/roboflow_cocoa/train/images/8592A426-D971-431D-975B-C3082752AF8B-11_50_40_jpeg.rf.bc70f0cac208b75feb1b6ce182ed841a.jpg,8592A426-D971-431D-975B-C3082752AF8B-11_50_40_jpeg.rf.bc70f0cac208b75feb1b6ce182ed841a.jpg,61429db33ade09fad6e3485d44983153c13a6fe8e4bd0b833d0248ee53fd745c
/home/l2e_ayd/cocoa_research/data/raw/roboflow_cocoa/train/images/85E60E94-A350-4B95-801B-44955C433A64-0_26_26_jpeg.rf.1f2237a34d9da7fdfa36f3d814b5948f.jpg,85E60E94-A350-4B95-801B-44955C433A64-0_26_26_jpeg.rf.1f2237a34d9da7fdfa36f3d814b5948f.jpg,d52a5c5311f2df4166d99da88332d906c73476d86cf6a645613b00a64b9fca36
/home/l2e_ayd/cocoa_research/data/raw/roboflow_cocoa/train/images/85EA596B-C93F-45C3-A139-FF9532E5B13F-22_14_2_jpeg.rf.a269431e34c3fefb6f312855ff2d5d89.jpg,85EA596B-C93F-45C3-A139-FF9532E5B13F-22_14_2_jpeg.rf.a269431e34c3fefb6f312855ff2d5d89.jpg,6804c9cd65bb31255e2f72873b77a0e4c797b0aeca20a2c598b649d302249401
/home/l2e_ayd/cocoa_research/data/raw/roboflow_cocoa/train/images/85ECAA0E-4E77-4E1F-88B9-A3C2C5DCCF8E-20_22_22_jpeg.rf.07986f72001458ab76525771956c43e0.jpg,85ECAA0E-4E77-4E1F-88B9-A3C2C5DCCF8E-20_22_22_jpeg.rf.07986f72001458ab76525771956c43e0.jpg,742c1a1cd17e0e19f2826ba695eb62d8e8d6d0ab6997b409cc1f85d001fa80fa
/home/l2e_ayd/cocoa_research/data/raw/roboflow_cocoa/train/images/8625A662-3298-4D62-B8F7-538A39B2D84B-19_59_15_jpeg.rf.96ea8eded5af2bb87c6196160e02be81.jpg,8625A662-3298-4D62-B8F7-538A39B2D84B-19_59_15_jpeg.rf.96ea8eded5af2bb87c6196160e02be81.jpg,6fa213180c45af8eff377c79c597d6eb804cba5ea4c9b597c6922e3529a90695
/home/l2e_ayd/cocoa_research/data/raw/roboflow_cocoa/train/images/86974464-80F4-4BE5-B0E2-B67069F8250A-22_33_44_jpeg.rf.da5f6e5419041587545adc4e124933b7.jpg,86974464-80F4-4BE5-B0E2-B67069F8250A-22_33_44_jpeg.rf.da5f6e5419041587545adc4e124933b7.jpg,647cf789bff27c07bb3283780397afc87929e983e9ca413a350bc837e4122702
/home/l2e_ayd/cocoa_research/data/raw/roboflow_cocoa/train/images/86BB0354-18E6-4CE9-B846-A0E7F58006AD-20_57_40_jpeg.rf.c32b48a43dd89cc105ca09b7af17b678.jpg,86BB0354-18E6-4CE9-B846-A0E7F58006AD-20_57_40_jpeg.rf.c32b48a43dd89cc105ca09b7af17b678.jpg,b89cb447f479b657ae4e15990f3e4d8c616d715a834f1e8cd562c6230a308e71
/home/l2e_ayd/cocoa_research/data/raw/roboflow_cocoa/train/images/86E80EE8-95C2-47B1-9574-581A941BFAD5-0_9_18_jpeg.rf.d73c38e0dded9d99375d2586f42a1e2e.jpg,86E80EE8-95C2-47B1-9574-581A941BFAD5-0_9_18_jpeg.rf.d73c38e0dded9d99375d2586f42a1e2e.jpg,08118c14f36ad28a3f469f8f51da17e47ecc3fadf40fd09bd12d57ec56391bf2
/home/l2e_ayd/cocoa_research/data/raw/roboflow_cocoa/train/images/870DEC42-B7C4-4CC8-937E-C0DDFD0C4E19-23_39_18_jpeg.rf.cf484c76b40f23301e876fc91e0e77da.jpg,870DEC42-B7C4-4CC8-937E-C0DDFD0C4E19-23_39_18_jpeg.rf.cf484c76b40f23301e876fc91e0e77da.jpg,c8af80fe3acdc062da26843cc9b7f2e31a22ee54d058716f6ea68159dee2d7db
/home/l2e_ayd/cocoa_research/data/raw/roboflow_cocoa/train/images/87277A70-6F73-4B91-A198-14365BF3206B-1_30_42_jpeg.rf.74aaf7135415780b668fa4e92d307b77.jpg,87277A70-6F73-4B91-A198-14365BF3206B-1_30_42_jpeg.rf.74aaf7135415780b668fa4e92d307b77.jpg,1bfc029573ba8eefb749574df84184d257817a5a1de1915c171fbbbe84bd7e3a
/home/l2e_ayd/cocoa_research/data/raw/roboflow_cocoa/train/images/876783DF-4926-4278-AD51-ABF1764C29AA-21_58_47_jpeg.rf.81e2b3a3f749aa95b96da2ec900ec234.jpg,876783DF-4926-4278-AD51-ABF1764C29AA-21_58_47_jpeg.rf.81e2b3a3f749aa95b96da2ec900ec234.jpg,73d3c63901292db1233747752fb105bbadeb08ec02bc485ceb1dd0f4a3085f6b
/home/l2e_ayd/cocoa_research/data/raw/roboflow_cocoa/train/images/87681DED-93CB-426E-BFD6-07FFC86D57E8-23_3_26_jpeg.rf.257546e631db745e7c7a5981dc746ad3.jpg,87681DED-93CB-426E-BFD6-07FFC86D57E8-23_3_26_jpeg.rf.257546e631db745e7c7a5981dc746ad3.jpg,c2c307deef0bdf22ea9644f7ab5855955d78935d75f1de5e4df304471b5ac2af
/home/l2e_ayd/cocoa_research/data/raw/roboflow_cocoa/train/images/8771DBFB-24DC-4E1C-B263-FF163BF8A468-22_20_39_jpeg.rf.dd82dc75671e9d10bc4407c7fcd0bbee.jpg,8771DBFB-24DC-4E1C-B263-FF163BF8A468-22_20_39_jpeg.rf.dd82dc75671e9d10bc4407c7fcd0bbee.jpg,ce6e25c367a1bb1e2e124039096768064c612aed11a1ef202649711d247e46e2
/home/l2e_ayd/cocoa_research/data/raw/roboflow_cocoa/train/images/8775F560-B27C-4C90-850E-1160FD924D5F-0_29_3-1-_jpeg.rf.0049b16caf2664a2763bceabf46db91a.jpg,8775F560-B27C-4C90-850E-1160FD924D5F-0_29_3-1-_jpeg.rf.0049b16caf2664a2763bceabf46db91a.jpg,f42aeb34a0185719949d447fa096bb588d64994f96bf620133d09a516deced1a
/home/l2e_ayd/cocoa_research/data/raw/roboflow_cocoa/train/images/8795C3C5-5A8E-4342-9A1E-B92A7DB95CF6-1_32_10_jpeg.rf.bbf7af12a68b72556d3774b33dfea260.jpg,8795C3C5-5A8E-4342-9A1E-B92A7DB95CF6-1_32_10_jpeg.rf.bbf7af12a68b72556d3774b33dfea260.jpg,84052fdc50ca47786d06cb256885ed65778399b3edc028c8b524404b4e3656a6
/home/l2e_ayd/cocoa_research/data/raw/roboflow_cocoa/train/images/87B678C4-7196-4EB7-A008-B501B643D80C-23_10_53_jpeg.rf.1427720202e9dec9ff18cbab5587280d.jpg,87B678C4-7196-4EB7-A008-B501B643D80C-23_10_53_jpeg.rf.1427720202e9dec9ff18cbab5587280d.jpg,ac1ab9baf225eb1a67f3de8c484c9eb770cc99217ba764cb7625cf9ded1497b9
/home/l2e_ayd/cocoa_research/data/raw/roboflow_cocoa/train/images/87CC8536-D05D-4AA6-9AF9-E3D7F2D28AD7-0_28_37-1-_jpeg.rf.37b1f7acf4e399f78dd993a74b906760.jpg,87CC8536-D05D-4AA6-9AF9-E3D7F2D28AD7-0_28_37-1-_jpeg.rf.37b1f7acf4e399f78dd993a74b906760.jpg,1847b48c00cdb9ab7bf350968f39da927dbb40f54bc22f86d20b389161f60440
/home/l2e_ayd/cocoa_research/data/raw/roboflow_cocoa/train/images/87DFC774-591C-4B07-B2BD-B8AC97523030-1_27_50_jpeg.rf.db40cd1fc744118c3dd231a3dc3bb8b0.jpg,87DFC774-591C-4B07-B2BD-B8AC97523030-1_27_50_jpeg.rf.db40cd1fc744118c3dd231a3dc3bb8b0.jpg,8cd0bcd374500fc895808ca4c66a8e72ebc2262b671206d598124c6bc7550234
/home/l2e_ayd/cocoa_research/data/raw/roboflow_cocoa/train/images/87F3A674-A437-4BD8-BAC2-D4FCD75BEB5A-19_36_55_jpeg.rf.808c240d8a32563e63acb4b3ee0da121.jpg,87F3A674-A437-4BD8-BAC2-D4FCD75BEB5A-19_36_55_jpeg.rf.808c240d8a32563e63acb4b3ee0da121.jpg,1f6d2572ea3bcc13c110241a24600b93058cca8533d7abf385de7425e402c444
/home/l2e_ayd/cocoa_research/data/raw/roboflow_cocoa/train/images/8805A96B-3ACC-4868-AD17-4B8A693AA270-23_13_49_jpeg.rf.c513ba7f18c2971d2b66e29603c295f7.jpg,8805A96B-3ACC-4868-AD17-4B8A693AA270-23_13_49_jpeg.rf.c513ba7f18c2971d2b66e29603c295f7.jpg,8e4dd33428c4d5dfff2c3aa849c454a9a4f4f94e2de12dcf331d14164b814a29
/home/l2e_ayd/cocoa_research/data/raw/roboflow_cocoa/train/images/882F4DE6-BED8-47EC-B478-8385C821D6E6-0_48_54_jpeg.rf.0f3ce9fce3f8f39c945750fda0aa1bd7.jpg,882F4DE6-BED8-47EC-B478-8385C821D6E6-0_48_54_jpeg.rf.0f3ce9fce3f8f39c945750fda0aa1bd7.jpg,28ab746d737d8c55d5b9e0789d559eb69b140c6feea4d78bd14cb37f1f7febbe
/home/l2e_ayd/cocoa_research/data/raw/roboflow_cocoa/train/images/887883F7-9DFA-4775-9893-750D6F6691B1-23_5_43_jpeg.rf.55ab0e9694775dd6228e5779200be421.jpg,887883F7-9DFA-4775-9893-750D6F6691B1-23_5_43_jpeg.rf.55ab0e9694775dd6228e5779200be421.jpg,71dfbde8963b4a76666166862e0a67b5c669a2468267e70816e4d981f58bb9b7
/home/l2e_ayd/cocoa_research/data/raw/roboflow_cocoa/train/images/88B417A7-0367-4C28-9FBF-967A9BAEDB9C-21_57_13_jpeg.rf.c36a2a7d0304a279882ce28723dea580.jpg,88B417A7-0367-4C28-9FBF-967A9BAEDB9C-21_57_13_jpeg.rf.c36a2a7d0304a279882ce28723dea580.jpg,a20e6528fc89a2f72eef1c02254b3a1ce285611e2a313ec071be5eea2cd11ecc
/home/l2e_ayd/cocoa_research/data/raw/roboflow_cocoa/train/images/88F2C118-953E-42FC-B5A4-70622DB97B3F-1_4_17_jpeg.rf.ab6386a5f9747cddab3e4a12210197bd.jpg,88F2C118-953E-42FC-B5A4-70622DB97B3F-1_4_17_jpeg.rf.ab6386a5f9747cddab3e4a12210197bd.jpg,641c3f5241d54af0e09970c2274c667dbbdcb8ce697d12df2058dcf39eba6407
/home/l2e_ayd/cocoa_research/data/raw/roboflow_cocoa/train/images/891DEE5B-60FC-4678-9302-D7CEF8A67F78-21_2_44_jpeg.rf.94347516c4a381f4350a412761a8444d.jpg,891DEE5B-60FC-4678-9302-D7CEF8A67F78-21_2_44_jpeg.rf.94347516c4a381f4350a412761a8444d.jpg,46eb2dba3f89f0b3b54ab688073e4b5990fcbf6912f2300412418a349641586f
/home/l2e_ayd/cocoa_research/data/raw/roboflow_cocoa/train/images/8944C6F7-4775-4F98-BD5C-06DB7A9CA618-22_56_20_jpeg.rf.79b4d4fae3915bcf775e3507d09e99fb.jpg,8944C6F7-4775-4F98-BD5C-06DB7A9CA618-22_56_20_jpeg.rf.79b4d4fae3915bcf775e3507d09e99fb.jpg,3ed648027da447f7727fb5cd2f8969c59af1e07224316d0a1d85bfcb74428d3d
/home/l2e_ayd/cocoa_research/data/raw/roboflow_cocoa/train/images/8963DBB1-DF5A-4DAA-9F14-7D90E921614E-19_21_42_jpeg.rf.94caf6f68142fb044d2457abf3f6e27d.jpg,8963DBB1-DF5A-4DAA-9F14-7D90E921614E-19_21_42_jpeg.rf.94caf6f68142fb044d2457abf3f6e27d.jpg,acb7ea9f31f5b2e44c9e515aa9a5f16ddd63e9537122de540c2668269384e800
/home/l2e_ayd/cocoa_research/data/raw/roboflow_cocoa/train/images/89FFD3DB-3BDB-4E14-9B8F-3EE5F17007F3-0_59_48_jpeg.rf.22617e32fb78aa587e4d3bcadee54b8a.jpg,89FFD3DB-3BDB-4E14-9B8F-3EE5F17007F3-0_59_48_jpeg.rf.22617e32fb78aa587e4d3bcadee54b8a.jpg,81a5119c7c345a9dea1cccff408f205b1f3a7ab4fd2e6b4b5f8fc09a87c28ba8
/home/l2e_ayd/cocoa_research/data/raw/roboflow_cocoa/train/images/8A439E56-2D0E-414C-9069-51D9B557A4A7-23_42_37_jpeg.rf.6198c1aa8a84c348d5f70ab2f01a99d2.jpg,8A439E56-2D0E-414C-9069-51D9B557A4A7-23_42_37_jpeg.rf.6198c1aa8a84c348d5f70ab2f01a99d2.jpg,55f842943fe8bb04aca45f0e0c51bb111ab8570e025c2ec9a33f4c240adee736
/home/l2e_ayd/cocoa_research/data/raw/roboflow_cocoa/train/images/8A9F249C-6B5C-4202-B58B-361F774EA25E-1_29_45_jpeg.rf.6b13e15978a097a55919327807a170f5.jpg,8A9F249C-6B5C-4202-B58B-361F774EA25E-1_29_45_jpeg.rf.6b13e15978a097a55919327807a170f5.jpg,8bfdf02d6e52313d0140d28c6fd29b99f3901f1c4e53d03c82273e9fe4f310c9
/home/l2e_ayd/cocoa_research/data/raw/roboflow_cocoa/train/images/8AC85263-9ED8-453F-BE68-B0294397A445-18_29_54_jpeg.rf.ca729589830977c0af61bea692ea7a57.jpg,8AC85263-9ED8-453F-BE68-B0294397A445-18_29_54_jpeg.rf.ca729589830977c0af61bea692ea7a57.jpg,e6c0a20c3bf76983d4c0886a945aaebb6045a448ef37ea22dc9c628fc498c783
/home/l2e_ayd/cocoa_research/data/raw/roboflow_cocoa/train/images/8B28D015-912C-4721-B1DD-3A7CE71C6392-22_37_11_jpeg.rf.8d2a7241bf7b21d2b43b6a9168807eb3.jpg,8B28D015-912C-4721-B1DD-3A7CE71C6392-22_37_11_jpeg.rf.8d2a7241bf7b21d2b43b6a9168807eb3.jpg,3c06a7e57a1f81b3401ab01800d2902fa5549286c379ce88c1824af0b64689f5
/home/l2e_ayd/cocoa_research/data/raw/roboflow_cocoa/train/images/8B2BFF7C-1576-4445-BFEF-0354E649B2BA-0_23_42_jpeg.rf.fb90dc1af24494e957aa202cf0a0874e.jpg,8B2BFF7C-1576-4445-BFEF-0354E649B2BA-0_23_42_jpeg.rf.fb90dc1af24494e957aa202cf0a0874e.jpg,5399e6954958f022da9dd6688a8a37a7eb3e0fbb4ab40f073035ecf98a0920f2
/home/l2e_ayd/cocoa_research/data/raw/roboflow_cocoa/train/images/8B2C95E8-158D-425E-A246-502BC69FEB15-22_58_5_jpeg.rf.c3f93bb6ed1d5150fe0dcc2e7829ad7b.jpg,8B2C95E8-158D-425E-A246-502BC69FEB15-22_58_5_jpeg.rf.c3f93bb6ed1d5150fe0dcc2e7829ad7b.jpg,3be76e27cccb92915e43c01a8a0eedccd85f2ebe57c2bba3dc628e224884352f
/home/l2e_ayd/cocoa_research/data/raw/roboflow_cocoa/train/images/8B391174-828E-4394-B8C1-1823C46DCE12-0_4_24_jpeg.rf.a326b7603d45f36434de6c42ec376646.jpg,8B391174-828E-4394-B8C1-1823C46DCE12-0_4_24_jpeg.rf.a326b7603d45f36434de6c42ec376646.jpg,2c0823decbd40dadddae15811420e91c1058649437b8f98b8b3dffd1c51c8099
/home/l2e_ayd/cocoa_research/data/raw/roboflow_cocoa/train/images/8B864423-7DD2-4AA8-BE5C-109201DBE1EE-23_47_19_jpeg.rf.398706be3fb57d7e590b2f0ead8b7f6e.jpg,8B864423-7DD2-4AA8-BE5C-109201DBE1EE-23_47_19_jpeg.rf.398706be3fb57d7e590b2f0ead8b7f6e.jpg,6c034c006832f1fe25ffd277f6dfd21e3bc191f5d77e86469f55d86d6787c181
/home/l2e_ayd/cocoa_research/data/raw/roboflow_cocoa/train/images/8BA51CC7-5B2E-49A5-BFD5-9F5FFE01C445-0_31_33_jpeg.rf.6ec087af5524b82126380bca70aaf77f.jpg,8BA51CC7-5B2E-49A5-BFD5-9F5FFE01C445-0_31_33_jpeg.rf.6ec087af5524b82126380bca70aaf77f.jpg,1419cfdb649cb8e29b402ac89ef1c631a8c7021b8cbf20c6d8aef48bf840a10f
/home/l2e_ayd/cocoa_research/data/raw/roboflow_cocoa/train/images/8BDBDCC7-77BC-4E45-A8AC-386ED8AC3AAB-0_33_6_jpeg.rf.e9a3dc86d8b27a19ffad456be21f50a3.jpg,8BDBDCC7-77BC-4E45-A8AC-386ED8AC3AAB-0_33_6_jpeg.rf.e9a3dc86d8b27a19ffad456be21f50a3.jpg,aafe297173531dca6a49bcc9dccc418a662ebcceb4960a44eacf28cc6a2e2273
/home/l2e_ayd/cocoa_research/data/raw/roboflow_cocoa/train/images/8BFCD48D-7D01-4CEF-B525-2639EBB011D9-23_37_36_jpeg.rf.bbb667195960cbc334182d5fcc098d2b.jpg,8BFCD48D-7D01-4CEF-B525-2639EBB011D9-23_37_36_jpeg.rf.bbb667195960cbc334182d5fcc098d2b.jpg,760700f09211411c3b6c61de57657e5ae9e87c25413309f309e5903b67caa92b
/home/l2e_ayd/cocoa_research/data/raw/roboflow_cocoa/train/images/8C00EED2-5F1D-40A0-9C19-19118BDAAE05-19_20_4_jpeg.rf.20ec707392cd3e05f12a3597153ad390.jpg,8C00EED2-5F1D-40A0-9C19-19118BDAAE05-19_20_4_jpeg.rf.20ec707392cd3e05f12a3597153ad390.jpg,ba18db804bb48487d7c6e7efaec1bb2ad5fa2282bb595f717b0fe55835338103
/home/l2e_ayd/cocoa_research/data/raw/roboflow_cocoa/train/images/8C19F8C4-3F00-41CE-9DA6-B30FFF8325B9-0_9_51_jpeg.rf.38d29eb1c424043c8f54276a797121ab.jpg,8C19F8C4-3F00-41CE-9DA6-B30FFF8325B9-0_9_51_jpeg.rf.38d29eb1c424043c8f54276a797121ab.jpg,bf7ff8c497c0e283bc9fffae3918d3dadf12590dc17376a8509b39e8dcf1633c
/home/l2e_ayd/cocoa_research/data/raw/roboflow_cocoa/train/images/8C1E43E4-4329-4EC8-80E0-342B995D0A2E-22_7_44_jpeg.rf.dc5627e0fcdbdfc8a01cfca6f8a47109.jpg,8C1E43E4-4329-4EC8-80E0-342B995D0A2E-22_7_44_jpeg.rf.dc5627e0fcdbdfc8a01cfca6f8a47109.jpg,64a52fa0a127c77f5a1fcba6032b2288ef74be9ac7f4e2b367213e58d5b19bd5
/home/l2e_ayd/cocoa_research/data/raw/roboflow_cocoa/train/images/8C395C33-59B5-419A-BE8F-D7E3369715D1-22_6_9_jpeg.rf.56dba8841e4f2b5ea5f5477a8fba9add.jpg,8C395C33-59B5-419A-BE8F-D7E3369715D1-22_6_9_jpeg.rf.56dba8841e4f2b5ea5f5477a8fba9add.jpg,f22502372beb0475b1e42c0591d08630601913ff8132a3b9d54607259bddc9e8
/home/l2e_ayd/cocoa_research/data/raw/roboflow_cocoa/train/images/8C546B4F-DA07-4342-9A19-EB31346139F9-23_3_16_jpeg.rf.65e1dab753826a794046f88230733081.jpg,8C546B4F-DA07-4342-9A19-EB31346139F9-23_3_16_jpeg.rf.65e1dab753826a794046f88230733081.jpg,9807d7f580200f14381d763a64f3f8615ae507c7b18172af093a9febb028c783
/home/l2e_ayd/cocoa_research/data/raw/roboflow_cocoa/train/images/8D0A887E-8E23-497E-8510-D3C1A17C2AE9-23_18_12_jpeg.rf.100588b23a77f2d13ce6f49d4e67b32e.jpg,8D0A887E-8E23-497E-8510-D3C1A17C2AE9-23_18_12_jpeg.rf.100588b23a77f2d13ce6f49d4e67b32e.jpg,fa2b68e6a54890f751a3f8429e2ab509091e93ce8e5dba8414479ed0c9e695cc
/home/l2e_ayd/cocoa_research/data/raw/roboflow_cocoa/train/images/8D85F812-6AAE-4620-BE84-F1322DB05CCA-0_16_22-1-_jpeg.rf.d63b7225d0f5108bf560a38425d89c18.jpg,8D85F812-6AAE-4620-BE84-F1322DB05CCA-0_16_22-1-_jpeg.rf.d63b7225d0f5108bf560a38425d89c18.jpg,4be747bb0d14054e0c8f2d4a67d42a0c0c1f1a2cb257b3b580798d2d30ba1395
/home/l2e_ayd/cocoa_research/data/raw/roboflow_cocoa/train/images/8D94F50D-39B8-450E-A8DC-20A192DFC1FA-22_35_29_jpeg.rf.377003dac0d8c0ff87434bd1cb34d468.jpg,8D94F50D-39B8-450E-A8DC-20A192DFC1FA-22_35_29_jpeg.rf.377003dac0d8c0ff87434bd1cb34d468.jpg,8e861504dba06b367f6a25dd863c8499fe32e833b331ffc9bec99cebfccb6990
/home/l2e_ayd/cocoa_research/data/raw/roboflow_cocoa/train/images/8DC6A625-FE53-4AE3-BF76-D6F9BA8F31B4-23_25_24_jpeg.rf.096fecaa75e03f828e546a1f7c531f07.jpg,8DC6A625-FE53-4AE3-BF76-D6F9BA8F31B4-23_25_24_jpeg.rf.096fecaa75e03f828e546a1f7c531f07.jpg,b14549a8dfb9004a0e158122fc6d84f7894dd29cc0f6fd667623a60e095a8064
/home/l2e_ayd/cocoa_research/data/raw/roboflow_cocoa/train/images/8E045933-D8EE-4006-A100-3C4997666B9B-12_35_56_jpeg.rf.a82a59a9de017a3554df3cb2724259a6.jpg,8E045933-D8EE-4006-A100-3C4997666B9B-12_35_56_jpeg.rf.a82a59a9de017a3554df3cb2724259a6.jpg,393b66ef613b49af267bf2670c338e9ebce98b1da34f07524570ba1c3b9119b6
/home/l2e_ayd/cocoa_research/data/raw/roboflow_cocoa/train/images/8EF7F565-628B-420C-AEF8-614C4465DDC0-0_48_37_jpeg.rf.835f7468bced06831bb2cbe56e593197.jpg,8EF7F565-628B-420C-AEF8-614C4465DDC0-0_48_37_jpeg.rf.835f7468bced06831bb2cbe56e593197.jpg,e830c70ebb900b66207e9b59dedb77e7e4d0ebe01a81aa5b4e1b5362b54eeb25
/home/l2e_ayd/cocoa_research/data/raw/roboflow_cocoa/train/images/8EFEB781-5F61-4FD2-AEF8-54C4E427018B-19_52_49_jpeg.rf.1beaaeb15e42f2cfbb3cbebdf62b9652.jpg,8EFEB781-5F61-4FD2-AEF8-54C4E427018B-19_52_49_jpeg.rf.1beaaeb15e42f2cfbb3cbebdf62b9652.jpg,48968721933b58eaaf1228946d88ef5738cc24fa5a2d83bd951767227c6a06f9
/home/l2e_ayd/cocoa_research/data/raw/roboflow_cocoa/train/images/8F4B3ECA-74B6-412E-AA8E-51189BF25BE9-12_5_23_jpeg.rf.0cfd6c0aafa5344505a64c7866a89270.jpg,8F4B3ECA-74B6-412E-AA8E-51189BF25BE9-12_5_23_jpeg.rf.0cfd6c0aafa5344505a64c7866a89270.jpg,2961f21c32c2d1d7ee8b58e6470b56f550937afa42266cfd8ac88c0109aef31e
/home/l2e_ayd/cocoa_research/data/raw/roboflow_cocoa/train/images/8F7E1F2A-3409-4C77-8FCF-34D3BA144F05-23_34_28_jpeg.rf.bdf460294dd5361900e867c8dd7352df.jpg,8F7E1F2A-3409-4C77-8FCF-34D3BA144F05-23_34_28_jpeg.rf.bdf460294dd5361900e867c8dd7352df.jpg,a252273583abc913232574a31c8b83bcf9c3087c4089af4b302eb81262e3fd79
/home/l2e_ayd/cocoa_research/data/raw/roboflow_cocoa/train/images/8FB176DA-5A7B-4292-A145-15CC3EF1391E-22_54_20_jpeg.rf.289199d73f3c22dd94f335e5fd9a5812.jpg,8FB176DA-5A7B-4292-A145-15CC3EF1391E-22_54_20_jpeg.rf.289199d73f3c22dd94f335e5fd9a5812.jpg,244e7bdf482dc44b471da56ecab38f329a6ecb2b0c8c698fe5d3df33eefcd9a8
/home/l2e_ayd/cocoa_research/data/raw/roboflow_cocoa/train/images/8FB42F5C-DE37-4425-8947-D620A95D6E19-19_8_39_jpeg.rf.ce667e3cc4ee77bad6eb451551c4b94b.jpg,8FB42F5C-DE37-4425-8947-D620A95D6E19-19_8_39_jpeg.rf.ce667e3cc4ee77bad6eb451551c4b94b.jpg,382df07aa41c247b9e5a11fa971dba9a717f16cb9555dba0bad3fc10371683ca
/home/l2e_ayd/cocoa_research/data/raw/roboflow_cocoa/train/images/8FFD31FB-2455-49B6-9F88-1EEC81463FB3-0_36_56_jpeg.rf.40ad902cb8e6e2af1abd9123f85d31dd.jpg,8FFD31FB-2455-49B6-9F88-1EEC81463FB3-0_36_56_jpeg.rf.40ad902cb8e6e2af1abd9123f85d31dd.jpg,b933d3563bb96ec9f852d236d4b792d91d2036c74e29df47c2e31ce107dd4da8
/home/l2e_ayd/cocoa_research/data/raw/roboflow_cocoa/train/images/9027BC2F-6360-4D09-9E64-34E500314D11-23_57_23_jpeg.rf.2dd51f7317fccb76ebb5e698872504bf.jpg,9027BC2F-6360-4D09-9E64-34E500314D11-23_57_23_jpeg.rf.2dd51f7317fccb76ebb5e698872504bf.jpg,e17fb6c4058875f7380a95a52ad511513c8813ae089f73c20a85a5b1efeb962a
/home/l2e_ayd/cocoa_research/data/raw/roboflow_cocoa/train/images/9034FA21-F1F9-42C9-A0A3-EC5CDE7C5EAB-23_1_59_jpeg.rf.dcd9d41f5ae0197701cb5472b1a04a23.jpg,9034FA21-F1F9-42C9-A0A3-EC5CDE7C5EAB-23_1_59_jpeg.rf.dcd9d41f5ae0197701cb5472b1a04a23.jpg,5d0e02a7b3f029ac581d52bd301c4449b9e6da01582272dd44f2bde77e71c59e
/home/l2e_ayd/cocoa_research/data/raw/roboflow_cocoa/train/images/905BDF16-4858-483E-8A39-FD0C99488BBC-1_0_47_jpeg.rf.bc7cd754d714b6f59217b4b738edda28.jpg,905BDF16-4858-483E-8A39-FD0C99488BBC-1_0_47_jpeg.rf.bc7cd754d714b6f59217b4b738edda28.jpg,b87910ceff0f787f9255455499bd599afae2ac4f800ef247d436c987362366a7
/home/l2e_ayd/cocoa_research/data/raw/roboflow_cocoa/train/images/907EF51F-DAF9-4999-80B3-B251F7D59661-0_7_2-1-_jpeg.rf.c42f2ef3119745aabd543dbe86131b59.jpg,907EF51F-DAF9-4999-80B3-B251F7D59661-0_7_2-1-_jpeg.rf.c42f2ef3119745aabd543dbe86131b59.jpg,b5caf09523c2a8cce00c4a39f3820f3f14a4112c16233da3c67ace8781f24ed3
/home/l2e_ayd/cocoa_research/data/raw/roboflow_cocoa/train/images/9097AD96-95A6-4753-B221-8466B555EB42-19_33_8_jpeg.rf.9db711bd07f217989fc0d71344701af5.jpg,9097AD96-95A6-4753-B221-8466B555EB42-19_33_8_jpeg.rf.9db711bd07f217989fc0d71344701af5.jpg,1761d078d00e3627dbd851c7095e466309e51e42c38252d0c55a6c9ccd44f68a
/home/l2e_ayd/cocoa_research/data/raw/roboflow_cocoa/train/images/90C17DBD-411F-4895-89AD-E77245AD4693-1_21_50_jpeg.rf.c3dcbb38fea5a4f56825b51b730dc531.jpg,90C17DBD-411F-4895-89AD-E77245AD4693-1_21_50_jpeg.rf.c3dcbb38fea5a4f56825b51b730dc531.jpg,400c2957dbe8f02f227e56b78d11e32e79f1dd5a648b74082dac001d7176670a
/home/l2e_ayd/cocoa_research/data/raw/roboflow_cocoa/train/images/910C2EF4-0E56-459C-9421-B8FB2B0C0D0B-23_48_3_jpeg.rf.be3b77e0dd4b6b5c3326523d8f2bca9c.jpg,910C2EF4-0E56-459C-9421-B8FB2B0C0D0B-23_48_3_jpeg.rf.be3b77e0dd4b6b5c3326523d8f2bca9c.jpg,58d52b796596573ec8187a777b7c4cbd568db70efd8609f01ce5d8ab21e5390f
/home/l2e_ayd/cocoa_research/data/raw/roboflow_cocoa/train/images/919E4BF8-7684-465D-8A73-3FA0F4FBD3B7-22_7_10_jpeg.rf.0178b8b517d56e51a66bda72bdcbf264.jpg,919E4BF8-7684-465D-8A73-3FA0F4FBD3B7-22_7_10_jpeg.rf.0178b8b517d56e51a66bda72bdcbf264.jpg,367a7bfb85268f0b288bd885109c08d371f2909c25cd2b6b94204d385864d1f8
/home/l2e_ayd/cocoa_research/data/raw/roboflow_cocoa/train/images/919F0F88-00DC-4E3C-9135-925A3BF17C69-22_3_30_jpeg.rf.4ab592d138c8b895c1250ebc1b3fee16.jpg,919F0F88-00DC-4E3C-9135-925A3BF17C69-22_3_30_jpeg.rf.4ab592d138c8b895c1250ebc1b3fee16.jpg,ec358aff1ca646fcb7c859e34b80da40325adc9a18f882d488a3452e1decc498
/home/l2e_ayd/cocoa_research/data/raw/roboflow_cocoa/train/images/91A5D67B-2FF2-42FF-A43E-2ABC34493CAB-23_2_26_jpeg.rf.435bcbc79f7ecf82485b45e4ac8d059d.jpg,91A5D67B-2FF2-42FF-A43E-2ABC34493CAB-23_2_26_jpeg.rf.435bcbc79f7ecf82485b45e4ac8d059d.jpg,7f185114f9163895a24372c5febc376973e683cf953c0771723f8f2b3abc772a
/home/l2e_ayd/cocoa_research/data/raw/roboflow_cocoa/train/images/91D586CB-1401-4DCE-B295-DCD8013ADDCF-0_15_38-1-_jpeg.rf.b03e602abc606f1715ca133b2eba3f11.jpg,91D586CB-1401-4DCE-B295-DCD8013ADDCF-0_15_38-1-_jpeg.rf.b03e602abc606f1715ca133b2eba3f11.jpg,3c2e028c100396c0aeed3626de99ff420d20a1b1ad8369ecebae957835b7b9a6
/home/l2e_ayd/cocoa_research/data/raw/roboflow_cocoa/train/images/91FD0F50-1F74-4401-AA5C-83072F79A7D3-23_31_32_jpeg.rf.b654d616bf184bcfc3034a180c148455.jpg,91FD0F50-1F74-4401-AA5C-83072F79A7D3-23_31_32_jpeg.rf.b654d616bf184bcfc3034a180c148455.jpg,ee157b90fe00fa7e807f4eea8fe39e241d76bfbe5eea59698fcd56e775002ded
/home/l2e_ayd/cocoa_research/data/raw/roboflow_cocoa/train/images/9250F0C0-FE44-4ACC-9017-EDD997E72CE7-23_38_8_jpeg.rf.44f7cf4932f367d7f769c4b8452c69a7.jpg,9250F0C0-FE44-4ACC-9017-EDD997E72CE7-23_38_8_jpeg.rf.44f7cf4932f367d7f769c4b8452c69a7.jpg,db152df006153b744d66000cb9ff34681e2e2a4f4e23025a5fa35b59d2a27bd8
/home/l2e_ayd/cocoa_research/data/raw/roboflow_cocoa/train/images/92811FCA-BBEC-4F30-BA3E-54A1067ADDD5-22_23_37_jpeg.rf.f5fc4ae973d43b92bbf12288090e0ad1.jpg,92811FCA-BBEC-4F30-BA3E-54A1067ADDD5-22_23_37_jpeg.rf.f5fc4ae973d43b92bbf12288090e0ad1.jpg,d174e8ec2b79cbae516a8deca37788cb6b26e4f727bcc99aab50a5d8a0ac8d0c
/home/l2e_ayd/cocoa_research/data/raw/roboflow_cocoa/train/images/92B84E3A-5A11-4E36-93FD-B974F8DA9826-1_36_37_jpeg.rf.dff071c3f4cb9c189cc04f33fd80af02.jpg,92B84E3A-5A11-4E36-93FD-B974F8DA9826-1_36_37_jpeg.rf.dff071c3f4cb9c189cc04f33fd80af02.jpg,a518c4c6583e7a275b56e066d729bf85684fa17ab608b78a32b718d56ca0ddee
/home/l2e_ayd/cocoa_research/data/raw/roboflow_cocoa/train/images/92F42BE1-77DC-4325-8F8D-3CC4K5ECC4598-23_17_55_jpeg.rf.b3268e3cda3d2ed1c7f0ac71d9b153b8.jpg,92F42BE1-77DC-4325-8F8D-3CC4K5ECC4598-23_17_55_jpeg.rf.b3268e3cda3d2ed1c7f0ac71d9b153b8.jpg,5d95a63ea2f100e7cbbce884049df4d3d333deb4fc20304ea2b610e7ea6e1430
/home/l2e_ayd/cocoa_research/data/raw/roboflow_cocoa/train/images/93576938-9A42-41C4-BA52-5CC1DBB8C096-0_16_49_jpeg.rf.12b4307956bcbdff4b26dc802bc5a247.jpg,93576938-9A42-41C4-BA52-5CC1DBB8C096-0_16_49_jpeg.rf.12b4307956bcbdff4b26dc802bc5a247.jpg,55d30ae2f8f09b24b1313862064e6ed5718123265f43d54902a22ad2da4f9509
/home/l2e_ayd/cocoa_research/data/raw/roboflow_cocoa/train/images/937B750F-EAB7-4426-84D9-10416F41FCB1-22_20_46_jpeg.rf.2cffd6ca483ae05384da9b9f36f8da65.jpg,937B750F-EAB7-4426-84D9-10416F41FCB1-22_20_46_jpeg.rf.2cffd6ca483ae05384da9b9f36f8da65.jpg,c34e6b3d12131c1f5b7af40a216dc151ca130da98fca27dcc1ef1ab25643fde1
/home/l2e_ayd/cocoa_research/data/raw/roboflow_cocoa/train/images/93FDCC92-1015-4541-A4B6-7A0DFE4B4575-0_6_11_jpeg.rf.0295139c8aebc9e64c51dd987b0525b2.jpg,93FDCC92-1015-4541-A4B6-7A0DFE4B4575-0_6_11_jpeg.rf.0295139c8aebc9e64c51dd987b0525b2.jpg,a852731a7ba5c5df3d93212f053a6218a86b0902ad2e3bb265e3eed7d0c3c4c1
/home/l2e_ayd/cocoa_research/data/raw/roboflow_cocoa/train/images/94263DBE-D271-4003-BF8F-440EB29AE1DD-19_35_58_jpeg.rf.52919971df4ba6afe455be08915787a8.jpg,94263DBE-D271-4003-BF8F-440EB29AE1DD-19_35_58_jpeg.rf.52919971df4ba6afe455be08915787a8.jpg,53ebb8c971c0fd7b7779bd8f95f252eba7c8ec91ef2c007a1d2982d27f272381
/home/l2e_ayd/cocoa_research/data/raw/roboflow_cocoa/train/images/94496A2A-354C-4270-93D9-EE05F6FEE14D-19_28_19_jpeg.rf.77101cc235e55e60235ce9e74ea0d0aa.jpg,94496A2A-354C-4270-93D9-EE05F6FEE14D-19_28_19_jpeg.rf.77101cc235e55e60235ce9e74ea0d0aa.jpg,3291ab18092d093fa662f17497425d04e6505bd21681fd797b8f9735def8cf7b
/home/l2e_ayd/cocoa_research/data/raw/roboflow_cocoa/train/images/945160C7-1031-448C-B5BE-3E6049C5C6E3-0_10_40_jpeg.rf.31f1718b35faf69fae24b135bf43db48.jpg,945160C7-1031-448C-B5BE-3E6049C5C6E3-0_10_40_jpeg.rf.31f1718b35faf69fae24b135bf43db48.jpg,f31ab0868a64dafe6e572f454dcd79fd1cadfb0c8ef0358dd8d3018c977b9f48
/home/l2e_ayd/cocoa_research/data/raw/roboflow_cocoa/train/images/946E0BF2-A89D-4912-936C-B7B74122FDEA-23_34_9_jpeg.rf.dccf00942683f59ed179bd607c710df0.jpg,946E0BF2-A89D-4912-936C-B7B74122FDEA-23_34_9_jpeg.rf.dccf00942683f59ed179bd607c710df0.jpg,882c32f6e6a5903877a1f0e1b8e81269f1ffd5264fdf926d58d0bc8933f79612
/home/l2e_ayd/cocoa_research/data/raw/roboflow_cocoa/train/images/94B7FD9C-B600-4AFB-9706-4664C8CA71D5-20_2_24_jpeg.rf.de331724e0799586d52eac7861ee459a.jpg,94B7FD9C-B600-4AFB-9706-4664C8CA71D5-20_2_24_jpeg.rf.de331724e0799586d52eac7861ee459a.jpg,5c7ddeb8310575ac20f0f682c332a8985da2da5e1c4356a83d0ea9df54d2f29c
/home/l2e_ayd/cocoa_research/data/raw/roboflow_cocoa/train/images/94E425A1-971F-49C9-A258-2654508975FF-0_32_12_jpeg.rf.d66bd0fd74ba2be7c3e8e977044308ec.jpg,94E425A1-971F-49C9-A258-2654508975FF-0_32_12_jpeg.rf.d66bd0fd74ba2be7c3e8e977044308ec.jpg,76a04fb4c26870d9730564bf0c987897455bccd2f50dc810a3f236d837cbf9d8
/home/l2e_ayd/cocoa_research/data/raw/roboflow_cocoa/train/images/94E62150-B62E-40CA-9870-F622F74D2C67-22_49_35_jpeg.rf.cd3a450f6c95c1ee9a84d34399e8d8c2.jpg,94E62150-B62E-40CA-9870-F622F74D2C67-22_49_35_jpeg.rf.cd3a450f6c95c1ee9a84d34399e8d8c2.jpg,3bbf74575df65c6de264a13d30e795310bfc49d84b57198e0f3d374bd34ec4b8
/home/l2e_ayd/cocoa_research/data/raw/roboflow_cocoa/train/images/95549B7C-D9BB-470C-A079-F776FEB47939-1_23_49_jpeg.rf.a409d5be0f1079a68305ec35ef10857c.jpg,95549B7C-D9BB-470C-A079-F776FEB47939-1_23_49_jpeg.rf.a409d5be0f1079a68305ec35ef10857c.jpg,b07d321a73af3eff2f1a213ec9cc8f37f8cfa3a10d88dafac7d10a24dc2b6d55
/home/l2e_ayd/cocoa_research/data/raw/roboflow_cocoa/train/images/959CBA78-53E9-4D40-B602-D76680F47138-1_12_17_jpeg.rf.e958fa5660be97d8d1904ce802f35b30.jpg,959CBA78-53E9-4D40-B602-D76680F47138-1_12_17_jpeg.rf.e958fa5660be97d8d1904ce802f35b30.jpg,5621f75f50fa8ebf8092e96eecb1a24daa813c1ef8adc2d3b5e3647f5895b962
/home/l2e_ayd/cocoa_research/data/raw/roboflow_cocoa/train/images/95F4EDBB-E7E2-4ED0-81F5-336AF81DCBE7-23_50_44_jpeg.rf.78421c1680d7b47026e1821569b75712.jpg,95F4EDBB-E7E2-4ED0-81F5-336AF81DCBE7-23_50_44_jpeg.rf.78421c1680d7b47026e1821569b75712.jpg,4de3da9779a3ebf7fee6ed98903bb5333985918a5fe6978d3c104192d4becdad
/home/l2e_ayd/cocoa_research/data/raw/roboflow_cocoa/train/images/96284F90-0669-40F1-93C0-0C91B4CD94AE-0_54_56_jpeg.rf.cbed6da91fd60b3052c426b1eab4c44e.jpg,96284F90-0669-40F1-93C0-0C91B4CD94AE-0_54_56_jpeg.rf.cbed6da91fd60b3052c426b1eab4c44e.jpg,c94b807deee5857d2206bdd7f3ad3d8c67a3cac2d16257965ade6a57e1486b04
/home/l2e_ayd/cocoa_research/data/raw/roboflow_cocoa/train/images/966A901F-7122-4DA6-9C0F-BE138AF450FF-0_48_21_jpeg.rf.c03e413e3dfecdfa2516ef3434cd84ca.jpg,966A901F-7122-4DA6-9C0F-BE138AF450FF-0_48_21_jpeg.rf.c03e413e3dfecdfa2516ef3434cd84ca.jpg,12eaf051749ba732de9a6f3cde8f02a8bc0fa9c7a19d9a32d01a27ec7306b508
/home/l2e_ayd/cocoa_research/data/raw/roboflow_cocoa/train/images/967D6E22-9A88-44C4-ABCE-49EAA85C5246-23_42_32_jpeg.rf.c602d3b2e60377c8585fc27d886951e8.jpg,967D6E22-9A88-44C4-ABCE-49EAA85C5246-23_42_32_jpeg.rf.c602d3b2e60377c8585fc27d886951e8.jpg,06b957abcee6c66ce8eeadb5a4d2064e740ce99df4d499c9c98d8034816d346c
/home/l2e_ayd/cocoa_research/data/raw/roboflow_cocoa/train/images/96A791D2-2B84-48FA-9370-FA6A1242FE0E-19_27_41_jpeg.rf.752269b09c95a12ed016ac9f0a16e293.jpg,96A791D2-2B84-48FA-9370-FA6A1242FE0E-19_27_41_jpeg.rf.752269b09c95a12ed016ac9f0a16e293.jpg,9f8c965c17cf2e14d19cb32bed42f7213f0ee92955982829a55f83d0664e054b
/home/l2e_ayd/cocoa_research/data/raw/roboflow_cocoa/train/images/96DEFDAF-43AD-4EB9-BEEC-FB507FA5F9E6-23_41_10_jpeg.rf.b23dcb85496835903d412ad7add3691b.jpg,96DEFDAF-43AD-4EB9-BEEC-FB507FA5F9E6-23_41_10_jpeg.rf.b23dcb85496835903d412ad7add3691b.jpg,5464e74a6d80d8bdc0bde8ba9c85c676348a66691d309c44dfaa1b5256a1cbb6
/home/l2e_ayd/cocoa_research/data/raw/roboflow_cocoa/train/images/9733E6BD-B24B-4CF4-B258-95054D8D7650-22_44_47_jpeg.rf.80c5604725d6ad5ad2b98c3a1c2dafda.jpg,9733E6BD-B24B-4CF4-B258-95054D8D7650-22_44_47_jpeg.rf.80c5604725d6ad5ad2b98c3a1c2dafda.jpg,ca0eb9dfe4a424405e0820df2204e25848518e79663407654ddfad093d010707
/home/l2e_ayd/cocoa_research/data/raw/roboflow_cocoa/train/images/9756AD8C-9A4B-4278-9157-6E9DB524B5D9-22_45_2_jpeg.rf.cb7e7129c6c9f7c637e3112f6b01b510.jpg,9756AD8C-9A4B-4278-9157-6E9DB524B5D9-22_45_2_jpeg.rf.cb7e7129c6c9f7c637e3112f6b01b510.jpg,275af7c29517c856912e247b95bdb21846b47381a036a4fbae23a7e21045d65e
/home/l2e_ayd/cocoa_research/data/raw/roboflow_cocoa/train/images/97BF03BC-08A9-4E03-8CF0-A853737AA430-21_54_25_jpeg.rf.ba0c8588c28cc02ae8be982895f0de2c.jpg,97BF03BC-08A9-4E03-8CF0-A853737AA430-21_54_25_jpeg.rf.ba0c8588c28cc02ae8be982895f0de2c.jpg,a61f591b5ae205782a756ff2bd9bde1e396c8c4e78693dc953df4688278d323e
/home/l2e_ayd/cocoa_research/data/raw/roboflow_cocoa/train/images/97DB377A-80D0-4148-91F9-4D6719F10436-1_0_11_jpeg.rf.f036ccad4a64f3e288b4b9ef507b99cd.jpg,97DB377A-80D0-4148-91F9-4D6719F10436-1_0_11_jpeg.rf.f036ccad4a64f3e288b4b9ef507b99cd.jpg,4478aaa887a4cfb182a3ed87ba489f5d6dcf34c507774927c8486202db28e53f
/home/l2e_ayd/cocoa_research/data/raw/roboflow_cocoa/train/images/97F6D888-E087-4DFF-A85E-18A09A4C38B9-0_51_53_jpeg.rf.d010ebf1295a495d7770fc20f7170d2d.jpg,97F6D888-E087-4DFF-A85E-18A09A4C38B9-0_51_53_jpeg.rf.d010ebf1295a495d7770fc20f7170d2d.jpg,7f9aaccdbbf56cc1c4216e4c5ed24355fa54243aa6a763a0ae3ebe67fa22d72e
/home/l2e_ayd/cocoa_research/data/raw/roboflow_cocoa/train/images/9861E2FB-6D1F-4F99-9494-BD22195F66EE-22_5_55_jpeg.rf.917e7a2d68a698124928c56ffc769620.jpg,9861E2FB-6D1F-4F99-9494-BD22195F66EE-22_5_55_jpeg.rf.917e7a2d68a698124928c56ffc769620.jpg,63502227481373be597f3c123db3f4e80acd5034f370d4105f3d3a9c01064c4e
/home/l2e_ayd/cocoa_research/data/raw/roboflow_cocoa/train/images/9889E087-77E5-4BDF-8891-4B589B205189-1_8_47_jpeg.rf.323e01e4e311f1c0bc4fe83a0d23792d.jpg,9889E087-77E5-4BDF-8891-4B589B205189-1_8_47_jpeg.rf.323e01e4e311f1c0bc4fe83a0d23792d.jpg,dbc90571e36f3cd70871edc6184df0e8311ca43d40ee6e69beff8bf66a7b3e96
/home/l2e_ayd/cocoa_research/data/raw/roboflow_cocoa/train/images/989405C5-D32C-4266-ADD8-CA667A1C154E-23_30_41_jpeg.rf.e28fd8f9ac9c52f260e851106f68ee8f.jpg,989405C5-D32C-4266-ADD8-CA667A1C154E-23_30_41_jpeg.rf.e28fd8f9ac9c52f260e851106f68ee8f.jpg,c41aa936786d6f7fefb8e563a8974d037bee3df78fb151e490bd34e975c7ec3b
/home/l2e_ayd/cocoa_research/data/raw/roboflow_cocoa/train/images/98C008C2-6204-4F7A-9330-39A8AE0D3E63-14_46_56_jpeg.rf.733c2022e4167e5230ab1a8950679e77.jpg,98C008C2-6204-4F7A-9330-39A8AE0D3E63-14_46_56_jpeg.rf.733c2022e4167e5230ab1a8950679e77.jpg,770774fe582b52988d1313a322bc2f037e2cbf0987ab1e108c5f5c84f153b422
/home/l2e_ayd/cocoa_research/data/raw/roboflow_cocoa/train/images/98E21AC8-4AB1-40AC-BD22-8372B8FA7D97-0_27_23_jpeg.rf.c87c613c0e1527954e45ae06fe2c18d7.jpg,98E21AC8-4AB1-40AC-BD22-8372B8FA7D97-0_27_23_jpeg.rf.c87c613c0e1527954e45ae06fe2c18d7.jpg,feb0e994f83503d13275dc9d8e641160bcf5534b449ec092f95530d4ce2dff2a
/home/l2e_ayd/cocoa_research/data/raw/roboflow_cocoa/train/images/98EEDBD0-B636-4638-9767-C0A75HCFD2C02-22_59_59_jpeg.rf.78b5fb637dd9e86491e457be319d9eca.jpg,98EEDBD0-B636-4638-9767-C0A75HCFD2C02-22_59_59_jpeg.rf.78b5fb637dd9e86491e457be319d9eca.jpg,63131415ab8a99aacf1c4c8b4fdc189cd95544de5d510e6bd6a9c0a41d2539de
/home/l2e_ayd/cocoa_research/data/raw/roboflow_cocoa/train/images/996E6CEE-8EB2-4C19-873C-396056EBAFB9-23_30_27_jpeg.rf.002274f316cfec53da6783498e89e95a.jpg,996E6CEE-8EB2-4C19-873C-396056EBAFB9-23_30_27_jpeg.rf.002274f316cfec53da6783498e89e95a.jpg,f2f369649a68d53b9027c9b1137ab0ffa5465704b990b8f58d818bc5fb905079
/home/l2e_ayd/cocoa_research/data/raw/roboflow_cocoa/train/images/99B211BB-6BD4-4603-85BF-D3E41D1020EE-23_7_44_jpeg.rf.a86bf90de47d705e7107f9a71aa8a0c9.jpg,99B211BB-6BD4-4603-85BF-D3E41D1020EE-23_7_44_jpeg.rf.a86bf90de47d705e7107f9a71aa8a0c9.jpg,6a4f53dc7591d47f25b94f8950f4566e5c33977faec49a1f43b956b4a567a4f8
/home/l2e_ayd/cocoa_research/data/raw/roboflow_cocoa/train/images/9A3DF892-9B66-4669-BFFA-B1F3DC3238AF-20_57_25_jpeg.rf.84fe3b75fe5ce06d3de6f42c97d6c044.jpg,9A3DF892-9B66-4669-BFFA-B1F3DC3238AF-20_57_25_jpeg.rf.84fe3b75fe5ce06d3de6f42c97d6c044.jpg,4b1e2df1dcb67a052274051458c0b00953a22f0fc4f54c4d27f57daa0786f849
/home/l2e_ayd/cocoa_research/data/raw/roboflow_cocoa/train/images/9A47ACC7-0076-4758-91E7-18987647E4C9-19_52_29_jpeg.rf.51cf5ab7543b24a2cf7fa7a40f5262e6.jpg,9A47ACC7-0076-4758-91E7-18987647E4C9-19_52_29_jpeg.rf.51cf5ab7543b24a2cf7fa7a40f5262e6.jpg,b5f48886d2eed4d23d279184901064e3e8c238bcb3bae22afd9fc97397d7c297
/home/l2e_ayd/cocoa_research/data/raw/roboflow_cocoa/train/images/9A55F531-92D2-4EEE-969B-BCBD6C543BE3-20_30_43_jpeg.rf.a75e57e33fb34c4ea4b83cd6ec6538dd.jpg,9A55F531-92D2-4EEE-969B-BCBD6C543BE3-20_30_43_jpeg.rf.a75e57e33fb34c4ea4b83cd6ec6538dd.jpg,dd5607ee39d577a6f59dc8cb8d92a31bd6d0338679b5ba1a43cc30c8151b16e4
/home/l2e_ayd/cocoa_research/data/raw/roboflow_cocoa/train/images/9A7106DA-6ED2-4089-9CF0-5969CA2A9D59-22_58_37_jpeg.rf.df2c4f2020a5885a7192425fe073cde7.jpg,9A7106DA-6ED2-4089-9CF0-5969CA2A9D59-22_58_37_jpeg.rf.df2c4f2020a5885a7192425fe073cde7.jpg,7a5cb7c7bb32eff499010dfbb630233553b24aa2e2fd84eea519ef3de6a65b93
/home/l2e_ayd/cocoa_research/data/raw/roboflow_cocoa/train/images/9A766C61-21A4-410E-B726-160C5CF2660D-1_23_40_jpeg.rf.cffbd43f3fc9a43435cfacae8caa5054.jpg,9A766C61-21A4-410E-B726-160C5CF2660D-1_23_40_jpeg.rf.cffbd43f3fc9a43435cfacae8caa5054.jpg,ff10b383071ac535f5aa9613a8e5b18fd34d4b1706396ddea8f99dbd7ff3b409
/home/l2e_ayd/cocoa_research/data/raw/roboflow_cocoa/train/images/9ABE68CE-478C-4611-BBIB2-4EFBCFD863C5-23_33_23_jpeg.rf.2d4e0b489276f85e5af1891a04f4c122.jpg,9ABE68CE-478C-4611-BBIB2-4EFBCFD863C5-23_33_23_jpeg.rf.2d4e0b489276f85e5af1891a04f4c122.jpg,7466669c02830c4dc20f3c08df56dd05fc88b24ae27a88ce67438066f2e170f5
/home/l2e_ayd/cocoa_research/data/raw/roboflow_cocoa/train/images/9B0F64AE-E500-4E69-91A1-E06786667A20-1_3_8_jpeg.rf.a0d42291e0c294735e0fe7c04bf0b32f.jpg,9B0F64AE-E500-4E69-91A1-E06786667A20-1_3_8_jpeg.rf.a0d42291e0c294735e0fe7c04bf0b32f.jpg,6f1149494ff9515e6b6367b80f435d62d9d7b43a8dcf178e8281f2c0108052af
/home/l2e_ayd/cocoa_research/data/raw/roboflow_cocoa/train/images/9B15C4BC-C84A-416C-840E-0F1C97E31E54-22_58_29_jpeg.rf.634efb4f394a75812bd62e5957ebaebf.jpg,9B15C4BC-C84A-416C-840E-0F1C97E31E54-22_58_29_jpeg.rf.634efb4f394a75812bd62e5957ebaebf.jpg,681aaf03bae9e2d1051540f502a4927def3c06f7399eca8a38d3d2e4d3fc6c4f
/home/l2e_ayd/cocoa_research/data/raw/roboflow_cocoa/train/images/9B642A4E-059A-430B-B5E7-7E7D934595DA-0_43_20_jpeg.rf.23ae9d007305f647b8e4de2160b1bbda.jpg,9B642A4E-059A-430B-B5E7-7E7D934595DA-0_43_20_jpeg.rf.23ae9d007305f647b8e4de2160b1bbda.jpg,57888a5591224e5595ac17172d529649ea0e129ab179cb1aee0045b4b43157f1
/home/l2e_ayd/cocoa_research/data/raw/roboflow_cocoa/train/images/9B9DFA85-DC46-4375-B5FC-FB61C7A9593C-23_58_28_jpeg.rf.0e85785fc579859ee0fc20c5f207b772.jpg,9B9DFA85-DC46-4375-B5FC-FB61C7A9593C-23_58_28_jpeg.rf.0e85785fc579859ee0fc20c5f207b772.jpg,07fbd11bf6d32be504adf50cca54c6d31ba89f25a390d8fdf50760b757690027
/home/l2e_ayd/cocoa_research/data/raw/roboflow_cocoa/train/images/9BD78D42-F0F3-4385-812A-8A0E995F3960-19_33_57_jpeg.rf.9854f99f8fb78ed1608685ada257ce3c.jpg,9BD78D42-F0F3-4385-812A-8A0E995F3960-19_33_57_jpeg.rf.9854f99f8fb78ed1608685ada257ce3c.jpg,90ce61f800c51a450b6d9941399df95d86b1883bd9f02f7ce6cbe996b9a8b97a
/home/l2e_ayd/cocoa_research/data/raw/roboflow_cocoa/train/images/9BED5505-1169-4E86-B790-319AAF73D735-23_11_48_jpeg.rf.92071f82c848f6a4c72fe91762455149.jpg,9BED5505-1169-4E86-B790-319AAF73D735-23_11_48_jpeg.rf.92071f82c848f6a4c72fe91762455149.jpg,aa7fb894565689cefc67fcddb90b83543c7b224e8caedc30470d19c726de1017
/home/l2e_ayd/cocoa_research/data/raw/roboflow_cocoa/train/images/9BF86A66-8FB0-4608-B945-FBDEC74AF4B6-22_43_21_jpeg.rf.ed7d3c7d91d22125198594dce383a2df.jpg,9BF86A66-8FB0-4608-B945-FBDEC74AF4B6-22_43_21_jpeg.rf.ed7d3c7d91d22125198594dce383a2df.jpg,93096a1d084141ef185c510bf38d6e11887cfa6e89d8c33bc92f2247ac4a9463
/home/l2e_ayd/cocoa_research/data/raw/roboflow_cocoa/train/images/9BFE40B2-C284-4C25-9B7A-C7010E624D89-1_1_44_jpeg.rf.4dd987b84325f238dbca0dbdf0dca4c1.jpg,9BFE40B2-C284-4C25-9B7A-C7010E624D89-1_1_44_jpeg.rf.4dd987b84325f238dbca0dbdf0dca4c1.jpg,e2a075cb4154f0d24b36179eb9be219d5de6e75c22132ec5019e4d19bc0527b3
/home/l2e_ayd/cocoa_research/data/raw/roboflow_cocoa/train/images/9C3226B9-7D2D-4248-B183-6E21AEEA78CA-19_8_4_jpeg.rf.06f5aba59c8c490f15c6dab5fca878fa.jpg,9C3226B9-7D2D-4248-B183-6E21AEEA78CA-19_8_4_jpeg.rf.06f5aba59c8c490f15c6dab5fca878fa.jpg,aafe052faf8fcdfc9ba49288211a5135d8292654a689a777cbb06c3224c8d025
/home/l2e_ayd/cocoa_research/data/raw/roboflow_cocoa/train/images/9D1477F0-14F9-4A4D-87E5-803D23EDBE4A-0_36_24_jpeg.rf.4ff73969e1e5c9e33ca2ee2031bbcf32.jpg,9D1477F0-14F9-4A4D-87E5-803D23EDBE4A-0_36_24_jpeg.rf.4ff73969e1e5c9e33ca2ee2031bbcf32.jpg,09b8d19556ac06acb461d5c73453c1a88795b78134bfc3ffdeb704c4937fd11c
/home/l2e_ayd/cocoa_research/data/raw/roboflow_cocoa/train/images/9D3E5029-4702-46EA-96A9-0A2250E4DF2C-22_48_21_jpeg.rf.2f6b9584e6d1261a006b17c3c94dcd26.jpg,9D3E5029-4702-46EA-96A9-0A2250E4DF2C-22_48_21_jpeg.rf.2f6b9584e6d1261a006b17c3c94dcd26.jpg,e6ffac45d2df9e18343edb76deab1c952c69c447536f5b7e18c17e1c52184b45
/home/l2e_ayd/cocoa_research/data/raw/roboflow_cocoa/train/images/9D422525-535D-4355-8DMA6-C99F325BABF0-23_21_23_jpeg.rf.aeae9b34fd1a94e36837c026d7d99e75.jpg,9D422525-535D-4355-8DMA6-C99F325BABF0-23_21_23_jpeg.rf.aeae9b34fd1a94e36837c026d7d99e75.jpg,e772d38f6410ba82b869224d07170143ed225f6ef76412142b9f4b761747547c
/home/l2e_ayd/cocoa_research/data/raw/roboflow_cocoa/train/images/9D7FD07D-8785-436C-9C64-89A9E6A8A7BB-19_17_42_jpeg.rf.854bc61dc09f6c7b698e8fc38f6aaf17.jpg,9D7FD07D-8785-436C-9C64-89A9E6A8A7BB-19_17_42_jpeg.rf.854bc61dc09f6c7b698e8fc38f6aaf17.jpg,d825c81b47977dc03a7444ae257ac584a9885ceb3a71473a5a944f90c8e81a5f
/home/l2e_ayd/cocoa_research/data/raw/roboflow_cocoa/train/images/9DB00040-AAB2-48E1-944A-2799A23F69FB-22_5_41_jpeg.rf.3bfc8c177a54326acb7fb0bfe75858dd.jpg,9DB00040-AAB2-48E1-944A-2799A23F69FB-22_5_41_jpeg.rf.3bfc8c177a54326acb7fb0bfe75858dd.jpg,13c26b55749c1769d6606b1fdca84e6fa97177286fc4795bd78e87234d5ac6dc
/home/l2e_ayd/cocoa_research/data/raw/roboflow_cocoa/train/images/9DB37E92-0790-4721-A79B-36E3EAEC7780-19_47_45_jpeg.rf.2e8c9a00b25c36018c498ac67b3fee5a.jpg,9DB37E92-0790-4721-A79B-36E3EAEC7780-19_47_45_jpeg.rf.2e8c9a00b25c36018c498ac67b3fee5a.jpg,2a855352e53dfba8a872547ccbaa40800d8f9900d484160f1dd3dd9d15e8596c
/home/l2e_ayd/cocoa_research/data/raw/roboflow_cocoa/train/images/9DC4B346-5FD5-4902-8BA9-46D7014CCF74-1_25_34_jpeg.rf.35de3cdcd0a13da3d066ec94b1f9f2a0.jpg,9DC4B346-5FD5-4902-8BA9-46D7014CCF74-1_25_34_jpeg.rf.35de3cdcd0a13da3d066ec94b1f9f2a0.jpg,d81f43f59d4b17b880fee532c129dc0652da280c5e40f6055589ed6a19c9ea80
/home/l2e_ayd/cocoa_research/data/raw/roboflow_cocoa/train/images/9DCD5533-4E81-41B4-980A-E6E85A14E9F0-0_38_0_jpeg.rf.acdf8ef6acf859165c7cb88693050a2d.jpg,9DCD5533-4E81-41B4-980A-E6E85A14E9F0-0_38_0_jpeg.rf.acdf8ef6acf859165c7cb88693050a2d.jpg,96ad2fb6e7736332a0c11e3a2af8b101e08410f675a95c0f85a6acec0fb00195
/home/l2e_ayd/cocoa_research/data/raw/roboflow_cocoa/train/images/9E0E8448-B4A7-4EB4-B490-AF79D5656AC7-0_38_34_jpeg.rf.cd9f826f1b2da1c48bec45cb61fc2829.jpg,9E0E8448-B4A7-4EB4-B490-AF79D5656AC7-0_38_34_jpeg.rf.cd9f826f1b2da1c48bec45cb61fc2829.jpg,3ae6755ac28730a87bcc95df69322bc205c9fe89ffee11afc7d4cebaef279be6
/home/l2e_ayd/cocoa_research/data/raw/roboflow_cocoa/train/images/9E800FB9-F7F1-4013-8731-BCE593860CC2-22_24_35_jpeg.rf.94a0a249ff4f925f4585823ede5311bf.jpg,9E800FB9-F7F1-4013-8731-BCE593860CC2-22_24_35_jpeg.rf.94a0a249ff4f925f4585823ede5311bf.jpg,9eeac008fa4f84a119d7e37ece5826b71e30a74e3ac9d3668cb5d4274fa7776d
/home/l2e_ayd/cocoa_research/data/raw/roboflow_cocoa/train/images/9EAC59FC-19D7-4B54-B93A-251C140B0353-19_9_0_jpeg.rf.80a9dce6afedd39a6d99edc393e8be71.jpg,9EAC59FC-19D7-4B54-B93A-251C140B0353-19_9_0_jpeg.rf.80a9dce6afedd39a6d99edc393e8be71.jpg,5c59a6ed8eb9927c596847807fb78982304cd4939bf75b0cde98d71a43d15bd7
/home/l2e_ayd/cocoa_research/data/raw/roboflow_cocoa/train/images/9EB710B8-8150-44B8-B7CA-7D10248F3181-23_13_27_jpeg.rf.09d7dcf45d6b9bffa3466113ed6d7435.jpg,9EB710B8-8150-44B8-B7CA-7D10248F3181-23_13_27_jpeg.rf.09d7dcf45d6b9bffa3466113ed6d7435.jpg,746d62347ccc0025a1aa931b0cce0e66afb88666d05248b0dfbfa06330b3984d
/home/l2e_ayd/cocoa_research/data/raw/roboflow_cocoa/train/images/9ECCC514-1B91-48F9-98AC-C66E47F938C3-23_16_25_jpeg.rf.952ede298bf7fadb196237c613840a76.jpg,9ECCC514-1B91-48F9-98AC-C66E47F938C3-23_16_25_jpeg.rf.952ede298bf7fadb196237c613840a76.jpg,9eef6234243c0a1d47dceb927802e6979147fea4f65638b4b8e07c7664392486
/home/l2e_ayd/cocoa_research/data/raw/roboflow_cocoa/train/images/9EFFB093-F672-4106-9E9E-D9C4AF83010E-23_45_18_jpeg.rf.1df35644bda5b368ed564f266b21cd72.jpg,9EFFB093-F672-4106-9E9E-D9C4AF83010E-23_45_18_jpeg.rf.1df35644bda5b368ed564f266b21cd72.jpg,05abafbd287f90ac15bb6fd28919d6c887a4e9f709fea083ac9bc421ff4cd891
/home/l2e_ayd/cocoa_research/data/raw/roboflow_cocoa/train/images/9F1EBF59-5E48-4531-879F-A629AF552D28-19_11_51_jpeg.rf.d6db2a0de30ad6a0240af9733c7c082b.jpg,9F1EBF59-5E48-4531-879F-A629AF552D28-19_11_51_jpeg.rf.d6db2a0de30ad6a0240af9733c7c082b.jpg,2893f6d9af429462e86fd5455ebd05cf520361b98d3b064270e85c95eaa25f86
/home/l2e_ayd/cocoa_research/data/raw/roboflow_cocoa/train/images/9F59F65C-ABD8-4203-9720-0AC4F72E2905-19_21_15_jpeg.rf.f5dcf463a97c2d33dc386d96f031f94e.jpg,9F59F65C-ABD8-4203-9720-0AC4F72E2905-19_21_15_jpeg.rf.f5dcf463a97c2d33dc386d96f031f94e.jpg,a80df585e5b560718e148a08d86d927c72d2e949b2e2b8137cf0885ecb7e2530
/home/l2e_ayd/cocoa_research/data/raw/roboflow_cocoa/train/images/9F616336-ABE5-4B5B-96CD-56B686C04B98-23_3_35_jpeg.rf.3083a505b3fb68b1ad8db1a18a6c3a82.jpg,9F616336-ABE5-4B5B-96CD-56B686C04B98-23_3_35_jpeg.rf.3083a505b3fb68b1ad8db1a18a6c3a82.jpg,d8b0319e52eff277ba64adea9da7e5219f2aa928afdc9213c4afc639d71036ba
/home/l2e_ayd/cocoa_research/data/raw/roboflow_cocoa/train/images/9F906C96-9956-4359-B89C-5F2C8342655C-1_0_30_jpeg.rf.b71d81db5a27d9cba8e550fc257c89c7.jpg,9F906C96-9956-4359-B89C-5F2C8342655C-1_0_30_jpeg.rf.b71d81db5a27d9cba8e550fc257c89c7.jpg,fa88769a217bf7d73667f0c091ac1e646aca6c4e6799bd974fd935332caafa44
/home/l2e_ayd/cocoa_research/data/raw/roboflow_cocoa/train/images/9FCEDDC0-1190-480E-AE6E-C9BF1850CFFA-19_12_8_jpeg.rf.748f48b7bcce2239a7a094d3dd66be98.jpg,9FCEDDC0-1190-480E-AE6E-C9BF1850CFFA-19_12_8_jpeg.rf.748f48b7bcce2239a7a094d3dd66be98.jpg,ec1799e2dfc3b178329b4b5ca32bfe9231945e0570a7cbe66b3a933f74b0af1c
/home/l2e_ayd/cocoa_research/data/raw/roboflow_cocoa/train/images/9FFF4195-711C-4735-A4FE-189ECB42DE06-21_49_43_jpeg.rf.0d4ab839176e7c601d35fd9651231263.jpg,9FFF4195-711C-4735-A4FE-189ECB42DE06-21_49_43_jpeg.rf.0d4ab839176e7c601d35fd9651231263.jpg,bc0ab3e990ddd388ccd98b7b4b39a664a516305fd165fe0e9903a06a1f2292b0
/home/l2e_ayd/cocoa_research/data/raw/roboflow_cocoa/train/images/A25DB902-8C3B-46FD-A24E-DEC517B9BD77-0_11_23_jpeg.rf.740ba22ab9d9a333c6c676ddb39f6814.jpg,A25DB902-8C3B-46FD-A24E-DEC517B9BD77-0_11_23_jpeg.rf.740ba22ab9d9a333c6c676ddb39f6814.jpg,1bd80862762c6942232b9d3993c57b687889601283315c1a990c223106273dbf
/home/l2e_ayd/cocoa_research/data/raw/roboflow_cocoa/train/images/A3638E48-28F1-4F0A-81DB-101F1B43B60D-23_39_29_jpeg.rf.d5ce0e45bfefa2c313cd935a89c92951.jpg,A3638E48-28F1-4F0A-81DB-101F1B43B60D-23_39_29_jpeg.rf.d5ce0e45bfefa2c313cd935a89c92951.jpg,4b8a321cd48347af8e941efa1965ea2fb164556d8fa01d52cda4f47a7eba77ee
/home/l2e_ayd/cocoa_research/data/raw/roboflow_cocoa/train/images/A549760D-54C1-466B-A7DB-6D577DA17199-18_40_50_jpeg.rf.c15c3d236b4090ad985a9f88339e6b09.jpg,A549760D-54C1-466B-A7DB-6D577DA17199-18_40_50_jpeg.rf.c15c3d236b4090ad985a9f88339e6b09.jpg,0d6612d0898a046bea1f58809397fc644a71521f21a454eedc73105174c660b1
/home/l2e_ayd/cocoa_research/data/raw/roboflow_cocoa/train/images/A55067A6-2895-4721-AAB6-DD5694C49147-23_38_54_jpeg.rf.061c92f4ff87ee212e60de20fe70745e.jpg,A55067A6-2895-4721-AAB6-DD5694C49147-23_38_54_jpeg.rf.061c92f4ff87ee212e60de20fe70745e.jpg,064c373d0cdbd9127532391c31ffd4f1989cc896955e275c83e260b9674b9e88
/home/l2e_ayd/cocoa_research/data/raw/roboflow_cocoa/train/images/A5E404A9-7D64-4C6F-B6A1-74D1CD1B1BB6-20_57_47_jpeg.rf.6f58fcaa19520628df75826b89e42279.jpg,A5E404A9-7D64-4C6F-B6A1-74D1CD1B1BB6-20_57_47_jpeg.rf.6f58fcaa19520628df75826b89e42279.jpg,378f1b72b8306b66da592d0b0d9d9aadc0dc76fc2d7981910ce239e4451ce23e
/home/l2e_ayd/cocoa_research/data/raw/roboflow_cocoa/train/images/A648ADCE-5388-44BF-8216-48CCA7A78B19-18_27_38_jpeg.rf.6dfc85be3342e2fe370c1d45da2e086f.jpg,A648ADCE-5388-44BF-8216-48CCA7A78B19-18_27_38_jpeg.rf.6dfc85be3342e2fe370c1d45da2e086f.jpg,446613a9aa8f5e5ceaf1078bda3a4343ca0e368583ee7e62f189f5cf1e122255
/home/l2e_ayd/cocoa_research/data/raw/roboflow_cocoa/train/images/A666A223-07FD-4C9B-B707-8B496116FCE8-23_49_7_jpeg.rf.d2c788d7016770cd0c437905ad8b9f50.jpg,A666A223-07FD-4C9B-B707-8B496116FCE8-23_49_7_jpeg.rf.d2c788d7016770cd0c437905ad8b9f50.jpg,5f3a26af8e25d20fdeb37188e26be48847e214ba6c0119420ee2751b8a6f90c0
/home/l2e_ayd/cocoa_research/data/raw/roboflow_cocoa/train/images/A69282C8-42CF-422C-B660-A179EF33654B-1_23_23_jpeg.rf.8bf5370359e607173e1029cd1c2323ea.jpg,A69282C8-42CF-422C-B660-A179EF33654B-1_23_23_jpeg.rf.8bf5370359e607173e1029cd1c2323ea.jpg,39b6fd59d5abd4b10e6537d222b92e5f4e775b6475a7113674faa9bc3f7ec8b3
/home/l2e_ayd/cocoa_research/data/raw/roboflow_cocoa/train/images/A77FB438-585E-4F1B-A0E2-0C8201A4A725-12_7_32_jpeg.rf.375d4ee17e161ead83ec8f86fca2636b.jpg,A77FB438-585E-4F1B-A0E2-0C8201A4A725-12_7_32_jpeg.rf.375d4ee17e161ead83ec8f86fca2636b.jpg,166b98ad36b67fdad2c5904d5df3c61db96ab6a76c4ad965497168f8d8aeb151
/home/l2e_ayd/cocoa_research/data/raw/roboflow_cocoa/train/images/A93D363E-9F1E-4B79-B495-7DB74B4F02C8-19_8_10_jpeg.rf.6f7c281a12cbd2e66f2ab46fdb23e5c4.jpg,A93D363E-9F1E-4B79-B495-7DB74B4F02C8-19_8_10_jpeg.rf.6f7c281a12cbd2e66f2ab46fdb23e5c4.jpg,0b6c7cc40f49e23724967b600fc5a16d58981a1fde8ef646747fd1f6da121663
/home/l2e_ayd/cocoa_research/data/raw/roboflow_cocoa/train/images/ABC6F38E-47AF-4003-AC67-C079487A23EE-1_32_38_jpeg.rf.5a07035e65c56127026a0c16f00e378a.jpg,ABC6F38E-47AF-4003-AC67-C079487A23EE-1_32_38_jpeg.rf.5a07035e65c56127026a0c16f00e378a.jpg,7ef40f0724d59a77e5386c9d0c22d57465ddaea26e41191858000154c7dd3b1a
/home/l2e_ayd/cocoa_research/data/raw/roboflow_cocoa/train/images/AC08CAD7-7A16-490D-AE35-DA011F56BF84-1_18_3_jpeg.rf.8a4ec09389a48bce4cbb8f22caa61018.jpg,AC08CAD7-7A16-490D-AE35-DA011F56BF84-1_18_3_jpeg.rf.8a4ec09389a48bce4cbb8f22caa61018.jpg,9b98754a7467882f3703166aada98c9382663c389381be6e9de391510ef214d0
/home/l2e_ayd/cocoa_research/data/raw/roboflow_cocoa/train/images/AD2B7269-03E9-4BF1-A1FC-1EEA60F06E5F-1_37_24_jpeg.rf.d94d88f701e4dd79edb31ba79d36caee.jpg,AD2B7269-03E9-4BF1-A1FC-1EEA60F06E5F-1_37_24_jpeg.rf.d94d88f701e4dd79edb31ba79d36caee.jpg,046ae1a991845a3b098da30584fd824615ff8038190f6d58d926d908e10f27f3
/home/l2e_ayd/cocoa_research/data/raw/roboflow_cocoa/train/images/AD74FF2F-1EA8-49BF-940E-0A27743E17B5-0_22_49_jpeg.rf.1b81ff3f52625e3ba2618aca4efea39e.jpg,AD74FF2F-1EA8-49BF-940E-0A27743E17B5-0_22_49_jpeg.rf.1b81ff3f52625e3ba2618aca4efea39e.jpg,fb5b931b60209fdfb2c228f78c872d29c886023d60329f448a7b9efebb30d0bb
/home/l2e_ayd/cocoa_research/data/raw/roboflow_cocoa/train/images/AE22B486-7C98-4CEF-8FFA-49ADABF394C4-23_51_25_jpeg.rf.2496c878f3e3910975d292484a49e0aa.jpg,AE22B486-7C98-4CEF-8FFA-49ADABF394C4-23_51_25_jpeg.rf.2496c878f3e3910975d292484a49e0aa.jpg,fceac874919bb17ab458a50a0c160f337640024d3700106bb653ebde55fcb5b0
/home/l2e_ayd/cocoa_research/data/raw/roboflow_cocoa/train/images/AED93F01-F8A2-4030-B19C-83CBAF3F24B5-22_10_41_jpeg.rf.a6544872e59903facec6243debd25cd1.jpg,AED93F01-F8A2-4030-B19C-83CBAF3F24B5-22_10_41_jpeg.rf.a6544872e59903facec6243debd25cd1.jpg,0352ec12a2700901f3723ee63f8e62ccdbda995ef9018264679417398cc0f8b0
/home/l2e_ayd/cocoa_research/data/raw/roboflow_cocoa/train/images/B0876F87-6F22-4189-BF23-D754FCB49431-1_5_35-2-_jpeg.rf.c38c2596b0e4516e41eaafa9d1edca22.jpg,B0876F87-6F22-4189-BF23-D754FCB49431-1_5_35-2-_jpeg.rf.c38c2596b0e4516e41eaafa9d1edca22.jpg,1c192151753707190e156410c12eaa2a599979f8e99aec0162dda28d86a4cdf7
/home/l2e_ayd/cocoa_research/data/raw/roboflow_cocoa/train/images/B0D80BAC-701C-4F86-BA90-BB5CBC61EA77-1_20_10_jpeg.rf.b5f63c8e2da0ae81eb75df72c6b02235.jpg,B0D80BAC-701C-4F86-BA90-BB5CBC61EA77-1_20_10_jpeg.rf.b5f63c8e2da0ae81eb75df72c6b02235.jpg,2d7c9e4ff80a62c28da6646d01628cf04ec9722f7472ea73fd1516846886e9fc
/home/l2e_ayd/cocoa_research/data/raw/roboflow_cocoa/train/images/B681F430-2247-4975-8ABE-0351C86ED7F4-23_6_59_jpeg.rf.3c2cc3ac7b1892e263561773cef4a845.jpg,B681F430-2247-4975-8ABE-0351C86ED7F4-23_6_59_jpeg.rf.3c2cc3ac7b1892e263561773cef4a845.jpg,d8c3f3beaec58cec0b13c6e0182b6c553f2202c54c538c4d5f1f3b970a18192b
/home/l2e_ayd/cocoa_research/data/raw/roboflow_cocoa/train/images/B720C846-534C-4272-9305-C4C69C016CFC-19_20_5_jpeg.rf.ba2d34c2b03c2c5678177eb35274d90e.jpg,B720C846-534C-4272-9305-C4C69C016CFC-19_20_5_jpeg.rf.ba2d34c2b03c2c5678177eb35274d90e.jpg,b34d6ab3453d2152b2e905699cd4cd63e9854fab050ec6d5726eced0ee2c3870
/home/l2e_ayd/cocoa_research/data/raw/roboflow_cocoa/train/images/B74217FE-1624-4D5C-ABC4-AA7B4750D75C-0_52_50-2-_jpeg.rf.dcb5fb4ed4c3ade6071b8cd01f84fac4.jpg,B74217FE-1624-4D5C-ABC4-AA7B4750D75C-0_52_50-2-_jpeg.rf.dcb5fb4ed4c3ade6071b8cd01f84fac4.jpg,d64afbf0c0cca5cf0d19dff1134fb7db96901addf23c1b842bb845bcc269fe80
/home/l2e_ayd/cocoa_research/data/raw/roboflow_cocoa/train/images/B84978B9-7498-42D3-B638-F0CCBEE67E2F-22_13_52_jpeg.rf.6dc137fde4ca4d009410cf1d499bd113.jpg,B84978B9-7498-42D3-B638-F0CCBEE67E2F-22_13_52_jpeg.rf.6dc137fde4ca4d009410cf1d499bd113.jpg,9e2883261f94f96b89461be5104792f100d705ad1921c6215157d6045adc8a7d
/home/l2e_ayd/cocoa_research/data/raw/roboflow_cocoa/train/images/B922B82A-FD05-4B86-9418-2B8844DFCC3B-18_18_56_jpeg.rf.f0eb0db70135fc098bd46294e45032e2.jpg,B922B82A-FD05-4B86-9418-2B8844DFCC3B-18_18_56_jpeg.rf.f0eb0db70135fc098bd46294e45032e2.jpg,095d9d1ed8d9960894abd59f764cdc63e9223ac01a839e53d37a32e4f1c16383
/home/l2e_ayd/cocoa_research/data/raw/roboflow_cocoa/train/images/BA17D52F-9F6C-44D3-9D66-56F65F6FE553-19_14_30_jpeg.rf.638f6948adabc308980d61c5dd8baf43.jpg,BA17D52F-9F6C-44D3-9D66-56F65F6FE553-19_14_30_jpeg.rf.638f6948adabc308980d61c5dd8baf43.jpg,ed5142eacc145860b502a0f437f39068f132ec60ef053e49c5c43385df4a671e
/home/l2e_ayd/cocoa_research/data/raw/roboflow_cocoa/train/images/BA7BFB73-79F6-4EDB-967B-166C90E6F276-0_24_12_jpeg.rf.2b3336309c2a6235e325843eaf0f7c2c.jpg,BA7BFB73-79F6-4EDB-967B-166C90E6F276-0_24_12_jpeg.rf.2b3336309c2a6235e325843eaf0f7c2c.jpg,7387b33fbdd496b1d9192a690354ce0099601a69e66f5e06dbd07cda404bb173
/home/l2e_ayd/cocoa_research/data/raw/roboflow_cocoa/train/images/BAEDE7DA-9A53-4EE4-9DBC-68FE18C0C3C2-22_43_39_jpeg.rf.37808eac0df0ac5bc0f496a2d9918c67.jpg,BAEDE7DA-9A53-4EE4-9DBC-68FE18C0C3C2-22_43_39_jpeg.rf.37808eac0df0ac5bc0f496a2d9918c67.jpg,38cbdc920657c74fb919dafc6e2edccaa6166a1cf32b5d5de6c8071aaa927109
/home/l2e_ayd/cocoa_research/data/raw/roboflow_cocoa/train/images/BB7C0AC2-D6DD-4F9B-A9ED-8F9B01A04D0D-0_36_54_jpeg.rf.2c8cd6af3230e72e68ecba6756625a27.jpg,BB7C0AC2-D6DD-4F9B-A9ED-8F9B01A04D0D-0_36_54_jpeg.rf.2c8cd6af3230e72e68ecba6756625a27.jpg,dd5900993798694681e7fe42332cf4f52c6961113f4bf92eb4c5b8166af6810e
/home/l2e_ayd/cocoa_research/data/raw/roboflow_cocoa/train/images/BBD3AD6B-2A11-4291-BCA8-20E214CB0D5A-18_44_35_jpeg.rf.133b5a0d0cab59f288250693cd2f651b.jpg,BBD3AD6B-2A11-4291-BCA8-20E214CB0D5A-18_44_35_jpeg.rf.133b5a0d0cab59f288250693cd2f651b.jpg,f88725d5043a643c3f0aeb53a630ecb599ecb25dfc7a9dcfd1ebf201b741ce65
/home/l2e_ayd/cocoa_research/data/raw/roboflow_cocoa/train/images/BD4B451C-77A2-4ECD-ABA8-BD47878A9868-23_56_55_jpeg.rf.7fbc4072cbfd3e5c0c3d6540831a9ae1.jpg,BD4B451C-77A2-4ECD-ABA8-BD47878A9868-23_56_55_jpeg.rf.7fbc4072cbfd3e5c0c3d6540831a9ae1.jpg,9cbb2a3753d9f486125f6a4c5e9980af8f6fe4448793bad7a346b6a372fc6cde
/home/l2e_ayd/cocoa_research/data/raw/roboflow_cocoa/train/images/C4B7D6A9-9A9F-4A2E-B0C1-FD04E54D5455-0_47_51_jpeg.rf.25a48ea03a82176081a68574df8877e7.jpg,C4B7D6A9-9A9F-4A2E-B0C1-FD04E54D5455-0_47_51_jpeg.rf.25a48ea03a82176081a68574df8877e7.jpg,77db72193a4f9308ca27c1d3ba296955d8c3e9d7b73e8138e04811c6fe448d87
/home/l2e_ayd/cocoa_research/data/raw/roboflow_cocoa/valid/images/02A3EDEA-73DB-4A67-A781-7F77D52719C9-9_37_20_jpeg.rf.6036af5aad61a92ea60d9bd42d54811b.jpg,02A3EDEA-73DB-4A67-A781-7F77D52719C9-9_37_20_jpeg.rf.6036af5aad61a92ea60d9bd42d54811b.jpg,38b47bf1192212a815d750fb6ec84f10205131abf46bccf5cbb708dfbd9244d0
/home/l2e_ayd/cocoa_research/data/raw/roboflow_cocoa/valid/images/035D660D-8C74-4327-99BD-C0458BFAA412-18_10_25_jpeg.rf.a282099445c6c9a3fa6d0727ab8ebd32.jpg,035D660D-8C74-4327-99BD-C0458BFAA412-18_10_25_jpeg.rf.a282099445c6c9a3fa6d0727ab8ebd32.jpg,62b992faf440f8a194d1a471744fa1b21bcae6ec9e0d32957785e3e3190c80d5
/home/l2e_ayd/cocoa_research/data/raw/roboflow_cocoa/valid/images/039C3B24-4A64-4F15-BCCB-F6C9BF908FDE-11_25_6_jpeg.rf.9b8bbfdbb35d82d6c672395a649b83cc.jpg,039C3B24-4A64-4F15-BCCB-F6C9BF908FDE-11_25_6_jpeg.rf.9b8bbfdbb35d82d6c672395a649b83cc.jpg,d03bbee12ecc24aa0a2cbe169020af1d1a1afffb754a55b2d905525561a6f9f8
/home/l2e_ayd/cocoa_research/data/raw/roboflow_cocoa/valid/images/051E8EC2-B7EF-465F-BDFE-853E8870D71B-23_14_40_jpeg.rf.76912c1885f73f96f524863a8c0aef95.jpg,051E8EC2-B7EF-465F-BDFE-853E8870D71B-23_14_40_jpeg.rf.76912c1885f73f96f524863a8c0aef95.jpg,2203c86de59df2a9f87cefb08066f8e7e593db1ad3591636f1f40ec93a01148b
/home/l2e_ayd/cocoa_research/data/raw/roboflow_cocoa/valid/images/05FC4A45-B84A-4F51-ADC9-95B99DCA728E-2_58_7_jpeg.rf.c669ffad54b55832ee30bf34be3b0eb7.jpg,05FC4A45-B84A-4F51-ADC9-95B99DCA728E-2_58_7_jpeg.rf.c669ffad54b55832ee30bf34be3b0eb7.jpg,083bfb22e6f01bdf42920c442fef1c6e094a274dfd7d2bea855b61bc84f97cab
/home/l2e_ayd/cocoa_research/data/raw/roboflow_cocoa/valid/images/063C1119-8929-402E-B44B-F2C6EC94616B-1_46_7_jpeg.rf.103a162a209234bf14088f104ce4ffaf.jpg,063C1119-8929-402E-B44B-F2C6EC94616B-1_46_7_jpeg.rf.103a162a209234bf14088f104ce4ffaf.jpg,79709367b0124e8d2720c767af9eaea6a17e05c622675c58847e1af0b40c5fb0
/home/l2e_ayd/cocoa_research/data/raw/roboflow_cocoa/valid/images/06DD7779-813C-45A3-AA4D-9DEA366A34C8-1_9_6_jpeg.rf.23973cbb4b26f82faba8d1666967915d.jpg,06DD7779-813C-45A3-AA4D-9DEA366A34C8-1_9_6_jpeg.rf.23973cbb4b26f82faba8d1666967915d.jpg,b5c030fc4360bd8c26e4d1f1050fdd02a7cfedb13b4dad99e631f6fb1a8acc6c
/home/l2e_ayd/cocoa_research/data/raw/roboflow_cocoa/valid/images/084E3EB9-A6DA-49CB-BD53-8D935FD47306-19_49_11_jpeg.rf.881ac36d3f33f3b4e5a988e3f880e3fa.jpg,084E3EB9-A6DA-49CB-BD53-8D935FD47306-19_49_11_jpeg.rf.881ac36d3f33f3b4e5a988e3f880e3fa.jpg,fa9f7f7f6032f389508401f958051b314dfc143146d7566282708304730bb962
/home/l2e_ayd/cocoa_research/data/raw/roboflow_cocoa/valid/images/08B20124-FC6B-475F-8A6E-ABBB53CBB729-23_39_36_jpeg.rf.5f31799b7d67da4ac98aa751b12547b1.jpg,08B20124-FC6B-475F-8A6E-ABBB53CBB729-23_39_36_jpeg.rf.5f31799b7d67da4ac98aa751b12547b1.jpg,91372e691a311dcd8d808365a978d35c295832a1a4b5f54be6802f06e5d7a03d
/home/l2e_ayd/cocoa_research/data/raw/roboflow_cocoa/valid/images/08BBB85E-D8DD-4BBB-BDAE-D746D780B5E2-0_23_52_jpeg.rf.f67fb5f7c96daa9bd0196f612e758b33.jpg,08BBB85E-D8DD-4BBB-BDAE-D746D780B5E2-0_23_52_jpeg.rf.f67fb5f7c96daa9bd0196f612e758b33.jpg,34636ac91558ddb28e3d7ac27c8d5904519ed723f4c21fc17ef23b62c4bd8c83
/home/l2e_ayd/cocoa_research/data/raw/roboflow_cocoa/valid/images/08D68248-76B2-44B8-BB71-66DD7859C160-0_14_23_jpeg.rf.04e1909fa1326bfa5b1875a1e88e4e3f.jpg,08D68248-76B2-44B8-BB71-66DD7859C160-0_14_23_jpeg.rf.04e1909fa1326bfa5b1875a1e88e4e3f.jpg,54e7d59a4700c7886f32a3d781080075370a3d0d2651ce2792a430dde3237e1a
/home/l2e_ayd/cocoa_research/data/raw/roboflow_cocoa/valid/images/09A43129-C213-47CC-9A31-C86F2178F3F2-0_48_45_jpeg.rf.56ebb2599600eab0cdc3327ebe527a32.jpg,09A43129-C213-47CC-9A31-C86F2178F3F2-0_48_45_jpeg.rf.56ebb2599600eab0cdc3327ebe527a32.jpg,3345a067970d14973f634a6d435dadc1a61eea2e9a306fc812943993a415dfdb
/home/l2e_ayd/cocoa_research/data/raw/roboflow_cocoa/valid/images/0EF649C7-BC82-4CC6-8B0D-D0A95C8037FD-9_39_48_jpeg.rf.2a72bf1e60dc987365ab6fe0dec33b70.jpg,0EF649C7-BC82-4CC6-8B0D-D0A95C8037FD-9_39_48_jpeg.rf.2a72bf1e60dc987365ab6fe0dec33b70.jpg,320f2be8998847f2db9030ac2be89b05e2b327a6f441eeccf2315048abc56397
/home/l2e_ayd/cocoa_research/data/raw/roboflow_cocoa/valid/images/0F646C8C-ECA7-47D6-B7BA-51199988F3EC-11_17_6_jpeg.rf.9e639edd48b07555ffd29017519a03a6.jpg,0F646C8C-ECA7-47D6-B7BA-51199988F3EC-11_17_6_jpeg.rf.9e639edd48b07555ffd29017519a03a6.jpg,a557e028963f70e22e67b0363182a36f95a8cd5d49727f433ed3627e429d125c
/home/l2e_ayd/cocoa_research/data/raw/roboflow_cocoa/valid/images/0FFA7F26-2CD2-413D-A6E6-EA51C820DC63-23_56_56_jpeg.rf.ee0f8ddeffcc220e253766bdf9ea4d76.jpg,0FFA7F26-2CD2-413D-A6E6-EA51C820DC63-23_56_56_jpeg.rf.ee0f8ddeffcc220e253766bdf9ea4d76.jpg,7aa71c4c0de8882084e2c5b26c5550345a001683fcb65ebbea2b2f18bad54914
/home/l2e_ayd/cocoa_research/data/raw/roboflow_cocoa/valid/images/100F4B0D-64B2-482D-8B47-F3077BAC1FAF-9_42_18_jpeg.rf.d0bfb485503ee3bc3204ace6d831a844.jpg,100F4B0D-64B2-482D-8B47-F3077BAC1FAF-9_42_18_jpeg.rf.d0bfb485503ee3bc3204ace6d831a844.jpg,a3712a32f8bae846507888ce3d0e61d9dfb2ceee254ce0ef8ad1661f1b4da75e
/home/l2e_ayd/cocoa_research/data/raw/roboflow_cocoa/valid/images/109E687D-CE43-4F98-8F10-1E5CD0928C0B-0_59_9_jpeg.rf.544e167a42ad6889c45f6382ca2b654c.jpg,109E687D-CE43-4F98-8F10-1E5CD0928C0B-0_59_9_jpeg.rf.544e167a42ad6889c45f6382ca2b654c.jpg,88c661efef3815bdfb6e07e194df0d3792082ff6ca4dcf2a1d17d88a95069b38
/home/l2e_ayd/cocoa_research/data/raw/roboflow_cocoa/valid/images/11A78E8C-483B-4DB2-87B9-0AFD7E2ABBD6-1_11_37_jpeg.rf.ccfaf00fb8c946222ebb1a309051b123.jpg,11A78E8C-483B-4DB2-87B9-0AFD7E2ABBD6-1_11_37_jpeg.rf.ccfaf00fb8c946222ebb1a309051b123.jpg,1ee15f62f8663b75deac4ddbc8eec7ac2f20c043847a0b4c10278462dac65b1b
/home/l2e_ayd/cocoa_research/data/raw/roboflow_cocoa/valid/images/12E045B4-1B36-4168-9104-ABD78B47AB4F-23_54_20_jpeg.rf.f47f0f79ea5efc28817465562a66f9f4.jpg,12E045B4-1B36-4168-9104-ABD78B47AB4F-23_54_20_jpeg.rf.f47f0f79ea5efc28817465562a66f9f4.jpg,55df5a752eb5e33c57dbf571f10e6381e42909abbbc46b1c37f43148a33928db
/home/l2e_ayd/cocoa_research/data/raw/roboflow_cocoa/valid/images/13B1A260-64A8-47FA-80E7-6C0F9E5067AB-0_59_35_jpeg.rf.37dac3942cc07d2c54133206557c1b29.jpg,13B1A260-64A8-47FA-80E7-6C0F9E5067AB-0_59_35_jpeg.rf.37dac3942cc07d2c54133206557c1b29.jpg,92a65d1939ef1507aa2569a6393c82811b42ce5d04b21f08aed1686d5e8e5053
/home/l2e_ayd/cocoa_research/data/raw/roboflow_cocoa/valid/images/14DF71EE-AF6E-4118-87F9-235F729EF5BF-0_27_4_jpeg.rf.3e8ec3cd69b972ad4d56970ddc0d6895.jpg,14DF71EE-AF6E-4118-87F9-235F729EF5BF-0_27_4_jpeg.rf.3e8ec3cd69b972ad4d56970ddc0d6895.jpg,e665e9898f88169bb43bc7e800777d66b57b4373f5a03c580212367a03950a98
/home/l2e_ayd/cocoa_research/data/raw/roboflow_cocoa/valid/images/155F6264-5785-48D5-A401-66DA35554367-23_50_8_jpeg.rf.0b590fd722d28e275bff578d9e700c7a.jpg,155F6264-5785-48D5-A401-66DA35554367-23_50_8_jpeg.rf.0b590fd722d28e275bff578d9e700c7a.jpg,c799bbc395aa33fdb2be025e91ad2001fa9b49f673d687808bd35679b91a77bb
/home/l2e_ayd/cocoa_research/data/raw/roboflow_cocoa/valid/images/15E7F996-FDF8-4AB9-81E7-E2E501F9069E-23_53_26_jpeg.rf.e75fa2aa59e146f942121e0d77fec2a6.jpg,15E7F996-FDF8-4AB9-81E7-E2E501F9069E-23_53_26_jpeg.rf.e75fa2aa59e146f942121e0d77fec2a6.jpg,c2938abca8a4125afe5abc8954c4bd2488924c6c56037dcde20f2a0b7f3c225a
/home/l2e_ayd/cocoa_research/data/raw/roboflow_cocoa/valid/images/174A72E1-C254-4A1B-AEF5-A1C4C1019F64-23_38_50_jpeg.rf.6bfefa2723db697bb33bc99bd4e79c5d.jpg,174A72E1-C254-4A1B-AEF5-A1C4C1019F64-23_38_50_jpeg.rf.6bfefa2723db697bb33bc99bd4e79c5d.jpg,0cab219d90f567d76e8d2164b045b090b36575a45737d770f7dabd2943980e96
/home/l2e_ayd/cocoa_research/data/raw/roboflow_cocoa/valid/images/17A32257-A3B4-4896-8A7B-8B02D66B6424-18_10_54_jpeg.rf.a6505475dab61858d220b8f9ef991cec.jpg,17A32257-A3B4-4896-8A7B-8B02D66B6424-18_10_54_jpeg.rf.a6505475dab61858d220b8f9ef991cec.jpg,e333a6adedaa2622f049eae845593f81521b4f5923e8025787e844bd7c593d8d
/home/l2e_ayd/cocoa_research/data/raw/roboflow_cocoa/valid/images/1833259F-8B39-437D-9965-701A0E2997D5-0_24_48-1-_jpeg.rf.995a9e027e64658892de6fb93517b493.jpg,1833259F-8B39-437D-9965-701A0E2997D5-0_24_48-1-_jpeg.rf.995a9e027e64658892de6fb93517b493.jpg,e8d9169c4da979bc1fc64c787e4bb134655a644b09be4bef47e1f164f8d4ab05
/home/l2e_ayd/cocoa_research/data/raw/roboflow_cocoa/valid/images/1A5BB9D8-F94E-4AE2-91EB-91E53AA65F09-0_31_26_jpeg.rf.22f6cb4bf70d9171375db6973a2f36d2.jpg,1A5BB9D8-F94E-4AE2-91EB-91E53AA65F09-0_31_26_jpeg.rf.22f6cb4bf70d9171375db6973a2f36d2.jpg,a8f153c1c1d142816032900ab4b8ea34a65b3e5add8e95037a54adadf647a5f9
/home/l2e_ayd/cocoa_research/data/raw/roboflow_cocoa/valid/images/1A6CDA8C-E975-4FE7-918E-5C01737D836D-23_14_55_jpeg.rf.eae13b96e15173417c4a83698e546509.jpg,1A6CDA8C-E975-4FE7-918E-5C01737D836D-23_14_55_jpeg.rf.eae13b96e15173417c4a83698e546509.jpg,936807051cbd13377528d5b04da344081a61d41f41998fbb2fe443108088dcae
/home/l2e_ayd/cocoa_research/data/raw/roboflow_cocoa/valid/images/1A8CBB72-B3D3-4214-B36B-8EDFB846767D-22_54_45_jpeg.rf.0e6336af9690933382e2df8f6bc1c717.jpg,1A8CBB72-B3D3-4214-B36B-8EDFB846767D-22_54_45_jpeg.rf.0e6336af9690933382e2df8f6bc1c717.jpg,53f6a6885b24c5d8a33fef257eca845ae46eaeea532f99a993ab49b67e5be83b
/home/l2e_ayd/cocoa_research/data/raw/roboflow_cocoa/valid/images/1C426498-73B4-41D3-9A9E-C4373BC83040-22_53_30_jpeg.rf.59c85cab23256af143e0d3fa4465eca2.jpg,1C426498-73B4-41D3-9A9E-C4373BC83040-22_53_30_jpeg.rf.59c85cab23256af143e0d3fa4465eca2.jpg,714eafcf4bb2faf546c2e70ba7c402c17e19a23677a521a0ae00c9756d284b5a
/home/l2e_ayd/cocoa_research/data/raw/roboflow_cocoa/valid/images/1D302948-1F20-42DF-8F0F-DD098C751C0C-0_46_42_jpeg.rf.ec37b53521eb48f376a2dd2d9cfa9064.jpg,1D302948-1F20-42DF-8F0F-DD098C751C0C-0_46_42_jpeg.rf.ec37b53521eb48f376a2dd2d9cfa9064.jpg,514f9dc8bdc573d2f205b87219090f8a4befddca30027c66015e49fd6715dbca
/home/l2e_ayd/cocoa_research/data/raw/roboflow_cocoa/valid/images/1DCFBA72-CDD7-4042-89C0-7ACB767CD6C8-15_26_0_jpeg.rf.1eaec1620efac5625488316ebfa23100.jpg,1DCFBA72-CDD7-4042-89C0-7ACB767CD6C8-15_26_0_jpeg.rf.1eaec1620efac5625488316ebfa23100.jpg,6a84c9b31c4b288e2ea656d13346b5b09913714fee4ac38db2d041ce56bfae08
/home/l2e_ayd/cocoa_research/data/raw/roboflow_cocoa/valid/images/1EC1D278-7B88-4D59-9719-79407EBF40D5-19_32_50_jpeg.rf.4aea213ed317b64376171fc90f01f239.jpg,1EC1D278-7B88-4D59-9719-79407EBF40D5-19_32_50_jpeg.rf.4aea213ed317b64376171fc90f01f239.jpg,847774d49f8002cbc93acd1cf86178de446784f3aa90fd0cfc59192ba88b298a
/home/l2e_ayd/cocoa_research/data/raw/roboflow_cocoa/valid/images/214A1BC7-809E-40E8-A4A3-4B43DEE92D35-0_33_4_jpeg.rf.615d5b2b2c61f4cad972fe906278e73b.jpg,214A1BC7-809E-40E8-A4A3-4B43DEE92D35-0_33_4_jpeg.rf.615d5b2b2c61f4cad972fe906278e73b.jpg,0b41792bfd065c803ac0548667f958f87e219f466a2cf0b88fb86047bd9ece03
/home/l2e_ayd/cocoa_research/data/raw/roboflow_cocoa/valid/images/21D48D2D-D8A6-4641-8084-9029A9AD8D66-23_8_51_jpeg.rf.7903952e4547868f897733bfff1ad4a8.jpg,21D48D2D-D8A6-4641-8084-9029A9AD8D66-23_8_51_jpeg.rf.7903952e4547868f897733bfff1ad4a8.jpg,f4b481619537b4206313e9e4f5ad56a934a0a0fd4c1d2b85f7792d053f6619ee
/home/l2e_ayd/cocoa_research/data/raw/roboflow_cocoa/valid/images/21DCAAA0-E66F-4DDB-BB3B-A09307F83017-1_18_56_jpeg.rf.21034b46b1063680e5a2c1ac2574ef70.jpg,21DCAAA0-E66F-4DDB-BB3B-A09307F83017-1_18_56_jpeg.rf.21034b46b1063680e5a2c1ac2574ef70.jpg,c6e9cb83fc7f1d59b2f3b90fcf3a9c01a2e1d8cd2a8d51545564949114259fdc
/home/l2e_ayd/cocoa_research/data/raw/roboflow_cocoa/valid/images/22FB210E-DA73-4246-B70C-FF60966FA907-23_24_5_jpeg.rf.c39047bf0baf2e7e61adcf2bcc2b6259.jpg,22FB210E-DA73-4246-B70C-FF60966FA907-23_24_5_jpeg.rf.c39047bf0baf2e7e61adcf2bcc2b6259.jpg,5d35655cae13cd886adf95a154d4814f54e3c7283f8812e50a2cfdbd49e65ead
/home/l2e_ayd/cocoa_research/data/raw/roboflow_cocoa/valid/images/2545144C-0A86-4D2F-8AB1-B7B6FF9A3F47-19_10_8_jpeg.rf.7438a109d687c31d2ba05bc351b0f8dc.jpg,2545144C-0A86-4D2F-8AB1-B7B6FF9A3F47-19_10_8_jpeg.rf.7438a109d687c31d2ba05bc351b0f8dc.jpg,c66034f87cfdd10dce803d5dcc3e91d87a401a6f2bb8c844c2a255382334cdc1
/home/l2e_ayd/cocoa_research/data/raw/roboflow_cocoa/valid/images/2583B7A9-D722-4ED0-AE2E-9B5C580AE928-19_18_6_jpeg.rf.8526c0269e3159ce5c518f720063b377.jpg,2583B7A9-D722-4ED0-AE2E-9B5C580AE928-19_18_6_jpeg.rf.8526c0269e3159ce5c518f720063b377.jpg,239eaaecbb65e2039194a1c0802d25bb147b9a02d2bae817482576316f837d79
/home/l2e_ayd/cocoa_research/data/raw/roboflow_cocoa/valid/images/26B7EF1E-4B65-46C5-A35C-66ECB5D28CD1-19_27_51_jpeg.rf.e84949e4edf537af6080c8a9a0b3261c.jpg,26B7EF1E-4B65-46C5-A35C-66ECB5D28CD1-19_27_51_jpeg.rf.e84949e4edf537af6080c8a9a0b3261c.jpg,f5561943049dffe3e6f739c5f0d8e0d9b5bf4532153bf324a660691da223140d
/home/l2e_ayd/cocoa_research/data/raw/roboflow_cocoa/valid/images/270AA4CB-BE83-4E7E-B8B4-6B61EF3AFDE4-0_41_38_jpeg.rf.5340c29cab69e0baf6cc554db9abea35.jpg,270AA4CB-BE83-4E7E-B8B4-6B61EF3AFDE4-0_41_38_jpeg.rf.5340c29cab69e0baf6cc554db9abea35.jpg,408c9eef805032f0429718960b7e4e73a6f5c9b4c23dccecc3bbab73fa2aa2b8
/home/l2e_ayd/cocoa_research/data/raw/roboflow_cocoa/valid/images/2762CF2D-6A83-4BD6-BFC0-D5AB698C80FD-0_55_44-2-_jpeg.rf.de63fbf82c81f8bfa38e65637ca73b85.jpg,2762CF2D-6A83-4BD6-BFC0-D5AB698C80FD-0_55_44-2-_jpeg.rf.de63fbf82c81f8bfa38e65637ca73b85.jpg,80ddddf44cfe6835ac9b644c69351e31f154a7e68349a911d13be89c2cacbef1
/home/l2e_ayd/cocoa_research/data/raw/roboflow_cocoa/valid/images/286B7CED-3BE8-49D2-B43E-7AD7AF94F5C6-18_43_26_jpeg.rf.33bc2b6ebafa6efe1b891570606b5682.jpg,286B7CED-3BE8-49D2-B43E-7AD7AF94F5C6-18_43_26_jpeg.rf.33bc2b6ebafa6efe1b891570606b5682.jpg,2e53f8e291ef3648f9cfb9e9c08029432bb306fb567f16062afba396ae26cd0c
/home/l2e_ayd/cocoa_research/data/raw/roboflow_cocoa/valid/images/28DD306E-F170-43CD-9876-D60DF36AE198-1_30_35_jpeg.rf.4afa83ba75f68df11d29c9dcdc8a7792.jpg,28DD306E-F170-43CD-9876-D60DF36AE198-1_30_35_jpeg.rf.4afa83ba75f68df11d29c9dcdc8a7792.jpg,d4705bea65d4ca2589544c6945762e5782eefa87d73c75ab663e30771f4b0567
/home/l2e_ayd/cocoa_research/data/raw/roboflow_cocoa/valid/images/2C091823-D4A4-4AD0-97F2-8183D3DEA4A2-18_41_14_jpeg.rf.9a20d9efef8c2b69b8db1e665b366960.jpg,2C091823-D4A4-4AD0-97F2-8183D3DEA4A2-18_41_14_jpeg.rf.9a20d9efef8c2b69b8db1e665b366960.jpg,814613c847a34cc501a3740103b4d843c1d197dfef7ad5ab620bced61cf5c697
/home/l2e_ayd/cocoa_research/data/raw/roboflow_cocoa/valid/images/2C3B99CF-F30C-4FBE-A637-2C10F2CF3A01-23_16_58_jpeg.rf.3e5268a55aa021c19d0261b47b02ed80.jpg,2C3B99CF-F30C-4FBE-A637-2C10F2CF3A01-23_16_58_jpeg.rf.3e5268a55aa021c19d0261b47b02ed80.jpg,bab2577563eb9af12b7acb1f993d2ab1ee017ade97c2216b552cbb40b54cde21
/home/l2e_ayd/cocoa_research/data/raw/roboflow_cocoa/valid/images/2CF61DBD-F766-4033-98A0-DC29B5083A90-22_20_26_jpeg.rf.a29959ae702d15bb2e2959aa0dc1caba.jpg,2CF61DBD-F766-4033-98A0-DC29B5083A90-22_20_26_jpeg.rf.a29959ae702d15bb2e2959aa0dc1caba.jpg,1a9e97def0a3771c05996bcd0003826d56fc3b561bc4c8865a63e68f3449dac4
/home/l2e_ayd/cocoa_research/data/raw/roboflow_cocoa/valid/images/2FE425A4-15FF-4F82-9D0D-FC4D32BD1C2E-23_8_35_jpeg.rf.d1f8dc9a7e2114569498a15c84e01734.jpg,2FE425A4-15FF-4F82-9D0D-FC4D32BD1C2E-23_8_35_jpeg.rf.d1f8dc9a7e2114569498a15c84e01734.jpg,d3c3dfd2f1001f48787b2f3977706c1e5355cfb3315a7293001d2a4cf37a41e3
/home/l2e_ayd/cocoa_research/data/raw/roboflow_cocoa/valid/images/3000C868-AEFD-42CF-ADD4-2ED55E46CB74-22_59_44_jpeg.rf.2406399f36bad8147b94f201089eb1d2.jpg,3000C868-AEFD-42CF-ADD4-2ED55E46CB74-22_59_44_jpeg.rf.2406399f36bad8147b94f201089eb1d2.jpg,37a49c22098a9941d66a96ef44f48f64fccfb1ed199fa99b74021de258526320
/home/l2e_ayd/cocoa_research/data/raw/roboflow_cocoa/valid/images/328902FA-99FA-4302-8EF0-F2D68D51C709-19_44_59_jpeg.rf.98777b95bc5f14c343b5ab76b1345bf1.jpg,328902FA-99FA-4302-8EF0-F2D68D51C709-19_44_59_jpeg.rf.98777b95bc5f14c343b5ab76b1345bf1.jpg,2478387c909df3dc1d93fe0f1765af596314bba494e6ebcbaf3e302fb6e9a3ab
/home/l2e_ayd/cocoa_research/data/raw/roboflow_cocoa/valid/images/32EE704F-1E26-4F3F-A501-780CD50C3188-1_25_41_jpeg.rf.c83b50b444928a470090c0b7a60af9e1.jpg,32EE704F-1E26-4F3F-A501-780CD50C3188-1_25_41_jpeg.rf.c83b50b444928a470090c0b7a60af9e1.jpg,c4cce7358ff4f65a166e57079007f803b43de09e7a6498f79acc5edca76d9d1f
/home/l2e_ayd/cocoa_research/data/raw/roboflow_cocoa/valid/images/32FF98E8-6E5E-43C0-AD6B-95E145D4AB64-22_19_26_jpeg.rf.df49d2fcb7c1b42a5ff0c9c9499c9410.jpg,32FF98E8-6E5E-43C0-AD6B-95E145D4AB64-22_19_26_jpeg.rf.df49d2fcb7c1b42a5ff0c9c9499c9410.jpg,090c7c9d9574320b0e4eb0a0a1f0df4d16ba00b4242b8685bfc84cb074fe30a8
/home/l2e_ayd/cocoa_research/data/raw/roboflow_cocoa/valid/images/345DE081-6EF1-4F00-A723-CF038D886DD5-2_57_2_jpeg.rf.a31c04e70cf0f9a5dbb5e83e095d9073.jpg,345DE081-6EF1-4F00-A723-CF038D886DD5-2_57_2_jpeg.rf.a31c04e70cf0f9a5dbb5e83e095d9073.jpg,1d4ffb5f9b31ab2907dd79e2bfbbc1b83f1c4b86a64b176654676e2a970e7551
/home/l2e_ayd/cocoa_research/data/raw/roboflow_cocoa/valid/images/34EC276F-363A-459C-89A0-3901A7E3B091-19_7_40_jpeg.rf.0411f2d8f56009d88caa8c1b6d119730.jpg,34EC276F-363A-459C-89A0-3901A7E3B091-19_7_40_jpeg.rf.0411f2d8f56009d88caa8c1b6d119730.jpg,ec7e95c21a4e105b57def3fb7001d05c6cc3142a3cc37cd254a13a0d48c4a965
/home/l2e_ayd/cocoa_research/data/raw/roboflow_cocoa/valid/images/35BA01DD-9145-44BE-8229-A5E5F71EFB90-18_53_45_jpeg.rf.32368c9402fe8ff34f6c969f603eb218.jpg,35BA01DD-9145-44BE-8229-A5E5F71EFB90-18_53_45_jpeg.rf.32368c9402fe8ff34f6c969f603eb218.jpg,e1ede6a6815e08993fc9abf1ab79626a727e7f87c54b892634f33d285d4eaf90
/home/l2e_ayd/cocoa_research/data/raw/roboflow_cocoa/valid/images/36ABCEFA-859D-4EC5-BADF-75C15571DF24-9_56_58_jpeg.rf.76cc4a88a2305e519849e36cae20dd39.jpg,36ABCEFA-859D-4EC5-BADF-75C15571DF24-9_56_58_jpeg.rf.76cc4a88a2305e519849e36cae20dd39.jpg,5ea30bec15cab73abfb278c2f7a6e85337e338a491a5648dc58f9dc1a81b3c55
/home/l2e_ayd/cocoa_research/data/raw/roboflow_cocoa/valid/images/39D8D7A0-0920-4316-8555-46BDB0F92E02-22_24_53_jpeg.rf.62d3644681e2538ff17da22e78cc261e.jpg,39D8D7A0-0920-4316-8555-46BDB0F92E02-22_24_53_jpeg.rf.62d3644681e2538ff17da22e78cc261e.jpg,832b748f8097e09ba1e06e44a06df684f172c6da4444fa5c49e8ad263b4d255b
/home/l2e_ayd/cocoa_research/data/raw/roboflow_cocoa/valid/images/3A1421FF-2130-4589-B3FD-79AA126A41BE-0_7_30-1-_jpeg.rf.9c305ebbd55000a107aea33033833ff9.jpg,3A1421FF-2130-4589-B3FD-79AA126A41BE-0_7_30-1-_jpeg.rf.9c305ebbd55000a107aea33033833ff9.jpg,d85eae507d22e17f0c6f83e3e5f7d2d89aa5e29332ba79bb74434c5925d74034
/home/l2e_ayd/cocoa_research/data/raw/roboflow_cocoa/valid/images/3CB5FB5B-2FFB-45A0-8E2F-4E72ADEAC34D-19_45_50_jpeg.rf.9f350406e7c461d63fd5dac1ca0308b4.jpg,3CB5FB5B-2FFB-45A0-8E2F-4E72ADEAC34D-19_45_50_jpeg.rf.9f350406e7c461d63fd5dac1ca0308b4.jpg,125eadc495b456204cef424dfb605d132e360091750bac00d69202c708ceb581
/home/l2e_ayd/cocoa_research/data/raw/roboflow_cocoa/valid/images/3CE325DE-2C61-4CA2-9769-341B02DEDAB9-23_47_10_jpeg.rf.2d1d0d20b0532ae05a12349595e37bcc.jpg,3CE325DE-2C61-4CA2-9769-341B02DEDAB9-23_47_10_jpeg.rf.2d1d0d20b0532ae05a12349595e37bcc.jpg,77de4529c24bccf3dd7a31c8e9956c345544f4edb48164a4ff57b7b322f96aee
/home/l2e_ayd/cocoa_research/data/raw/roboflow_cocoa/valid/images/3EE42017-0A82-4EA7-8F37-7CA5F73781CA-23_14_12_jpeg.rf.e1f97bea7970db7529f4989a91ebcc4b.jpg,3EE42017-0A82-4EA7-8F37-7CA5F73781CA-23_14_12_jpeg.rf.e1f97bea7970db7529f4989a91ebcc4b.jpg,a70fa882f7f766416597aaa0d77b537d1d08b3ff11ada9f49d271fc8dd3dd7ad
/home/l2e_ayd/cocoa_research/data/raw/roboflow_cocoa/valid/images/3F1C0AEC-C88E-4131-A2A2-5F0B7CC1A759-0_36_13-1-_jpeg.rf.5ec0e789d5c440232f5fa21089199919.jpg,3F1C0AEC-C88E-4131-A2A2-5F0B7CC1A759-0_36_13-1-_jpeg.rf.5ec0e789d5c440232f5fa21089199919.jpg,25a790d338cc431d32b9f7b878efa28d86f5b9984fe35951e8c71e88ec3f5485
/home/l2e_ayd/cocoa_research/data/raw/roboflow_cocoa/valid/images/3F77CACC-EC1C-40E8-BBD4-653FC713D124-0_39_20_jpeg.rf.ca18470e20e925c7b129ea6244c09723.jpg,3F77CACC-EC1C-40E8-BBD4-653FC713D124-0_39_20_jpeg.rf.ca18470e20e925c7b129ea6244c09723.jpg,bdeb883e1e28f1942d322f1527baec890ade86379ae20928334436684945116d
/home/l2e_ayd/cocoa_research/data/raw/roboflow_cocoa/valid/images/400293100287_47079-14_8_7_jpg.rf.e1e4af36a19d5d212505daec5160308e.jpg,400293100287_47079-14_8_7_jpg.rf.e1e4af36a19d5d212505daec5160308e.jpg,3e34696203bb753378d1a91b75695aeada8808f58a6d3c3a98e620dbaeb04052
/home/l2e_ayd/cocoa_research/data/raw/roboflow_cocoa/valid/images/4048444B-A898-4138-98DB-111A898421C9-19_56_32_jpeg.rf.d8ac85c0ce56e5c2b62ee118610cc9a6.jpg,4048444B-A898-4138-98DB-111A898421C9-19_56_32_jpeg.rf.d8ac85c0ce56e5c2b62ee118610cc9a6.jpg,c195f1dbae0c9bb0621bd5c2c0dd4629edf86c61e650a926783dbcdee417419b
/home/l2e_ayd/cocoa_research/data/raw/roboflow_cocoa/valid/images/40C05AB6-59D9-4FD6-83AC-BC34F4DFDDE3-23_2_40_jpeg.rf.13d5542662c31aed2d625cbde771c336.jpg,40C05AB6-59D9-4FD6-83AC-BC34F4DFDDE3-23_2_40_jpeg.rf.13d5542662c31aed2d625cbde771c336.jpg,c2b2815cf22074e5620ab76209a2ee565faee93715cde1bc29ed012274d59683
/home/l2e_ayd/cocoa_research/data/raw/roboflow_cocoa/valid/images/412C1CD7-FC0D-47E7-995A-B82D8441AEAC-1_11_58_jpeg.rf.9d67132c3b86263aca839e8db02cdf78.jpg,412C1CD7-FC0D-47E7-995A-B82D8441AEAC-1_11_58_jpeg.rf.9d67132c3b86263aca839e8db02cdf78.jpg,c11173183be2d4a6bfd530f1372ec56a01e6b7f7b8911a762f565c746b9cbd1c
/home/l2e_ayd/cocoa_research/data/raw/roboflow_cocoa/valid/images/42C260D3-4ADA-4F98-BEB4-7DE885EF6850-10_57_4_jpeg.rf.e03ab51703cd0c33f44e609a354d445b.jpg,42C260D3-4ADA-4F98-BEB4-7DE885EF6850-10_57_4_jpeg.rf.e03ab51703cd0c33f44e609a354d445b.jpg,9a14aee94375e1f825041b32693aed8820824554cf3ec53d51f0573330e7c3fc
/home/l2e_ayd/cocoa_research/data/raw/roboflow_cocoa/valid/images/44AE4174-11F2-4C47-A7E8-C59D5ACCE5E8-20_6_35_jpeg.rf.831fdcf52ef5713d6f94c2a5f34e93bd.jpg,44AE4174-11F2-4C47-A7E8-C59D5ACCE5E8-20_6_35_jpeg.rf.831fdcf52ef5713d6f94c2a5f34e93bd.jpg,4527e71ce2658f42f10f6d671948c59e437fd9fc6fa81273473ee50feb737b67
/home/l2e_ayd/cocoa_research/data/raw/roboflow_cocoa/valid/images/454E2B4F-75A0-4BAF-9D68-D41065CBE7D9-1_25_57_jpeg.rf.fa9be2808a186a930627f8bd63e2ca39.jpg,454E2B4F-75A0-4BAF-9D68-D41065CBE7D9-1_25_57_jpeg.rf.fa9be2808a186a930627f8bd63e2ca39.jpg,a0d8dc0197ff9bc582e8d9592e5a95a13bf7e8ea6aa513337125c410862838bf
/home/l2e_ayd/cocoa_research/data/raw/roboflow_cocoa/valid/images/46DC6426-4C3A-4D0C-85A9-DBAE41CE8416-1_32_6_jpeg.rf.58cc7725b9f3c3f9d72102175ee3b1c2.jpg,46DC6426-4C3A-4D0C-85A9-DBAE41CE8416-1_32_6_jpeg.rf.58cc7725b9f3c3f9d72102175ee3b1c2.jpg,521b6d3dec0ad4f1eff3f499f3bac677bad17be257744955feb10e6c20a6395e
/home/l2e_ayd/cocoa_research/data/raw/roboflow_cocoa/valid/images/48B54DB9-8C7E-41C0-8157-E3000770EB35-22_20_19_jpeg.rf.15a996e4f90412b59cc24472205f8eac.jpg,48B54DB9-8C7E-41C0-8157-E3000770EB35-22_20_19_jpeg.rf.15a996e4f90412b59cc24472205f8eac.jpg,3d4980a87a8e487baf71ff4199301fdffe8e1d4c5c317063dd2b67a68ec3fdf6
/home/l2e_ayd/cocoa_research/data/raw/roboflow_cocoa/valid/images/4A0C1BB8-F64D-47EA-98DD-DB4C5750703B-23_7_21_jpeg.rf.d459afe5ea98d4505734c80f8529f8c0.jpg,4A0C1BB8-F64D-47EA-98DD-DB4C5750703B-23_7_21_jpeg.rf.d459afe5ea98d4505734c80f8529f8c0.jpg,6dc3b84129d4c098313f3a8d00b010cd0b25466ef4757e86aaf3673aa810ebf3
/home/l2e_ayd/cocoa_research/data/raw/roboflow_cocoa/valid/images/4A988A8E-A2C2-4A50-8303-4F087DC24FA2-9_45_57_jpeg.rf.e056e00e36b3a319fcda4dcc94b9720c.jpg,4A988A8E-A2C2-4A50-8303-4F087DC24FA2-9_45_57_jpeg.rf.e056e00e36b3a319fcda4dcc94b9720c.jpg,163a2c61f73e43b23df1440e17b3a1a58dbfd8e36711fa1436b1abbf6e4abbe1
/home/l2e_ayd/cocoa_research/data/raw/roboflow_cocoa/valid/images/4D3D2E77-D582-40B5-9E8F-31C6EC10F110-1_3_38_jpeg.rf.077ec1b4d19d60047e9af3f1c63806a9.jpg,4D3D2E77-D582-40B5-9E8F-31C6EC10F110-1_3_38_jpeg.rf.077ec1b4d19d60047e9af3f1c63806a9.jpg,6eff9a522af51c94abb4de42a561db836be06b7366430942b37a9b298b2af5df
/home/l2e_ayd/cocoa_research/data/raw/roboflow_cocoa/valid/images/4EB7E19C-2519-4092-88BB-1F5AE2776223-1_28_31_jpeg.rf.2954a2d36d1e3ba3fa16cbc447cc876e.jpg,4EB7E19C-2519-4092-88BB-1F5AE2776223-1_28_31_jpeg.rf.2954a2d36d1e3ba3fa16cbc447cc876e.jpg,0579a32c1d4ac08e58b26d4e626936228e1064f6785c71e217210956f5c33100
/home/l2e_ayd/cocoa_research/data/raw/roboflow_cocoa/valid/images/4F877490-72D0-4B41-B8D0-A929959340ED-1_48_10_jpeg.rf.453628045b977aa9c217ca799cf90ab2.jpg,4F877490-72D0-4B41-B8D0-A929959340ED-1_48_10_jpeg.rf.453628045b977aa9c217ca799cf90ab2.jpg,ba163a68aca2a856c1c33c04ccc3da8703208364419cdb68fde2be620c0b4ad0
/home/l2e_ayd/cocoa_research/data/raw/roboflow_cocoa/valid/images/4FAD53B0-163C-4265-9B20-85EC42621115-2_10_34_jpeg.rf.1b086b7cd25c65bb188cf899f44263a2.jpg,4FAD53B0-163C-4265-9B20-85EC42621115-2_10_34_jpeg.rf.1b086b7cd25c65bb188cf899f44263a2.jpg,e25b7e2b684497928011198bd53c4996026ee47723d5d39aa448ae2612bb90ad
/home/l2e_ayd/cocoa_research/data/raw/roboflow_cocoa/valid/images/530398D2-76B5-48CA-AEA2-1C16EA5F8C94-23_9_4_jpeg.rf.f3819571d7eb86d5b4acaa421a4ec756.jpg,530398D2-76B5-48CA-AEA2-1C16EA5F8C94-23_9_4_jpeg.rf.f3819571d7eb86d5b4acaa421a4ec756.jpg,1466213d7ae17404299f30e2ecb328cf3ddc51daab161c47430496d6de489c99
/home/l2e_ayd/cocoa_research/data/raw/roboflow_cocoa/valid/images/547A53F8-3CB1-4E3D-B994-31AF199AA79D-8_34_47_jpeg.rf.d53a75c0213a986870d0c9af1d4c0519.jpg,547A53F8-3CB1-4E3D-B994-31AF199AA79D-8_34_47_jpeg.rf.d53a75c0213a986870d0c9af1d4c0519.jpg,5c31d3c4c9b3556e7e1ddff0d47e9722d609dcac049eb26af4f235eb71ccc917
/home/l2e_ayd/cocoa_research/data/raw/roboflow_cocoa/valid/images/54CE1523-0152-401E-9478-0AFB39D6AAF5-9_26_7_jpeg.rf.e5bd2444e25225e43841e9c09bffa454.jpg,54CE1523-0152-401E-9478-0AFB39D6AAF5-9_26_7_jpeg.rf.e5bd2444e25225e43841e9c09bffa454.jpg,100b7cd110646a057b74f4dd5542686244a85f365ad96d9dda613feea976bd76
/home/l2e_ayd/cocoa_research/data/raw/roboflow_cocoa/valid/images/54F383A7-1C8F-4083-9A02-105CB89E3A51-1_10_22_jpeg.rf.5b88ba5550e1e811d804084b0ce7ba33.jpg,54F383A7-1C8F-4083-9A02-105CB89E3A51-1_10_22_jpeg.rf.5b88ba5550e1e811d804084b0ce7ba33.jpg,40ee62211f5cc6b6a5c587a743ac48b3f1dee9b0d61a77f47c1edcbd3ae6360d
/home/l2e_ayd/cocoa_research/data/raw/roboflow_cocoa/valid/images/559D3017-C1F2-4C1A-9C22-F0ED20E30B26-22_24_5_jpeg.rf.924a81299c0db3276511dbdcfebc44e8.jpg,559D3017-C1F2-4C1A-9C22-F0ED20E30B26-22_24_5_jpeg.rf.924a81299c0db3276511dbdcfebc44e8.jpg,f04b3e6427551946f681144b277cc55d6b9c297ab35006f0f88d97a99271b736
/home/l2e_ayd/cocoa_research/data/raw/roboflow_cocoa/valid/images/5718FD8B-A96D-4277-A702-23596ADEA2094-23_24_47_jpeg.rf.1290428f577ece610561162883cb7998.jpg,5718FD8B-A96D-4277-A702-23596ADEA2094-23_24_47_jpeg.rf.1290428f577ece610561162883cb7998.jpg,4f1ee37da7c457779e38ace1de4668232e018cb2b3cd21f15fb84cf859014c77
/home/l2e_ayd/cocoa_research/data/raw/roboflow_cocoa/valid/images/57792F59-BCE2-414B-989D-57A6EC7CA398-23_34_55_jpeg.rf.8f0666c00c280665f0225f01065838c4.jpg,57792F59-BCE2-414B-989D-57A6EC7CA398-23_34_55_jpeg.rf.8f0666c00c280665f0225f01065838c4.jpg,2ba669ce86ac766d9c3d956f992b569db609dba31943769fb1a1aed93a8f0449
/home/l2e_ayd/cocoa_research/data/raw/roboflow_cocoa/valid/images/5891AEBB-ADCC-48A7-BCB0-ED9423DF4BF9-0_29_30_jpeg.rf.1d62a77fac15a24ed233bfebbf036847.jpg,5891AEBB-ADCC-48A7-BCB0-ED9423DF4BF9-0_29_30_jpeg.rf.1d62a77fac15a24ed233bfebbf036847.jpg,d3ca2b85d60a8ca724a5a0b77b723651a0b1584a42f459f068e76a7132e67bc9
/home/l2e_ayd/cocoa_research/data/raw/roboflow_cocoa/valid/images/5BACFD1B-4057-431D-9142-D294E1094E9F-9_45_8_jpeg.rf.8eb7a8df927926ae68032fcd8e985723.jpg,5BACFD1B-4057-431D-9142-D294E1094E9F-9_45_8_jpeg.rf.8eb7a8df927926ae68032fcd8e985723.jpg,f5b7176b96a03f88b6ed96f4f79e1898a8b5b834242dfcdc2d66d0e1648e35a1
/home/l2e_ayd/cocoa_research/data/raw/roboflow_cocoa/valid/images/5C198071-4E2E-49BB-A98F-7C841E163BC0-10_51_6_jpeg.rf.4f2f4ee2ea64f8c4e41a9c103a1ee458.jpg,5C198071-4E2E-49BB-A98F-7C841E163BC0-10_51_6_jpeg.rf.4f2f4ee2ea64f8c4e41a9c103a1ee458.jpg,4bfe93723835233c2c8af2dec487bec5145667c869df0dee9ce20f99bc99e42b
/home/l2e_ayd/cocoa_research/data/raw/roboflow_cocoa/valid/images/5D3CD963-C433-4C24-8310-37E0B98A9D73-2_38_54_jpeg.rf.c96ba5abc60b1d859e9b666375538797.jpg,5D3CD963-C433-4C24-8310-37E0B98A9D73-2_38_54_jpeg.rf.c96ba5abc60b1d859e9b666375538797.jpg,8f8b6a0399953d7cf1a2992fb9c1e8807593063d4246a23801c28eba33ec91d7
/home/l2e_ayd/cocoa_research/data/raw/roboflow_cocoa/valid/images/5D9F0DAC-455D-446E-B18D-142483F0BB90-22_1_7_jpeg.rf.ac417e45460c73d6abcffe284a433c50.jpg,5D9F0DAC-455D-446E-B18D-142483F0BB90-22_1_7_jpeg.rf.ac417e45460c73d6abcffe284a433c50.jpg,deb7afdd2c060fca2ad9e38391bae2536e47274ccab7a39f5511889207f21753
/home/l2e_ayd/cocoa_research/data/raw/roboflow_cocoa/valid/images/5DA0AE94-FD1F-4EE9-908E-82E12842E949-1_6_20_jpeg.rf.328343f298ec468297450df1b5c17024.jpg,5DA0AE94-FD1F-4EE9-908E-82E12842E949-1_6_20_jpeg.rf.328343f298ec468297450df1b5c17024.jpg,80b27347f7bb63a4fdb4a3d8f2c546899d8efd0d225ca762cbf51964ee268a5f
/home/l2e_ayd/cocoa_research/data/raw/roboflow_cocoa/valid/images/5DB487FB-F82D-4CCE-8C2E-20DF2BE91E3A-22_15_55_jpeg.rf.b7279e4da82cf0153679d4dc0c226544.jpg,5DB487FB-F82D-4CCE-8C2E-20DF2BE91E3A-22_15_55_jpeg.rf.b7279e4da82cf0153679d4dc0c226544.jpg,65f0db90b05df279249f4073564777564953289ae5add74b63b395d628b22319
/home/l2e_ayd/cocoa_research/data/raw/roboflow_cocoa/valid/images/5F35D879-0548-4F98-8699-FF14F1DBEDEA-19_18_52_jpeg.rf.f03ed56f1fd20b687759c7ac79e5bcdb.jpg,5F35D879-0548-4F98-8699-FF14F1DBEDEA-19_18_52_jpeg.rf.f03ed56f1fd20b687759c7ac79e5bcdb.jpg,0f38fb2c32cb6ff95f73439dd331b14a77073dc00259bfafe75c0f25bc004408
/home/l2e_ayd/cocoa_research/data/raw/roboflow_cocoa/valid/images/5FCA0FF0-4E39-4A00-BDT09-A7B0D94E3458-23_34_30_jpeg.rf.a4e34d16c696b9139ef137636bf1a568.jpg,5FCA0FF0-4E39-4A00-BDT09-A7B0D94E3458-23_34_30_jpeg.rf.a4e34d16c696b9139ef137636bf1a568.jpg,2e0e7cc08b3339358101edbb4279c87e4fc36866e3c9289b16f91f75684ccf5a
/home/l2e_ayd/cocoa_research/data/raw/roboflow_cocoa/valid/images/6196B0CE-E017-42AB-AE13-018764A34FA0C-23_5_54_jpeg.rf.69566084d099c37acdd7386d9c3766d0.jpg,6196B0CE-E017-42AB-AE13-018764A34FA0C-23_5_54_jpeg.rf.69566084d099c37acdd7386d9c3766d0.jpg,2a878acc5d3cb1e4bfd977a25705c3cb5c80c18793809bf9d113f7db87614018
/home/l2e_ayd/cocoa_research/data/raw/roboflow_cocoa/valid/images/61CC4005-3838-4F3D-BB34-41E5C1A7A048-15_19_20_jpeg.rf.5a200ff169621981dad9fc20114d1e83.jpg,61CC4005-3838-4F3D-BB34-41E5C1A7A048-15_19_20_jpeg.rf.5a200ff169621981dad9fc20114d1e83.jpg,3ed365713a2aeb798b24bfd3aca4c827f3ea04baee345e60f352c18d31c6f840
/home/l2e_ayd/cocoa_research/data/raw/roboflow_cocoa/valid/images/644BBE08-55E6-4EF6-92AD-A428637071A9-18_22_40_jpeg.rf.3f58b808eb56995190ebf350ed3e3e61.jpg,644BBE08-55E6-4EF6-92AD-A428637071A9-18_22_40_jpeg.rf.3f58b808eb56995190ebf350ed3e3e61.jpg,c5ed956afe9dd6f9d65800d7603038a563f2f41f477c2e6b0920e86d5b3ecf06
/home/l2e_ayd/cocoa_research/data/raw/roboflow_cocoa/valid/images/654E2EC1-4135-4210-8D0F-F46C1A1FF99E-0_20_24_jpeg.rf.76b2cba910c1f222cf61debb2b4f7ab7.jpg,654E2EC1-4135-4210-8D0F-F46C1A1FF99E-0_20_24_jpeg.rf.76b2cba910c1f222cf61debb2b4f7ab7.jpg,c07ebd41fac4bc22d40d3f2a5c6836b5bc4a874a64e089bd8e0109befdbcd862
/home/l2e_ayd/cocoa_research/data/raw/roboflow_cocoa/valid/images/68C57613-055F-4B6E-B025-3354BAFD94FE-0_18_28_jpeg.rf.5c48dd5aa13ec62c0033b967bc68bc61.jpg,68C57613-055F-4B6E-B025-3354BAFD94FE-0_18_28_jpeg.rf.5c48dd5aa13ec62c0033b967bc68bc61.jpg,766650aa2894127391c9480b7fcc74ab8ed3483d390c04bde472aef7f3d90212
/home/l2e_ayd/cocoa_research/data/raw/roboflow_cocoa/valid/images/68D6F23F-E2CC-4A3D-B83D-D58634DF79CE-0_37_3_jpeg.rf.e32ea567cd0b3c33e614bd8004a40300.jpg,68D6F23F-E2CC-4A3D-B83D-D58634DF79CE-0_37_3_jpeg.rf.e32ea567cd0b3c33e614bd8004a40300.jpg,d384a4a04753b0dfab60a94bb192078b10dfc1613ba4432f8342724ef51a95b1
/home/l2e_ayd/cocoa_research/data/raw/roboflow_cocoa/valid/images/691942F1-224B-4359-9EF5-722C03A4C16D-19_21_50_jpeg.rf.534e678e39a0670535bd31c5cb348f95.jpg,691942F1-224B-4359-9EF5-722C03A4C16D-19_21_50_jpeg.rf.534e678e39a0670535bd31c5cb348f95.jpg,201c5d41d746ce53ed382571721add1ca0d7fdf15dcb5da5faa34bac80646d0e
/home/l2e_ayd/cocoa_research/data/raw/roboflow_cocoa/valid/images/69DDF437-E7F7-43E2-B71B-B4C1465BC540-21_59_6_jpeg.rf.860f49f0ffaba7bc6caf4720657dc31b.jpg,69DDF437-E7F7-43E2-B71B-B4C1465BC540-21_59_6_jpeg.rf.860f49f0ffaba7bc6caf4720657dc31b.jpg,7f17946f9d2b703560316a2e068a9cc1d78e70e8229e60709570d83665813d85
/home/l2e_ayd/cocoa_research/data/raw/roboflow_cocoa/valid/images/69EB6797-D9DA-43EF-B660-673F55327836-23_49_47_jpeg.rf.c133134b5f6090a510dfcccdae88f49a.jpg,69EB6797-D9DA-43EF-B660-673F55327836-23_49_47_jpeg.rf.c133134b5f6090a510dfcccdae88f49a.jpg,ca9df5b620d0b1dba1bd3d44e179b40a4857a55e4384a1266614d23ae9a23bdf
/home/l2e_ayd/cocoa_research/data/raw/roboflow_cocoa/valid/images/69FAA77B-51E7-429E-8537-F482C28053D9-1_55_0_jpeg.rf.cd108b2d1f56d412c8af5736d7edce68.jpg,69FAA77B-51E7-429E-8537-F482C28053D9-1_55_0_jpeg.rf.cd108b2d1f56d412c8af5736d7edce68.jpg,f5e395811cf2310e660033a35b3fa64bdeb8e24c352de6659f0c66f1d2092227
/home/l2e_ayd/cocoa_research/data/raw/roboflow_cocoa/valid/images/6AFB4117-F470-4384-B65C-5494F7AB47A2-1_8_55_jpeg.rf.08de64ae0f1ea3fd6d81bd80e8e6c5eb.jpg,6AFB4117-F470-4384-B65C-5494F7AB47A2-1_8_55_jpeg.rf.08de64ae0f1ea3fd6d81bd80e8e6c5eb.jpg,6965d4d7f721351ac0161697e97d7b2f65d3128ab519bbaa7c224c300cef1d3f
/home/l2e_ayd/cocoa_research/data/raw/roboflow_cocoa/valid/images/6C3D0F15-51BB-452A-8406-34C9A37BB5A2-0_21_21_jpeg.rf.1fb91f18731e5ba462b8a68afc68afa2.jpg,6C3D0F15-51BB-452A-8406-34C9A37BB5A2-0_21_21_jpeg.rf.1fb91f18731e5ba462b8a68afc68afa2.jpg,f09ca55f1ee8ab808e3c9686e90d1beea605ad4ee5be7453489aef32de910be6
/home/l2e_ayd/cocoa_research/data/raw/roboflow_cocoa/valid/images/6D6419AD-DBF0-41A8-B6EC-C162F43F614A-19_36_49_jpeg.rf.ec044b8413b06f8b60210abeca1a0790.jpg,6D6419AD-DBF0-41A8-B6EC-C162F43F614A-19_36_49_jpeg.rf.ec044b8413b06f8b60210abeca1a0790.jpg,5082e23706359a62820fcf8b9f0685247a069a75e63fa4bee889cee8f6e1fd30
/home/l2e_ayd/cocoa_research/data/raw/roboflow_cocoa/valid/images/6E001EA2-2401-4088-9ACC-1E523A9DEEFD-23_9_11_jpeg.rf.8f810cd3f1ba06e13e68ec7635ee4ff0.jpg,6E001EA2-2401-4088-9ACC-1E523A9DEEFD-23_9_11_jpeg.rf.8f810cd3f1ba06e13e68ec7635ee4ff0.jpg,fa238a63d65736276006c3f807a638bc64e1dfd2e5323bdb81440aeb1b8775b4
/home/l2e_ayd/cocoa_research/data/raw/roboflow_cocoa/valid/images/6E7AB1CC-E2AB-4013-A9B4-852544255249-18_22_48-1-_jpeg.rf.a68066cca4532540e914daa2f77106be.jpg,6E7AB1CC-E2AB-4013-A9B4-852544255249-18_22_48-1-_jpeg.rf.a68066cca4532540e914daa2f77106be.jpg,8447b9498d2ff16c76c797f9fb1f335b9596d676db795bce19c1dc8c8aa0abf2
/home/l2e_ayd/cocoa_research/data/raw/roboflow_cocoa/valid/images/6EB93644-8EAF-4CCD-A6F3-3366F9E0889C-23_50_41_jpeg.rf.27ef373f32d1539222dd02711690aec4.jpg,6EB93644-8EAF-4CCD-A6F3-3366F9E0889C-23_50_41_jpeg.rf.27ef373f32d1539222dd02711690aec4.jpg,38489faad858cc4730002ce4de2504fe8cc87a06d8b7218af1e9b5f00e8cf612
/home/l2e_ayd/cocoa_research/data/raw/roboflow_cocoa/valid/images/6FB3F99E-EEA6-42F1-A002-9D8ACC2EC82F-0_16_12_jpeg.rf.b8f7d566cd89ff93fb5b580db24ddf1a.jpg,6FB3F99E-EEA6-42F1-A002-9D8ACC2EC82F-0_16_12_jpeg.rf.b8f7d566cd89ff93fb5b580db24ddf1a.jpg,39c51a86db0d86dd8e7fb0ad2c2fe83b5f6ebc9041dc522716054ef2f7cf84fb
/home/l2e_ayd/cocoa_research/data/raw/roboflow_cocoa/valid/images/701AA8D4-282C-431E-9E02-D753DBA3C6BC-0_18_22_jpeg.rf.a8b761c7c44e966ddbaae2a3412b2e72.jpg,701AA8D4-282C-431E-9E02-D753DBA3C6BC-0_18_22_jpeg.rf.a8b761c7c44e966ddbaae2a3412b2e72.jpg,55cb50e6426eaf45d56bfea23a491a5f6b2dc75376b5e792e2a03caa2ad365bd
/home/l2e_ayd/cocoa_research/data/raw/roboflow_cocoa/valid/images/7086BC70-DFE0-4A70-9AF7-26D82873E901-19_27_45_jpeg.rf.92fcb7cfe09410ee935d380f9129c011.jpg,7086BC70-DFE0-4A70-9AF7-26D82873E901-19_27_45_jpeg.rf.92fcb7cfe09410ee935d380f9129c011.jpg,46cb6391fda33a3bff433194839d85372ccdffc3a775f25f4a93e3a408c2a93a
/home/l2e_ayd/cocoa_research/data/raw/roboflow_cocoa/valid/images/70F617C5-6AAE-4F46-9E1B-E0AAD5814575-0_1_43_jpeg.rf.71f48817c30b034482b6ec56f5c7dfa2.jpg,70F617C5-6AAE-4F46-9E1B-E0AAD5814575-0_1_43_jpeg.rf.71f48817c30b034482b6ec56f5c7dfa2.jpg,1e4bbef363b2db54d6c8744788c0de1dd1a72f0ad1d2b32d2399d040ddc6734d
/home/l2e_ayd/cocoa_research/data/raw/roboflow_cocoa/valid/images/7301A962-8E9E-4C25-9237-4B60F90329B2-23_27_50_jpeg.rf.47b016395d7287ff960c269469d2c7b7.jpg,7301A962-8E9E-4C25-9237-4B60F90329B2-23_27_50_jpeg.rf.47b016395d7287ff960c269469d2c7b7.jpg,531498e3fd6d1fe9f1fa2ec264751d04567786d03230a7e719bd714edef0a084
/home/l2e_ayd/cocoa_research/data/raw/roboflow_cocoa/valid/images/76C7D705-BA63-4A3D-A0CB-C1B76D8A7433-18_21_15_jpeg.rf.90019be646ce3a6454930fb00c1eafac.jpg,76C7D705-BA63-4A3D-A0CB-C1B76D8A7433-18_21_15_jpeg.rf.90019be646ce3a6454930fb00c1eafac.jpg,2b30b2b7d939ba69cd2cd1022e08837dec00f3f28ebbb28e91ecc7ed05603a73
/home/l2e_ayd/cocoa_research/data/raw/roboflow_cocoa/valid/images/77BB75C3-9482-4845-AE75-2B750E1D4D11-20_29_50_jpeg.rf.58a08258902f063ae94c109e4e549f0c.jpg,77BB75C3-9482-4845-AE75-2B750E1D4D11-20_29_50_jpeg.rf.58a08258902f063ae94c109e4e549f0c.jpg,30d1c24fc36615f703c674a6152b46c43de10a19ab0102f3ed538fb8bad84100
/home/l2e_ayd/cocoa_research/data/raw/roboflow_cocoa/valid/images/79018768-2F89-4A6C-8FA0-7D5D3E8DCB22-0_24_24_jpeg.rf.2352217b9a275843412513de6f0cdee1.jpg,79018768-2F89-4A6C-8FA0-7D5D3E8DCB22-0_24_24_jpeg.rf.2352217b9a275843412513de6f0cdee1.jpg,0678f66ed4ec602b67a093fe1e4b353adf7986fe60217cd77ae8b956184d2fe0
/home/l2e_ayd/cocoa_research/data/raw/roboflow_cocoa/valid/images/7A6ACA64-CECD-4D71-BB15-AC6831031302-1_12_25_jpeg.rf.3b7992d7b9dbf2df75ee4199c750de07.jpg,7A6ACA64-CECD-4D71-BB15-AC6831031302-1_12_25_jpeg.rf.3b7992d7b9dbf2df75ee4199c750de07.jpg,a641143ac2be0b478fbfef7c43e41074dfa7befe66ba6881564a0e54c850d09f
/home/l2e_ayd/cocoa_research/data/raw/roboflow_cocoa/valid/images/7A9462C3-AACD-4E03-9328-F4667C27C8AC-1_21_27_jpeg.rf.20e82d927d508859392ad54f48b35859.jpg,7A9462C3-AACD-4E03-9328-F4667C27C8AC-1_21_27_jpeg.rf.20e82d927d508859392ad54f48b35859.jpg,22332bcfb295b44ad9d69a4bdb4f804e6ca2982007ec6f43a84fcef3225b0648
/home/l2e_ayd/cocoa_research/data/raw/roboflow_cocoa/valid/images/7AADDB27-5463-470D-AC43-1EFE7A82D375-22_19_55_jpeg.rf.ce0f9a4c31ab7164664dac136240a804.jpg,7AADDB27-5463-470D-AC43-1EFE7A82D375-22_19_55_jpeg.rf.ce0f9a4c31ab7164664dac136240a804.jpg,5f61faf835e1b5ed8fc95cf55c44920eb13f6d58af70c153fa7103f031bafc13
/home/l2e_ayd/cocoa_research/data/raw/roboflow_cocoa/valid/images/7C563164-82B8-40A7-9976-67DCF3EEC3A7-22_24_43_jpeg.rf.8cbe81ba63522ef63699eaf0ce553b99.jpg,7C563164-82B8-40A7-9976-67DCF3EEC3A7-22_24_43_jpeg.rf.8cbe81ba63522ef63699eaf0ce553b99.jpg,183b1fc15d939333db90422822c7e06e61dd04c48298cfe7a5142b765e3e9da3
/home/l2e_ayd/cocoa_research/data/raw/roboflow_cocoa/valid/images/7F0A3582-1101-4327-B446-4AE4AC53D91F-9_47_12_jpeg.rf.4c52fbc101fd960743995796ee267982.jpg,7F0A3582-1101-4327-B446-4AE4AC53D91F-9_47_12_jpeg.rf.4c52fbc101fd960743995796ee267982.jpg,d8736cd0a676fc9df85129a4a57df6f54ea67edd97c5988f44344372ea33add8
/home/l2e_ayd/cocoa_research/data/raw/roboflow_cocoa/valid/images/7F39BAD5-4255-4413-BFB5-84097604F759-22_13_12_jpeg.rf.c0cc55bc4b3fdfd517ee591b06cfb36b.jpg,7F39BAD5-4255-4413-BFB5-84097604F759-22_13_12_jpeg.rf.c0cc55bc4b3fdfd517ee591b06cfb36b.jpg,d16a92576d94e7748dcaf87773897da505d7c5e2d7048cd71649f7e9b3fb2ad6
/home/l2e_ayd/cocoa_research/data/raw/roboflow_cocoa/valid/images/82DE227E-ED5B-4249-BFBA-EF998CADA277-12_9_7_jpeg.rf.5f25197a73e12b3785ab3a6cf5640492.jpg,82DE227E-ED5B-4249-BFBA-EF998CADA277-12_9_7_jpeg.rf.5f25197a73e12b3785ab3a6cf5640492.jpg,72ca353984a6c59c013813f72fe64a62f39255f834aa3f8fafd8675a716b2702
/home/l2e_ayd/cocoa_research/data/raw/roboflow_cocoa/valid/images/83B9E8C6-B377-4C4B-82D3-EC020E0D6F2A-19_24_44_jpeg.rf.f688d9af6a2a4e7dab1780db7c842cf3.jpg,83B9E8C6-B377-4C4B-82D3-EC020E0D6F2A-19_24_44_jpeg.rf.f688d9af6a2a4e7dab1780db7c842cf3.jpg,cdf68a80d4bbc31935110d9c88271723364f29313b33c51e9994fc25601307b9
/home/l2e_ayd/cocoa_research/data/raw/roboflow_cocoa/valid/images/84707E8E-0F13-4AB5-8EDF-A107D4822AE6-23_4_52_jpeg.rf.12ea2b9a9e26a23facb880cf2c70ffd3.jpg,84707E8E-0F13-4AB5-8EDF-A107D4822AE6-23_4_52_jpeg.rf.12ea2b9a9e26a23facb880cf2c70ffd3.jpg,d4b84f64dce8ffd05d06eba42919378d91f0b146ff5065ee896ae23fa017dd88
/home/l2e_ayd/cocoa_research/data/raw/roboflow_cocoa/valid/images/8500966D-5E8A-4290-B5A0-805C53A4FD2C-10_47_47_jpeg.rf.e92530614feccc633f79d30138b709f3.jpg,8500966D-5E8A-4290-B5A0-805C53A4FD2C-10_47_47_jpeg.rf.e92530614feccc633f79d30138b709f3.jpg,27be56be7815c7c07bbe97069ac2a25fa352343ffb815c701cea0a9d300b1b28
/home/l2e_ayd/cocoa_research/data/raw/roboflow_cocoa/valid/images/85585FAD-9095-47AE-A959-FAA403C4B6B7-22_22_51_jpeg.rf.1d48fe41ba481a847b68a4ba595913b0.jpg,85585FAD-9095-47AE-A959-FAA403C4B6B7-22_22_51_jpeg.rf.1d48fe41ba481a847b68a4ba595913b0.jpg,fa5ba54575de7a29c6c1d75c70e59f9c3446121e34c3fd03f24efe327918ec08
/home/l2e_ayd/cocoa_research/data/raw/roboflow_cocoa/valid/images/86A96A6E-3263-4A34-AD8A-4D3A2712D0EA-1_27_36_jpeg.rf.e023910bec35e6693156fed68ff1104c.jpg,86A96A6E-3263-4A34-AD8A-4D3A2712D0EA-1_27_36_jpeg.rf.e023910bec35e6693156fed68ff1104c.jpg,5a2fcd5ab9249d1a10a35213f42e0a63a0fc4911a862e56d251051f156ed3f64
/home/l2e_ayd/cocoa_research/data/raw/roboflow_cocoa/valid/images/874D39A8-9407-40D9-9B46-3362AF99A3D2-0_31_24_jpeg.rf.6eba843862e34776627a7144f63b5420.jpg,874D39A8-9407-40D9-9B46-3362AF99A3D2-0_31_24_jpeg.rf.6eba843862e34776627a7144f63b5420.jpg,dac6ec89fe8563e74356d5804f7b595c780e6e2f3cbca85a76df9650eb0a7bab
/home/l2e_ayd/cocoa_research/data/raw/roboflow_cocoa/valid/images/87EF5D79-5FB8-43C9-9D0E-A2645D86FB09-0_19_49-1-_jpeg.rf.71750fca7f1b4c398a5260d7409f3275.jpg,87EF5D79-5FB8-43C9-9D0E-A2645D86FB09-0_19_49-1-_jpeg.rf.71750fca7f1b4c398a5260d7409f3275.jpg,4cbc759a3f54ff68ec703dcf937753369c628e7c2f583f5fbd6aad03154afbc0
/home/l2e_ayd/cocoa_research/data/raw/roboflow_cocoa/valid/images/89A4B269-08AF-4891-A4F9-06CF40D24B9D-0_7_3_jpeg.rf.f798d743c689a1208b0c5a2459c0c9b0.jpg,89A4B269-08AF-4891-A4F9-06CF40D24B9D-0_7_3_jpeg.rf.f798d743c689a1208b0c5a2459c0c9b0.jpg,498cd9d74377627eac4704c0364e0a750195a6e401f9e1b2a6cbb28bf837337d
/home/l2e_ayd/cocoa_research/data/raw/roboflow_cocoa/valid/images/89E4BF09-5C6F-4E9F-87DD-1BCD0EF773EB-0_22_1_jpeg.rf.76b6f527946dd0437cae5933246af314.jpg,89E4BF09-5C6F-4E9F-87DD-1BCD0EF773EB-0_22_1_jpeg.rf.76b6f527946dd0437cae5933246af314.jpg,477b3d3f2350178522e3188f9efb9530ea5dc5457c69483a3a5571ea3f2400fc
/home/l2e_ayd/cocoa_research/data/raw/roboflow_cocoa/valid/images/8A8FE26A-5636-410B-A4B0-820BB2B20BA0-23_56_57_jpeg.rf.46ae34a337699f7a465821238748725e.jpg,8A8FE26A-5636-410B-A4B0-820BB2B20BA0-23_56_57_jpeg.rf.46ae34a337699f7a465821238748725e.jpg,43fcf8b299f908b26965a77e0660e4e265e52c22b78b518e96d001222424e348
/home/l2e_ayd/cocoa_research/data/raw/roboflow_cocoa/valid/images/8B505E5A-3755-4A42-A589-13FDD5869041-18_29_36_jpeg.rf.7faa5d67b6b20d5bde0856768badc7e5.jpg,8B505E5A-3755-4A42-A589-13FDD5869041-18_29_36_jpeg.rf.7faa5d67b6b20d5bde0856768badc7e5.jpg,a44d25490f6dd795989c52118b545f6c91251f39b48c94c35c20a7fcfc8d5317
/home/l2e_ayd/cocoa_research/data/raw/roboflow_cocoa/valid/images/8D1C244F-12BB-483B-BAFE-55A3E34D8FE1-0_53_25-1-_jpeg.rf.3df17ac88f1508caed99a45f00762f1c.jpg,8D1C244F-12BB-483B-BAFE-55A3E34D8FE1-0_53_25-1-_jpeg.rf.3df17ac88f1508caed99a45f00762f1c.jpg,767da98dc9e74bb382f4fc4d8ed074cbe268c9518602210f57ced9e0b8db83f8
/home/l2e_ayd/cocoa_research/data/raw/roboflow_cocoa/valid/images/8F89032B-A29C-421F-8953-39BA9705F832-12_31_18_jpeg.rf.d9586064ebee62840b5cd50577a78b23.jpg,8F89032B-A29C-421F-8953-39BA9705F832-12_31_18_jpeg.rf.d9586064ebee62840b5cd50577a78b23.jpg,e93e3e283a3179ada37432b19fae8709e639212f4ecf3dbe564f10940533856a
/home/l2e_ayd/cocoa_research/data/raw/roboflow_cocoa/valid/images/90ED0CE1-DE6C-4987-A218-A775487988AB-8_13_59_jpeg.rf.6666185562343e721b98c76477eb8505.jpg,90ED0CE1-DE6C-4987-A218-A775487988AB-8_13_59_jpeg.rf.6666185562343e721b98c76477eb8505.jpg,f5bef76de32c8e7ed28e45d6136aeb4fe7fd3220acb8ab4405b07fb7ea5f0f32
/home/l2e_ayd/cocoa_research/data/raw/roboflow_cocoa/valid/images/91761134-79F3-4F52-B1E8-4416C9650EF0-20_49_32_jpeg.rf.ef2d6b4f4726d2344c0c5e08ee77685f.jpg,91761134-79F3-4F52-B1E8-4416C9650EF0-20_49_32_jpeg.rf.ef2d6b4f4726d2344c0c5e08ee77685f.jpg,27210a1aaffee549fcea131fdd7e795b1aa7b0ad11c8d2408d58e8cc9fee698b
/home/l2e_ayd/cocoa_research/data/raw/roboflow_cocoa/valid/images/9304449E-5892-4218-9EE4-7D99B81A2F8E-19_53_34_jpeg.rf.437a1cf252bdd029f6876123f10e7710.jpg,9304449E-5892-4218-9EE4-7D99B81A2F8E-19_53_34_jpeg.rf.437a1cf252bdd029f6876123f10e7710.jpg,972cd2b31c83c7d6ab887053100d4e6c24b1b5a5a0027dd51117289c2cacee3d
/home/l2e_ayd/cocoa_research/data/raw/roboflow_cocoa/valid/images/93FCD945-7132-406F-973D-F4D0E1ADC2C8-1_28_24_jpeg.rf.328a10992c74911f5a9a6b582c08176c.jpg,93FCD945-7132-406F-973D-F4D0E1ADC2C8-1_28_24_jpeg.rf.328a10992c74911f5a9a6b582c08176c.jpg,8685c045d372b3728ad59be176bd26f8afb2aa80195a4fb3100e23514e6c2a57
/home/l2e_ayd/cocoa_research/data/raw/roboflow_cocoa/valid/images/9755971D-CEAB-4039-BDA1-685A83E260F3-21_59_32_jpeg.rf.b4b3d60ddcde798ccb95409251951834.jpg,9755971D-CEAB-4039-BDA1-685A83E260F3-21_59_32_jpeg.rf.b4b3d60ddcde798ccb95409251951834.jpg,616c4e6e3710310200728a68f57fa8dc0bada3bfbd67a178a1dc7b2f0e282197
/home/l2e_ayd/cocoa_research/data/raw/roboflow_cocoa/valid/images/98B9708E-06F3-4AEF-A980-B7A46650631B-0_33_14_jpeg.rf.962642ed50cea3ddbcb2de300eb2d5c4.jpg,98B9708E-06F3-4AEF-A980-B7A46650631B-0_33_14_jpeg.rf.962642ed50cea3ddbcb2de300eb2d5c4.jpg,c1d55ec8a638b097c555cbd1e4391c68e4f5f4755a5161d21473ac7bb5bb8f97
/home/l2e_ayd/cocoa_research/data/raw/roboflow_cocoa/valid/images/9956EF7D-2163-4D68-9CF9-D48AEEBA9535-0_55_15-1-_jpeg.rf.8559883f6e17a193c23a74dd531691a9.jpg,9956EF7D-2163-4D68-9CF9-D48AEEBA9535-0_55_15-1-_jpeg.rf.8559883f6e17a193c23a74dd531691a9.jpg,177c990fc569c90a059ef7a0aad8ed199bd7f0b58fdfdee44e353ce7268a3596
/home/l2e_ayd/cocoa_research/data/raw/roboflow_cocoa/valid/images/99903C9B-1F01-4F63-AFBE-6A5BAEA1F969-1_10_9_jpeg.rf.2b073346618679183a017a2f26af3bf3.jpg,99903C9B-1F01-4F63-AFBE-6A5BAEA1F969-1_10_9_jpeg.rf.2b073346618679183a017a2f26af3bf3.jpg,89850486de39b14f1a65369c3d34ebc703ccdfa7233c33c1f8a4179771db20d1
/home/l2e_ayd/cocoa_research/data/raw/roboflow_cocoa/valid/images/9BBDB375-E04C-4FD7-A017-2DD5018D86BF-0_48_32_jpeg.rf.5e6b7b94ff37d1d7a8c223f615c877cd.jpg,9BBDB375-E04C-4FD7-A017-2DD5018D86BF-0_48_32_jpeg.rf.5e6b7b94ff37d1d7a8c223f615c877cd.jpg,543575b6306420dea205e1ce0111ba3d6d2df01e79450613c2feb162d948ca8e
/home/l2e_ayd/cocoa_research/data/raw/roboflow_cocoa/valid/images/9C2DAE27-4994-4A06-A174-376F8325AF57-12_5_16_jpeg.rf.5117dca5934334bc98c86d0bac3eb4eb.jpg,9C2DAE27-4994-4A06-A174-376F8325AF57-12_5_16_jpeg.rf.5117dca5934334bc98c86d0bac3eb4eb.jpg,1ef768c772b423a88ac14773c30a02f91c77eed986be7526bb82f616f2e56fe7
/home/l2e_ayd/cocoa_research/data/raw/roboflow_cocoa/valid/images/9DE895D9-EFA8-4027-9033-31EFF3EE6096-19_9_50-1-_jpeg.rf.baa035571d5ea693843a85abaf8ce044.jpg,9DE895D9-EFA8-4027-9033-31EFF3EE6096-19_9_50-1-_jpeg.rf.baa035571d5ea693843a85abaf8ce044.jpg,def55236100d62514f6bb41c67b42e98444a6fa75d5acf22f5fb3ea88867e4aa
/home/l2e_ayd/cocoa_research/data/raw/roboflow_cocoa/valid/images/9E01CB1A-B242-4A96-B53F-ED5FC09FBDE6-21_3_26_jpeg.rf.21a0216dcb3b07bc6011c4e4dbae2813.jpg,9E01CB1A-B242-4A96-B53F-ED5FC09FBDE6-21_3_26_jpeg.rf.21a0216dcb3b07bc6011c4e4dbae2813.jpg,bdec3df416b437ea3d5b76b80388f3918f4532eed7326ac9410eebd020a5925f
/home/l2e_ayd/cocoa_research/data/raw/roboflow_cocoa/valid/images/9E1E8A6E-C4DC-427D-A0C5-C85450A0F98E-23_7_32_jpeg.rf.62f3f47908d9c2ebe034de8cf33f5a88.jpg,9E1E8A6E-C4DC-427D-A0C5-C85450A0F98E-23_7_32_jpeg.rf.62f3f47908d9c2ebe034de8cf33f5a88.jpg,8d700644923999e67119bb5974bed43f8e2e759faf193129b65e40160635136d
/home/l2e_ayd/cocoa_research/data/raw/roboflow_cocoa/valid/images/9E62DC24-C31B-4B53-BF47-620DA6249D4C-2_39_11_jpeg.rf.c49be02f987a8b18b0e830096ffa79cf.jpg,9E62DC24-C31B-4B53-BF47-620DA6249D4C-2_39_11_jpeg.rf.c49be02f987a8b18b0e830096ffa79cf.jpg,6f77e1ba9b7726e91e389bb935e582eae9dae3878f80de79979e865571ddb46c
/home/l2e_ayd/cocoa_research/data/raw/roboflow_cocoa/valid/images/A3D8C02C-1016-4639-9A90-5529FD903594-1_39_44_jpeg.rf.ebe24ff41ebec219c121f61ccec1ea81.jpg,A3D8C02C-1016-4639-9A90-5529FD903594-1_39_44_jpeg.rf.ebe24ff41ebec219c121f61ccec1ea81.jpg,1fa356348f520efcf74c5b197780da80416ac15fc33c130b2acc09e50ea48acc
/home/l2e_ayd/cocoa_research/data/raw/roboflow_cocoa/valid/images/A477D19A-3F20-4DA2-9D03-89E5C423051F-1_6_14-2-_jpeg.rf.a31b329e35f67c6d15de1ebdba8f438b.jpg,A477D19A-3F20-4DA2-9D03-89E5C423051F-1_6_14-2-_jpeg.rf.a31b329e35f67c6d15de1ebdba8f438b.jpg,ad3f50bdf9d1de656dc459054e3610a278e34e2047236a2b61f486b02cb5d0ac
/home/l2e_ayd/cocoa_research/data/raw/roboflow_cocoa/valid/images/A75AF37F-753F-4682-86A0-C856A242063A-0_52_58_jpeg.rf.44172b6b4a11e5749c8dee40a3cecd0f.jpg,A75AF37F-753F-4682-86A0-C856A242063A-0_52_58_jpeg.rf.44172b6b4a11e5749c8dee40a3cecd0f.jpg,477d3ed6a3aebf4c36a0575b182907c7b35029ec2d2d899ad14f57141f58948f
/home/l2e_ayd/cocoa_research/data/raw/roboflow_cocoa/valid/images/A79E4925-BECE-46AC-90FC-FB8FA3B53308-12_8_59_jpeg.rf.3da6e157852b0e2d649f61836dcbf0c9.jpg,A79E4925-BECE-46AC-90FC-FB8FA3B53308-12_8_59_jpeg.rf.3da6e157852b0e2d649f61836dcbf0c9.jpg,d105b8b4bc3b2896ba1e4761a7de93cd2edae0e64062f792e85cb7f3423bce1c
/home/l2e_ayd/cocoa_research/data/raw/roboflow_cocoa/valid/images/A7D01929-8A58-480F-B239-99BFB5D4C518-0_36_6_jpeg.rf.3e45fec951c1e7aaef223055c4953338.jpg,A7D01929-8A58-480F-B239-99BFB5D4C518-0_36_6_jpeg.rf.3e45fec951c1e7aaef223055c4953338.jpg,eaa2e57e3e6d5f809809d80cdbf70fc4374cbd4e31a1691b5e9abaea14279969
/home/l2e_ayd/cocoa_research/data/raw/roboflow_cocoa/valid/images/A8070F66-8423-41D4-84D9-ED10D38EA542-0_42_22_jpeg.rf.b3a9cdb8e1b221bc4cf13914953f26f4.jpg,A8070F66-8423-41D4-84D9-ED10D38EA542-0_42_22_jpeg.rf.b3a9cdb8e1b221bc4cf13914953f26f4.jpg,16a6bb2a250a9b328d13d2fe70550ec4215267f13206568af171760896891694
/home/l2e_ayd/cocoa_research/data/raw/roboflow_cocoa/valid/images/AA9CC605-66D0-43C5-8E0B-1DCA9F54F69E-20_43_42_jpeg.rf.59764669e4b9d0ac472acf1b474b3ec9.jpg,AA9CC605-66D0-43C5-8E0B-1DCA9F54F69E-20_43_42_jpeg.rf.59764669e4b9d0ac472acf1b474b3ec9.jpg,3424132db046f2106d7a8628e673b8b78b4b1ee06dae1c5fb5c427276ad8e4b4
/home/l2e_ayd/cocoa_research/data/raw/roboflow_cocoa/valid/images/AAB407C2-CFF0-4323-B9B5-C50FE38BC2B6-21_21_53_jpeg.rf.9396398434d0cc06bc1547ed40086993.jpg,AAB407C2-CFF0-4323-B9B5-C50FE38BC2B6-21_21_53_jpeg.rf.9396398434d0cc06bc1547ed40086993.jpg,6ea32c9ea476d504f88f2e659b85836626b915b4bb832bc9f5e423bd3f799e53
/home/l2e_ayd/cocoa_research/data/raw/roboflow_cocoa/valid/images/AB56A4E6-2E29-4504-843F-F47461B0426D-18_21_39_jpeg.rf.ebb22f8803ea9e75072cbdb509cf3425.jpg,AB56A4E6-2E29-4504-843F-F47461B0426D-18_21_39_jpeg.rf.ebb22f8803ea9e75072cbdb509cf3425.jpg,a481e2017c313d1de37e86d598cba27ffdeb39c9940461bd4024e314e6741d0e
/home/l2e_ayd/cocoa_research/data/raw/roboflow_cocoa/valid/images/B2BD133D-BC2C-4DE6-A75D-7C4C02DD100B-21_3_50_jpeg.rf.3ab8a37983013282343b5d87ed4bee12.jpg,B2BD133D-BC2C-4DE6-A75D-7C4C02DD100B-21_3_50_jpeg.rf.3ab8a37983013282343b5d87ed4bee12.jpg,c22461e90d602c0bcb56e225b846f71f7756d1ae4e7f6556aff26c5acf724584
/home/l2e_ayd/cocoa_research/data/raw/roboflow_cocoa/valid/images/B647187B-72B6-4CC7-85C0-196F4512788D-20_31_0_jpeg.rf.f5cfda0b9ba91f62eb1ddd04dd90cc69.jpg,B647187B-72B6-4CC7-85C0-196F4512788D-20_31_0_jpeg.rf.f5cfda0b9ba91f62eb1ddd04dd90cc69.jpg,d43a3452a648af86d0c8c826b0f29c2d95d040619591b4b43713dd8c2f55ba89
/home/l2e_ayd/cocoa_research/data/raw/roboflow_cocoa/valid/images/BBD913B7-C099-4F86-83C3-5CB6E5AF2491-23_29_25_jpeg.rf.388d423bb21f1e7f22588adb7b3d4968.jpg,BBD913B7-C099-4F86-83C3-5CB6E5AF2491-23_29_25_jpeg.rf.388d423bb21f1e7f22588adb7b3d4968.jpg,119be051919d797534bd871ae742839efe6f4cfaeb2dfbf3440d9b0a3ac774b0
/home/l2e_ayd/cocoa_research/data/raw/roboflow_cocoa/valid/images/BDFAE414-12E5-4C51-A2A2-6113D293B53D-22_49_46_jpeg.rf.2f1a50127644af3e9826c1d67611f0e1.jpg,BDFAE414-12E5-4C51-A2A2-6113D293B53D-22_49_46_jpeg.rf.2f1a50127644af3e9826c1d67611f0e1.jpg,aa71beeb332bc7415b6b2281ef8422018059d85c4edef0668e1acdff9390ea24
